,Label,Id,Degree,modularity_class,betweenesscentrality
908,Dune,908,7,28,0.65
1201,Frank_Herbert,1201,6,28,0.2
3505,Siglo_XIV_a._C.,3505,9,6,13531.782095639626
6399,Semana_Santa_en_Lorca,6399,3,3,1918.3868521617508
8521,Luis_Eduardo_Aute,8521,16,22,40076.13243799025
9690,King_Kong_(película_de_1933),9690,2,0,1437.4881452113052
11015,Anacleto,11015,1,7,0.0
11023,Evaristo,11023,2,7,1755.0
11026,Sixto_I,11026,3,7,20166.913721789504
11027,Telesforo,11027,3,7,19537.9817143223
11029,Higinio,11029,2,7,1754.9999999999998
11034,Pío_I,11034,1,7,0.0
12144,Idioma_tagalo,12144,1,22,0.0
13400,Robert_Graves,13400,3,0,18656.916774425335
15038,Mariano_Benlliure,15038,6,3,9565.616096940812
15497,Geografía_de_Indonesia,15497,3,13,3.8583333333333334
16772,Terry_Jones,16772,4,9,41537.38733042486
16839,Popocatépetl,16839,4,13,2.1832045989385054
16887,Michael_Palin,16887,4,9,18019.993305013697
17890,George_Peppard,17890,3,0,1776.166666666667
18217,Michael_York,18217,3,0,1755.0
18821,Günter_Grass,18821,1,5,0.0
19434,Batalla_de_Qadesh,19434,11,6,3216.515923628618
23077,Victoria_Vera,23077,3,20,2366.482996248557
25760,The_African_Queen,25760,1,0,0.0
26051,Karen_Blixen,26051,2,0,8735.61326749467
26341,Eric_Idle,26341,5,9,55199.0
26732,Barbate,26732,2,25,1755.0
26775,Gilda_(película),26775,2,20,5511.1900452644295
26962,Stewart_Granger,26962,3,0,1055.0592313002014
27138,El_tercer_hombre_(película),27138,2,0,943.7401100606561
27148,Izquierda_Republicana,27148,7,5,7394.922171141125
27158,Los_diez_mandamientos_(película_de_1956),27158,21,0,108049.13683844343
27195,Network,27195,1,0,0.0
27218,Las_sandalias_del_pescador,27218,2,19,1755.0
27725,Apache_(película),27725,1,0,0.0
27924,Francesc_Macià,27924,8,5,7798.018698620209
27980,Péplum,27980,43,0,303475.8665973461
28315,A_Fish_Called_Wanda,28315,2,9,18816.548121623004
28483,El_Cid_(película),28483,3,0,139850.09812040027
28518,Horizontes_de_grandeza,28518,2,17,20928.0
28530,Serpico,28530,2,0,1755.0
28687,Moby_Dick_(película_de_1956),28687,1,0,0.0
28696,When_Harry_Met_Sally...,28696,4,11,234988.8231602585
28756,Jean_Peters,28756,2,0,1755.0
30005,Monforte_de_Lemos,30005,5,16,13680.854022646346
30734,Caldera_volcánica,30734,18,13,600.3030380372842
31318,Herodes_Arquelao,31318,3,23,5259.0
32205,Algarve,32205,1,5,0.0
32704,Volcán_en_escudo,32704,5,13,14.328535920244917
35616,Partido_Republicano_Radical_Socialista,35616,13,5,75228.70888489705
36184,Sarre,36184,1,10,0.0
36463,Joss_Stone,36463,1,10,0.0
41186,Lago_Toba,41186,6,13,208.9828506833985
41200,Estrecho_de_la_Sonda,41200,8,13,1256.9106135220065
42708,Diego_Martínez_Barrio,42708,8,5,28358.19642207074
42914,Bloque_Nacionalista_Galego,42914,3,16,6249.918516184292
43724,Gordon_B._Hinckley,43724,5,19,588.6666666666586
45242,Niní_Marshall,45242,3,11,2501.592659514384
47167,El_sentido_de_la_vida,47167,3,9,0.0
48201,Dinastía_XVIII_de_Egipto,48201,17,6,3418.972161075768
48931,Castelao,48931,2,22,8594.034228676404
49702,Mar_Menor,49702,1,20,0.0
50055,Coalición_Canaria,50055,2,16,546.8990981240981
50371,Residencia_de_Estudiantes,50371,2,0,63898.55979292611
51714,Mauna_Loa,51714,6,13,409.70840924243555
52113,Islas_Marquesas,52113,1,22,0.0
53807,Richard_Brooks,53807,7,0,9432.015786664138
53954,Departamento_de_Huancavelica,53954,4,29,7883.500000000001
54690,República_Española,54690,1,5,0.0
55234,Hollywood_Ending,55234,1,0,0.0
55354,Rex_Harrison,55354,5,0,1294.347640757228
55392,Yul_Brynner,55392,11,0,71258.67196321745
57589,Elton_John,57589,12,10,142543.78043325676
59408,George_Martin_(músico),59408,8,10,48558.38571428667
59703,Grazalema,59703,2,19,33134.56002745442
60008,Ángeles_Maestro,60008,1,16,0.0
60880,Torrevieja,60880,1,16,0.0
62383,Sos_del_Rey_Católico,62383,1,20,0.0
63400,Cuota_de_pantalla,63400,6,8,24417.166666666668
64201,Santiago_Casares_Quiroga,64201,6,5,6751.081558901994
64364,Mojinos_Escozíos,64364,3,12,5261.0
67111,El_Chojin,67111,1,22,0.0
67296,Potsdam,67296,3,10,0.0
69481,Anouk_Aimée,69481,1,0,0.0
69695,Luxor,69695,11,6,4458.5835079995095
69977,Prefecto_romano,69977,6,0,35738.90750379821
73793,Manuel_Baquedano,73793,2,14,1755.0
73834,Patinaje,73834,2,30,1755.0
75423,Red_Special,75423,2,10,0.0
76144,Éibar,76144,6,3,322075.72940028325
76374,Provincia_de_Frisia,76374,4,30,4673.999999999998
77510,José_Antonio_Abellán,77510,3,12,85444.6886521516
78055,Rentería,78055,3,16,56054.85597561483
78173,Quini,78173,6,24,29920.400681621228
78626,Rota,78626,3,3,3509.0
78736,Sublevación_de_Jaca,78736,4,5,5407.0280329116185
79946,Auriga,79946,3,6,4019.6835340620064
82391,Tarso_(Turquía),82391,3,6,3509.0
84894,Herculano,84894,9,13,127916.78752400698
85948,Huancavelica,85948,2,29,3508.0
87653,Isquia,87653,1,6,0.0
87732,Gregorio_Peces-Barba,87732,3,5,9127.859691355028
88999,Manresa,88999,11,5,156811.52953477163
89590,Ángel_Herrera_Oria,89590,2,5,697.2420386545001
92569,Operación_Cóndor,92569,3,16,3509.0
93248,Francisco_Pi_y_Margall,93248,1,3,0.0
93296,Alfonso_Guerra,93296,4,25,7741.415984813497
93423,Comandante,93423,3,5,16434.43583397279
95059,Torcuato_Fernández-Miranda,95059,5,5,20821.19819257956
95360,Abate_Marchena,95360,1,5,0.0
95600,Estado_de_Derecho,95600,3,5,20955.0
96127,Manuel_Gutiérrez_Mellado,96127,4,5,27228.533180778784
97012,Krakatoa,97012,14,13,4130.341688800676
97138,Segismundo_Casado,97138,5,5,18608.01336770497
98196,Estratovolcán,98196,18,13,3903.820977788413
98434,Cinturón_de_Fuego_del_Pacífico,98434,25,13,33079.22753940235
99019,Agustín_González,99019,8,20,15426.725532088785
99149,Merenptah,99149,9,6,2713.7585192620054
102232,Silvana_Mangano,102232,3,0,17460.0
104151,Hotel,104151,4,13,5262.0
105654,Reliquia_cristiana,105654,11,3,161494.71119146413
105950,Ptah,105950,9,6,6405.728003705945
106041,Così_fan_tutte,106041,4,7,9815.67608661654
106206,Julián_Besteiro,106206,8,5,77318.21301719126
108617,Mitra_(dios_romano),108617,1,6,0.0
109084,Armario,109084,2,13,7008.0
111269,Batalla_de_las_Horcas_Caudinas,111269,1,13,0.0
111475,Las_Supremas_de_Móstoles,111475,2,3,7008.0
111982,Sestercio,111982,2,0,1958.7370812518395
113838,Calanda,113838,5,0,10174.437780954064
114015,The_Game_(álbum),114015,9,10,2565.5437229437734
114114,Javier_Sardà,114114,2,22,1755.0
114465,Rusalka_(ópera),114465,1,7,0.0
115302,Strawberry_Fields_Forever,115302,4,10,15731.0
115837,Estadio_Olímpico_Lluís_Companys,115837,3,12,12708.543714176822
115969,Miguel_Herrero_y_Rodríguez_de_Miñón,115969,3,5,8543.316685916217
116345,Segunda_República_Española_en_el_exilio,116345,13,5,45566.245964918824
120182,Joan_Comorera_i_Soler,120182,4,5,5206.224227682075
122355,Don_Pasquale,122355,3,7,482.7533785514755
122508,Córdoba_Club_de_Fútbol,122508,7,1,36232.37352100599
122641,Nelson_Tapia,122641,5,15,4751.100296608582
124534,Pío_VIII,124534,1,7,0.0
125314,Pía_Sociedad_de_San_Francisco_de_Sales,125314,3,3,92597.33552955724
125532,Technicolor,125532,8,0,11999.14334869584
125533,Juan_Carlos_Altavista,125533,5,11,3479.0094406918433
125756,Lucía_Etxebarria,125756,2,12,1754.9999999999998
125770,Noche_de_reyes,125770,4,19,7370.7955321095005
126884,Calella,126884,1,16,0.0
128226,Copa_Saporta,128226,11,4,31333.666666666664
128687,Tato_Bores,128687,7,11,100941.61446657013
129124,Invierno_nuclear,129124,2,13,0.0
129317,Provincia_de_Huarochirí,129317,2,29,1755.0000000000002
129494,Marco_Fidel_Suárez,129494,1,13,0.0
129769,Sublevación_de_Cataluña,129769,3,5,0.0
130546,Jacques_Brel,130546,4,22,5261.0
130660,Albufera,130660,4,20,1784.1053030303065
130867,Palomares,130867,2,5,5259.0
131264,Palio_(indumentaria_religiosa),131264,2,19,6999.749668434162
132508,Tom_Wolfe,132508,1,10,0.0
133247,Baldaquino,133247,3,7,9097.777527761576
133498,Ricardo_Zamora,133498,1,1,0.0
133578,Incidente_ovni_de_Manises,133578,2,25,1755.0
133957,Crisis_de_los_rehenes_en_Irán,133957,1,25,0.0
136122,José_Ramón_Alexanko,136122,5,24,4401.21315208105
136303,Triana_(Sevilla),136303,10,3,45192.72339719054
136397,Txiki_Begiristain,136397,3,24,0.0
137828,Michael_Reiziger,137828,1,1,0.0
139820,Juanele,139820,1,24,0.0
139939,Dolores_González_Catarain,139939,4,16,4768.365464501016
140528,Gregorio_Fernández,140528,8,3,219747.2397282355
140965,Tequila_(banda),140965,2,10,19195.0
141476,Kiko_Veneno,141476,3,10,8759.0
141671,Játiva,141671,1,12,0.0
141911,Mario_Onaindia,141911,7,16,2887.302449832301
141914,Muddy_Waters,141914,4,10,5287.2642857142855
142726,Mitanni,142726,5,6,100.78833605119534
142988,Ramón_Calderé,142988,1,24,0.0
143641,Pedro_Guerra,143641,1,22,0.0
143744,Miguel_Ángel_Nadal,143744,3,1,6024.037983721757
143927,Miguel_Ángel_Blanco,143927,2,25,1755.0
143972,Meles_Zenawi,143972,2,11,1755.0
145275,Carlos_Busquets,145275,3,1,5685.872367553564
145288,Víctor_Muñoz,145288,4,24,18501.900987143345
145530,Ramón_Tamames,145530,1,2,0.0
146674,Corín_Tellado,146674,1,5,0.0
147373,Landelino_Lavilla,147373,6,5,11698.674995338242
149244,Miguel_Ángel_Rodríguez_«El_Sevilla»,149244,2,12,7008.0
149463,Santa_Faz,149463,6,3,14437.078680579967
149956,Sitio_de_Barcelona_(1713-1714),149956,4,5,342.9335230201121
151547,Forges,151547,2,22,3508.0
152031,Duncan_Idaho,152031,5,28,0.0
152434,Gremlin,152434,4,21,10500.5
154227,Volcán_de_Colima,154227,7,13,19606.464823003138
156978,Vicente_Rodríguez_Guillén,156978,1,1,0.0
157142,Paul_Atreides,157142,7,28,0.65
157944,Club_Deportivo_Numancia_de_Soria,157944,11,1,11615.505834580514
159424,Brian_Wilson,159424,4,10,68293.25441825659
160145,Mariano_Mores,160145,1,11,0.0
160216,Like_a_Prayer,160216,4,10,1755.0
162293,Cervera,162293,2,5,1755.0
162356,Báculo_pastoral,162356,1,3,0.0
162838,Casa_Pontificia,162838,4,19,2653.626630208085
163188,Iván_Pedroso,163188,2,24,0.0
164375,Orden_de_los_Hermanos_Menores_Capuchinos,164375,6,19,44531.11594288032
165105,Peñíscola,165105,5,16,149513.68673762056
165151,Goldfinger_(película),165151,3,19,3508.0
167883,Arenas_Club,167883,1,1,0.0
169856,Clarence_Acuña,169856,5,15,470.837592733812
170373,Jornada_Mundial_de_la_Juventud,170373,1,3,0.0
174110,Óscar_Téllez,174110,3,1,8792.676336912473
174157,Xitle,174157,1,13,0.0
176898,Javier_Krahe,176898,1,22,0.0
179781,Bandera_de_Navarra,179781,1,16,0.0
179888,Zoran_Savić,179888,1,4,0.0
179968,Felipe_Neri,179968,1,7,0.0
181019,Historia_de_los_ministerios_de_Cultura_de_España,181019,5,25,13985.666666666668
181684,Unión_del_Pueblo_Navarro,181684,4,16,13149.614545769855
182849,Francisco_de_la_Torre_Prados,182849,3,2,7487.000269160863
182861,Asís,182861,1,0,0.0
182919,Poli_Rincón,182919,1,24,0.0
183714,Requena_(España),183714,1,20,0.0
184212,Ministro_del_Interior_(España),184212,1,5,0.0
184410,Radomir_Antić,184410,8,1,8765.0
184661,Fran_Yeste,184661,3,12,770.6702931571351
187293,Tip_y_Coll,187293,4,20,42830.31665234213
187297,Luis_Sánchez_Polack,187297,5,20,25404.53634379659
187299,José_Luis_Coll,187299,3,20,3940.5646594861087
190510,José_Ángel_Iribar,190510,5,24,241.11490892619986
191669,Día_de_Cataluña,191669,3,5,4268.6699655008315
192115,Txetxu_Rojo,192115,9,24,31664.675479093046
193456,Fermín_Cacho,193456,2,24,0.0
194308,Volcán_Galeras,194308,7,13,2329.654689906226
194430,Lloret_de_Vista_Alegre,194430,1,5,0.0
194527,Luciano_Galletti,194527,3,24,1774.8956476529936
196514,Rubí_(Barcelona),196514,1,5,0.0
196743,Teruel_Existe,196743,2,16,1755.0
196858,Jimmy_Floyd_Hasselbaink,196858,2,1,137.46197478991553
196885,Pablo_Bengoechea,196885,4,1,13984.0
198906,Kiko_(futbolista),198906,9,1,95483.67733609487
198963,Barbara_Bach,198963,4,19,4331.441294177583
198972,Carroll_Baker,198972,3,0,22678.279761904767
199280,Anita_Ekberg,199280,3,0,2387.803233800048
199785,HMS_Invincible_(R05),199785,2,9,3508.0
200857,8½,200857,2,0,1755.0
202553,Tribuno,202553,2,0,1755.0000000000002
203689,Cardiopatía_congénita,203689,1,5,0.0
203927,Carlos_Gaviria_Díaz,203927,1,8,0.0
205178,José_Eulogio_Gárate,205178,2,19,27885.77792970435
206684,Ilegales_(banda_dominicana),206684,1,14,0.0
207320,El_Puente_del_Arzobispo,207320,1,24,0.0
207570,Carmen_Vázquez-Vigo,207570,1,20,0.0
207736,Francisco_Mujika_Garmendia,207736,3,16,16.609523809523807
208119,Sam_Peckinpah,208119,2,0,1755.0
209025,Pinatubo,209025,10,13,918.0356450920895
209172,Adar,209172,1,23,0.0
209222,ETA_Berri,209222,2,5,0.0
209413,Patxi_Iturrioz,209413,6,5,9202.267182196258
209421,Rosario_Pardo,209421,1,12,0.0
211054,Amenofis_III,211054,14,6,3258.2868768245394
211591,Guillena,211591,1,3,0.0
212859,Los_Pekenikes,212859,3,22,1755.0
217090,José_Luis_Sierra_(futbolista_chileno),217090,10,15,3569.490082853567
218855,Evangelio_de_Nicodemo,218855,4,3,8470.919374687106
219339,Tenor_lírico,219339,4,7,7535.90525751744
221030,Evangelio_de_Pedro,221030,2,3,1755.0
221457,Artūras_Karnišovas,221457,1,4,0.0
224626,Acción_Republicana,224626,4,5,1761.3869047619066
224866,José_Luis_Pérez_Caminero,224866,2,1,0.0
226106,Pedro_de_Mena,226106,4,3,10376.538905811476
226500,Punto_caliente_(geología),226500,1,13,0.0
228010,Cecil_B._DeMille,228010,20,0,99456.67902122895
228326,Leo_Caprile,228326,2,14,0.0
228402,Zoé_Valdés,228402,1,12,0.0
229962,Macarena_(Sevilla),229962,5,3,3016.0829097668343
230593,Kīlauea,230593,5,13,1929.6896083479298
231078,Bayern_de_Múnich,231078,18,1,244705.85548648238
231810,Montanejos,231810,2,2,0.0
232624,Quique_Andreu,232624,1,4,0.0
235523,Procopio_de_Cesarea,235523,4,6,33297.69911003253
238075,Hérulos,238075,3,6,17469.0
238550,Ablación_(medicina),238550,1,3,0.0
238555,Milinko_Pantić,238555,4,1,3187.4277170416185
238624,Estado_socialista,238624,2,16,3507.9999999999995
238760,Antonio_Pérez_del_Hierro,238760,3,5,17485.0
238929,José_Manuel_Caballero_Bonald,238929,1,22,0.0
239343,Monte_Santa_Helena,239343,8,13,18.774406204930983
239485,Campeonato_Mundial_de_Clubes_de_la_FIFA_2000,239485,2,24,1755.0
239879,Santi_Ezquerro,239879,1,24,0.0
239981,Literatura_de_Paraguay,239981,1,16,0.0
242731,Semana_Santa_en_Zamora,242731,5,3,58505.48873919384
242923,Pep_Guardiola,242923,7,1,78217.44836434368
244101,Candidatura_de_Unidad_Popular,244101,3,16,3509.0
246613,Costalero,246613,6,3,231.20901632462682
248024,Christian_Karembeu,248024,1,1,0.0
248110,Eleanor_Rigby,248110,3,10,5.0
249093,Caso_Bosman,249093,1,1,0.0
249172,Juan_de_Mesa,249172,10,3,1269.475340111688
249203,Ctesifonte,249203,2,6,26050.023399393915
249224,Antonio_Castillo_Lastrucci,249224,17,3,41677.27839958599
249429,Joan_Plowright,249429,4,19,11899.190218091351
249596,Yago_Lamela,249596,2,24,0.0
249788,Pancreatitis,249788,1,1,0.0
250110,Mariano_Pernía,250110,2,24,0.0
250118,Cosmin_Contra,250118,4,1,2221.0567996438344
250999,Valentín_Trujillo_(pianista),250999,6,14,3896.6292841837835
251639,Anjesenamón,251639,4,6,602.3598751374896
251859,Irene_Villa,251859,1,25,0.0
252085,Guernica_y_Luno,252085,2,16,11811.092127560392
252159,Flujo_piroclástico,252159,15,13,29514.44402177882
252366,Josep_Ramoneda,252366,1,5,0.0
253350,Ramón_Novarro,253350,4,0,2359.131393163038
256802,Sampedor,256802,3,5,71163.60907441642
257236,Herbie_Hancock,257236,1,19,0.0
257960,Estadio_Municipal_Alcaldesa_Ester_Roa_Rebolledo,257960,4,15,5280.367140386294
258128,Puerto_San_Julián,258128,1,9,0.0
258734,Love_of_My_Life,258734,3,10,0.5075757575757576
259404,Gomaespuma_(programa_de_radio),259404,3,12,827.148015873016
260348,Olivia_Hussey,260348,7,0,15955.692885623725
262714,El_ejército_de_las_tinieblas,262714,1,0,0.0
263732,Michael_Johnson_(atleta),263732,2,24,1755.0
263881,Severiano_Ballesteros,263881,6,2,989.308008533984
266754,Volver_a_empezar,266754,1,20,0.0
267224,Belle_Époque_(película),267224,2,16,13152.358107846374
269805,Lewis_Wallace,269805,3,0,1770.382586214453
272295,Popea_Sabina,272295,2,0,4650.089053499089
274793,David_Byrne,274793,1,11,0.0
276230,Ramsés,276230,6,6,21420.006643026638
278818,Rafaela_Aparicio,278818,3,20,3509.0
283138,José_Ramón_Esnaola,283138,4,24,0.2
284557,Andrea_Bocelli,284557,8,7,34202.00363878418
285176,Dos_y_pingada,285176,1,3,0.0
285854,José_María_Forqué,285854,7,20,23994.65069756907
287442,Sindicato_de_Estudiantes,287442,1,25,0.0
288009,Federico_Krutwig,288009,2,5,0.0
289849,Carla_Hidalgo,289849,2,12,3507.9999999999995
291939,Jordi_Estadella,291939,1,20,0.0
292410,Wolverine,292410,14,18,2753.490476190451
293902,Así_en_el_cielo_como_en_la_tierra,293902,1,20,0.0
295311,Luis_Alcoriza,295311,3,0,1813.5645031414774
296971,Horemheb,296971,10,6,13663.146499581935
297335,Miguel_Bardem,297335,4,12,13999.0
297807,Meritatón,297807,7,6,1759.5880952380953
298242,Rafael_Rullán,298242,1,4,0.0
298515,Pablo_Gabriel_García_Pérez,298515,1,24,0.0
298645,Acia,298645,1,20,0.0
299253,Semenejkara,299253,6,6,590.7269936343139
302071,Peio_Uralde,302071,1,24,0.0
302276,María_Angélica_Cristi,302276,1,15,0.0
302356,Luis_María_López_Rekarte,302356,3,24,0.0
302926,Revista_Semana_(Colombia),302926,7,8,19243.0
303283,Grateful_Dead,303283,2,0,1755.0
303378,Guus_Hiddink,303378,3,1,7870.625711501586
303751,Amedeo_Carboni,303751,2,1,6777.493213685343
304360,Madián,304360,3,27,5349.137296703557
306899,Daniel_Coronell,306899,2,8,1755.0
307663,Estadio_de_Mestalla,307663,16,1,238343.648825138
307819,Pirri_(futbolista),307819,3,24,5261.0
308342,Estadio_Internacional_de_Yokohama,308342,1,24,0.0
308423,El_Niño_Gusano,308423,1,4,0.0
308568,Javier_Fesser,308568,3,12,4388.093138188292
308908,Pipino_de_Heristal,308908,4,30,2.0
311880,Caifás,311880,15,0,79781.5459439415
312954,El_viaje_a_ninguna_parte_(película),312954,3,20,3508.0
321099,Havok_(cómic),321099,7,18,2.35
321565,Charles_Xavier,321565,6,18,5170.316666666733
323452,X-Men,323452,19,18,33068.314285716
323547,Paco_Ibáñez,323547,3,22,48245.299104656944
325446,Laura_Valenzuela,325446,2,20,17086.371634917818
327460,Mano_a_mano_(álbum),327460,1,22,0.0
327733,Misa_de_Gallo,327733,1,7,0.0
330422,Pedro_Reyes_(futbolista),330422,3,15,0.0
330503,Arthur_Kennedy,330503,2,0,0.0
332631,Savo_Milošević,332631,2,24,13364.084513030964
333396,Jessica_Tandy,333396,1,0,0.0
333627,Catedral_Primada_de_Colombia,333627,1,7,0.0
333970,Paul_Rodgers,333970,4,10,3510.407142857143
334204,Incidente_de_Palomares,334204,2,5,7008.0
334373,Defensor_del_Pueblo_(España),334373,6,25,8778.52259838194
334997,"Las_Hurdes,_tierra_sin_pan",334997,3,0,66233.81303951978
335056,El_gran_Calavera,335056,3,0,4557.789102506896
335380,Cadena_100,335380,5,12,82319.7719854849
335495,Asociación_Deportiva_Atenas,335495,2,4,1755.0
337015,Estadio_Hillsborough,337015,1,8,0.0
337579,Nazarín_(película),337579,5,0,30453.01048654993
337765,Misti,337765,3,13,7.699956445993033
338107,Ramsés_V,338107,5,6,3024.6571799772005
339352,Ramsés_III,339352,8,6,7483.503396417643
340905,Ramsés_IV,340905,4,6,1530.5465758023029
341000,Sethnajt,341000,4,6,483.33701766986593
341095,Rut_(nombre),341095,2,0,1694.4904761904763
342794,Marcia_Cross,342794,1,19,0.0
343478,Petronio,343478,4,0,8436.324253313815
345694,Guillermo_Fesser,345694,4,12,6615.013643663232
346866,Julia_(hija_de_Julio_César),346866,1,20,0.0
347773,Ramsés_VI,347773,2,6,0.0
350630,José_Francisco_Molina,350630,4,1,572.8902942154039
354593,Tachenko,354593,2,4,1755.0000000000002
356123,The_Immaculate_Collection,356123,3,10,0.0
357770,N-340,357770,1,12,0.0
358371,Joe_Dante,358371,5,21,17469.5
358616,Beth_(cantante),358616,1,10,0.0
358629,Miguel_Ángel_Angulo,358629,2,1,0.0
358761,Finlay_Currie,358761,2,0,0.0
358799,Mista,358799,2,1,3269.464820244507
364059,Amenmeses,364059,4,6,4.491666666666666
366307,El_Barco_de_Valdeorras,366307,2,16,1755.0
367452,Manuel_Summers,367452,2,20,3389.817995093807
369150,Alfredo_Casero,369150,1,19,0.0
372249,Vía_Apia,372249,3,13,3974.281868988877
372691,Albert_Pla,372691,4,10,5262.0
376791,Vincenzo_Montella,376791,1,1,0.0
377669,Copa_Mundial_de_Rugby_de_2007,377669,3,15,5261.0
378153,Carlos_Herrera_(periodista),378153,3,5,1769.6573227901881
381521,Hermandad_del_Cerro_(Sevilla),381521,4,3,2182.9174366808606
381522,Hermandad_de_los_Javieres_(Sevilla),381522,2,3,4.5
381524,Hermandad_de_los_Estudiantes_(Sevilla),381524,5,3,2889.5008875785875
381526,Hermandad_de_la_Candelaria_(Sevilla),381526,1,3,0.0
381527,Hermandad_del_Dulce_Nombre_(Sevilla),381527,6,3,1614.1166450883586
381528,Hermandad_de_Santa_Cruz_(Sevilla),381528,1,3,0.0
381541,Hermandad_de_la_Amargura_(Sevilla),381541,2,3,93.49325755943411
381542,Hermandad_de_la_Estrella_(Sevilla),381542,3,3,2276.0060591642177
381543,Hermandad_de_San_Roque_(Sevilla),381543,2,3,79.57741136858776
381544,Hermandad_de_la_Hiniesta_(Sevilla),381544,2,3,425.6892073364975
381545,Hermandad_de_la_Cena_(Sevilla),381545,7,3,5599.340546631317
381547,Hermandad_de_la_Paz_(Sevilla),381547,2,3,472.13564012491565
381548,Hermandad_de_Jesús_Despojado_(Sevilla),381548,2,3,10.328971845148315
381549,Hermandad_del_Amor_(Sevilla),381549,3,3,2261.2354008142124
381562,Hermandad_del_Museo_(Sevilla),381562,2,3,111.4117881832324
381563,Hermandad_de_las_Aguas_(Sevilla),381563,3,3,2904.5339840796632
381564,Hermandad_de_las_Penas_(Sevilla),381564,2,3,303.5446813505868
381565,Hermandad_de_la_Vera_Cruz_(Sevilla),381565,2,3,669.5265934118265
381567,Hermandad_de_Santa_Marta_(Sevilla),381567,2,3,582.6500119513111
381568,Hermandad_de_Santa_Genoveva_(Sevilla),381568,3,3,2067.3929398700216
381569,Hermandad_de_la_Redención_(Sevilla),381569,3,3,1053.6141796474872
381577,Hermandad_de_los_Panaderos_(Sevilla),381577,4,3,2184.315669194872
381579,Hermandad_del_Cristo_de_Burgos_(Sevilla),381579,2,3,11.994538794538796
381580,Hermandad_del_Baratillo_(Sevilla),381580,6,3,2261.5423614581387
381581,Hermandad_de_la_Lanzada_(Sevilla),381581,11,3,20078.11301515038
381582,Hermandad_del_Buen_Fin_(Sevilla),381582,3,3,127.68866770855364
381583,Hermandad_de_San_Bernardo_(Sevilla),381583,4,3,217.78810827318435
381584,Hermandad_de_la_Sed_(Sevilla),381584,4,3,2512.047171750648
381594,Hermandad_de_Pasión_(Sevilla),381594,4,3,10.483838383838384
381595,Hermandad_del_Valle_(Sevilla),381595,5,3,1291.5781758486926
381596,Hermandad_de_la_Quinta_Angustia_(Sevilla),381596,4,3,3841.4954307978646
381597,Hermandad_de_Monte-Sion,381597,6,3,1136.7363000717774
381598,Hermandad_de_las_Cigarreras_(Sevilla),381598,5,3,741.5888463582388
381599,Hermandad_de_la_Exaltación_(Sevilla),381599,3,3,250.32525772608093
381600,Hermandad_de_los_Negritos_(Sevilla),381600,2,3,69.48123104965211
381616,Hermandad_del_Calvario_(Sevilla),381616,4,3,650.7365512732299
381617,Hermandad_de_la_Macarena_(Sevilla),381617,23,3,74344.40288436133
381618,Hermandad_de_Jesús_del_Gran_Poder,381618,14,3,9936.611257955656
381619,Hermandad_del_Silencio_(Sevilla),381619,6,3,727.6363115903674
381630,Hermandad_de_la_Sagrada_Mortaja_(Sevilla),381630,3,3,626.8248497359912
381632,Hermandad_de_San_Isidoro_(Sevilla),381632,3,3,35.05448587767038
381633,Hermandad_de_la_O_(Sevilla),381633,6,3,4105.950887694396
381634,Hermandad_del_Cachorro_(Sevilla),381634,6,3,9728.471105955676
381636,Hermandad_de_la_Carretería_(Sevilla),381636,4,3,724.3308667637492
381654,Hermandad_de_la_Soledad_de_San_Lorenzo_(Sevilla),381654,2,3,75.00696559602913
381655,Hermandad_del_Santo_Entierro_(Sevilla),381655,15,3,12002.759029404047
381656,Hermandad_de_la_Trinidad_(Sevilla),381656,4,3,4603.65251961106
381657,Hermandad_de_los_Servitas_(Sevilla),381657,2,3,1127.5084835973455
381659,Hermandad_de_la_Resurrección_(Sevilla),381659,3,3,64.48954346702004
381752,Roberto_López_Ufarte,381752,3,24,0.0
386003,Primera_División_de_España_1997-98,386003,7,1,17851.84265951693
386177,Ana_Álvarez,386177,1,0,0.0
386612,Sávio_Bortolini,386612,4,24,7498.30923317484
386912,Primera_División_de_España_1996-97,386912,7,1,19538.128908356517
387785,Rodolfo_Martín_Villa,387785,4,5,11716.82028315197
389390,Escudo_de_la_Segunda_República_Española,389390,1,5,0.0
390091,Cleopatra_Selene_II,390091,2,20,0.0
390884,Cardumen,390884,1,0,0.0
394408,Rafael_Araneda,394408,16,14,13247.648609577172
395337,Martin_Landau,395337,3,27,12120.86270329645
397309,Luton_Town_Football_Club,397309,1,1,0.0
397712,Ayuntamiento_de_Málaga,397712,4,2,21425.26711400885
398275,Club_Brujas,398275,6,1,26139.549096850897
400544,Estrella_de_Belén,400544,1,0,0.0
406190,Mike_Starr,406190,1,10,0.0
409056,Terrorismo_en_España,409056,4,16,5586.775705216843
409107,Quiñenco_(empresa),409107,1,14,0.0
409563,Soledad_Becerril,409563,4,25,15724.833333333332
409874,Supervolcán,409874,12,13,2011.815305298962
411936,Anastasis,411936,2,3,2184.19925955961
413218,Nelson_Acosta,413218,12,15,17711.433971696457
413773,Valle_de_las_Reinas,413773,6,6,1771.7067584548238
414463,Almirante_Kuznetsov,414463,2,9,1755.0
414923,Sedevacantismo,414923,1,19,0.0
415205,Tim_Cahill,415205,1,1,0.0
418513,Pepe_Rei,418513,4,16,8815.639619209964
418840,Primera_División_de_España_1989-90,418840,2,1,15723.0
419681,Sotana,419681,1,19,0.0
419866,Seti_II,419866,8,6,537.074105458802
420091,Mutnedymet,420091,4,6,373.58202111261716
421212,Kiya,421212,8,6,980.654777901024
422859,Émerson_Ferreira_da_Rosa,422859,1,1,0.0
422896,George_Herbert_de_Carnarvon,422896,3,6,229.420482780488
424070,Gloria_in_excelsis,424070,3,7,18061.67139087154
424579,Julen_Madariaga,424579,2,5,0.0
425557,Siptah,425557,7,6,1014.6283587777451
425598,Tuya_(reina),425598,3,6,87.60165595217173
425827,Antonio_y_Cleopatra,425827,3,20,8814.489723418925
426877,Benito_Zambrano,426877,1,11,0.0
427988,Merche,427988,2,12,15674.021985484824
428971,Javier_Portillo,428971,1,24,0.0
429510,Francisco_Javier_García_Gaztelu,429510,4,25,20437.1410247505
429818,Miguel_de_la_Quadra-Salcedo,429818,1,25,0.0
430016,Antonio_María_Rouco_Varela,430016,2,3,1755.0
431028,Meritamón,431028,5,6,17.09183174590092
431702,Like_a_Prayer_(canción),431702,3,10,0.0
432725,Abigaíl_(personaje_bíblico),432725,1,0,0.0
432737,Rory_Gallagher,432737,2,10,1755.0
434887,Isis-Nefert,434887,7,6,2607.871321744231
435647,Dorestad,435647,3,30,0.0
436886,Tausert,436886,4,6,7.122222222222222
437019,Ángel_Cabrera_(golfista),437019,3,2,0.0
439338,Temporada_2006_del_Campeonato_del_Mundo_de_Motociclismo,439338,1,5,0.0
439422,Gelem_Gelem,439422,1,0,0.0
440059,Bandera_gitana,440059,2,0,1755.0
444878,Der_Spiegel,444878,2,11,1755.0
445646,Willy_Sagnol,445646,2,1,18301.946807494307
446093,Marcelo_Vega,446093,2,15,0.0
446113,Javier_Margas,446113,4,15,1893.474664031895
446555,Club_de_Regatas_Vasco_da_Gama,446555,2,4,3508.0
446842,Nick_Valensi,446842,4,10,0.0
449121,Juan_Luis_Cano,449121,3,12,31.274732620320858
450644,Esther_Arroyo,450644,2,12,1754.9999999999998
451059,Guardianes_de_la_Galaxia_(Marvel_Comics),451059,2,18,0.0
452305,X-Men_2,452305,7,18,2.9999999999999996
452450,Date_Movie,452450,5,11,8764.000000000002
454077,Pertur,454077,4,16,5302.542016806721
455915,Agustín_Pichot,455915,2,15,1755.0
457023,Pedro_Ruiz,457023,1,22,0.0
458860,Jack_Nicklaus,458860,4,2,1755.1666666666667
459561,Primera_División_de_España_1986-87,459561,4,24,40884.900379552324
461243,QV66,461243,1,6,0.0
465824,Sonny_Anderson,465824,2,1,997.0802938578922
466159,Primera_División_de_España_1981-82,466159,3,24,244.9899977709787
467029,Argala,467029,5,16,15884.11436818293
468628,Bixente_Lizarazu,468628,2,1,11633.719836509517
470594,Superman_II,470594,3,21,5261.0
470687,Superman_III,470687,2,21,1755.0
470693,Superman_IV,470693,1,21,0.0
470960,Raly_Barrionuevo,470960,2,11,1755.0
473426,María_Soledad_Morales,473426,1,11,0.0
475293,Estadio_Helmántico,475293,1,1,0.0
480974,Franco_Zeffirelli,480974,12,0,51571.56263985824
483053,Berklee_College_of_Music,483053,1,10,0.0
484582,Dalton_Trumbo,484582,2,0,5.666666666666669
485947,Joaquín_Leguina,485947,1,25,0.0
486954,Campeonato_Mundial_de_Baloncesto_de_1986,486954,13,4,60515.0
487293,Ananías,487293,2,6,1755.0
487418,Tormenta_(cantante),487418,2,11,1755.0
490265,Marilina_Ross,490265,1,11,0.0
491341,Mabel_Rivera,491341,3,22,6922.700895343076
492994,Ernesto_Chao,492994,1,22,0.0
493683,Maria_Carta,493683,2,0,0.0
493888,Villabrágima,493888,1,3,0.0
494149,Abel_Antón,494149,2,24,13984.0
494906,Manuel_Lozano,494906,1,22,0.0
498474,Eres_tú,498474,3,3,5259.0
499729,Teresa_Parodi,499729,2,9,3508.0
504223,Oskar_Matute,504223,2,16,0.0
505399,Eduardo_Fuentes,505399,10,14,5715.7767618432645
506995,Campeonato_Mundial_de_Baloncesto_de_1990,506995,6,4,3520.0000000000005
507232,Índice_de_explosividad_volcánica,507232,24,13,44451.640992509725
507837,Dani_García_Lara,507837,1,24,0.0
510526,Ministerio_de_Justicia_(España),510526,5,25,2462.907142857143
512128,Museo_Egipcio_de_El_Cairo,512128,7,6,6592.4014131396
513459,Teletón_1978_(Chile),513459,10,14,184323.461723677
519197,Joseph_L._Mankiewicz,519197,2,0,0.0
519291,Patricia_Sosa,519291,2,11,11045.013621951346
520637,Cirene,520637,1,13,0.0
524148,Teletón_2006_(Chile),524148,9,14,5328.305745472016
525018,Saint-Étienne,525018,6,15,20896.875324366803
526631,Tommy_Rey,526631,4,14,155.00799132312937
526644,La_Sonora_de_Tommy_Rey,526644,13,14,7881.401466459947
527274,Woody_Strode,527274,6,0,9452.306529635081
532248,Juan_de_Escobedo,532248,2,5,7008.0
532427,"Albert_Hammond,_Jr.",532427,4,10,0.0
532875,Corferias,532875,2,7,18729.143690102952
537445,Claudio_de_Lorena,537445,1,6,0.0
538322,Palacio_de_Deportes_de_la_Comunidad_de_Madrid,538322,4,12,77550.02198548488
539467,Clint_Dempsey,539467,5,8,48131.104178010064
539563,Ryder_Cup,539563,6,2,3103.604210208794
540767,Mauro_Rosales,540767,1,24,0.0
541193,Carmen_de_Burgos,541193,2,5,1720.5926877428317
541413,Enrique_Múgica,541413,12,25,39132.967016669245
544811,Fernando_Álvarez_de_Miranda,544811,3,5,9955.723364005791
545527,Teletón_1995_(Chile),545527,6,14,4760.917607235807
545564,Teletón_1996_(Chile),545564,5,14,2656.367713956829
546782,José_María_Olazábal,546782,6,2,1369.647067351661
546801,Teletón_1998_(Chile),546801,10,14,25712.885723318068
547095,Teletón_2000_(Chile),547095,8,14,14448.561745997345
548971,Darío_Silva,548971,2,1,1755.0
550850,Cuenta_del_Omer,550850,1,6,0.0
550862,The_Masters,550862,8,2,5699.416114970713
552074,Teletón_2002_(Chile),552074,10,14,8241.516929405747
553251,Teletón_2003_(Chile),553251,15,14,11320.416915763919
553417,Teletón_2004_(Chile),553417,5,14,156.90944542458345
555307,Torneos_mayores_de_golf_masculino,555307,9,2,1825.8785714285711
555480,Betty_Missiego,555480,1,22,0.0
562394,Campeonato_Mundial_de_Atletismo_de_1999,562394,7,24,12261.0
562607,Santo_Sudario_de_Oviedo,562607,2,3,0.0
564045,Andrónico_Lukšić_Abaroa,564045,2,14,1755.0
565601,Sergio_García_Fernández,565601,7,2,2236.87563878023
565694,Fernando_Múgica,565694,4,25,12958.612847208999
567576,Sobredosis_de_TV_(programa_de_televisión),567576,4,19,24581.481942181024
570525,Sindicato_Vertical,570525,3,5,9923.007551648874
573753,David_DeMaría,573753,2,12,1754.9999999999998
575621,Juana_Molina,575621,4,11,71964.74447380484
575646,Carlitos_Balá,575646,6,11,2596.8195343476364
582475,Rojo_(desambiguación),582475,1,24,0.0
582631,Adriana_Lavat,582631,1,26,0.0
583934,Sonia_Ferrer,583934,1,12,0.0
587370,Aki_Kaurismäki,587370,1,0,0.0
587764,Alianza_Nacional_(España),587764,5,2,23849.28585283177
591352,¡Qué_linda_es_mi_familia!,591352,7,11,81630.88011357938
592308,Enrique_Romero,592308,1,1,0.0
594115,Jackie_Robinson,594115,1,0,0.0
596346,"Sinuhé,_el_egipcio",596346,6,0,18089.458444474407
597065,Caso_Filesa,597065,1,5,0.0
598804,Miguel_Ángel_Lotina,598804,3,1,101.57182147856848
603180,Ruud_Hesp,603180,2,1,12325.709625866793
605463,Martín_Balza,605463,2,9,0.0
606713,Alberto_Fernández_de_Rosa,606713,3,11,1032.4239271265133
610800,Diego_Rivarola,610800,2,15,0.0
613566,Eusko_gudariak,613566,3,16,877.0
613705,32.ª_ceremonia_de_los_Premios_Óscar,613705,4,0,1181.1934990181499
615415,Base_Naval_de_Rota,615415,1,3,0.0
620433,Prócula,620433,7,0,48664.13804577672
622567,29.ª_ceremonia_de_los_Premios_Óscar,622567,6,0,26215.737687608664
623234,Olivia_Harrison,623234,1,19,0.0
625319,El_Evangelio_según_San_Mateo,625319,4,0,52755.42161215119
628899,Rey_de_reyes_(película_de_1961),628899,13,0,50187.744255083526
630042,La_condesa_descalza,630042,4,0,3271.413102924718
630385,John_Derek,630385,5,0,1755.0
631082,Anna_Netrebko,631082,2,7,591.0857416880773
635741,Capirote_(penitente),635741,11,3,7979.4345270752965
638162,Oscar_Schmidt,638162,4,4,5259.0
638533,Miki_Nadal,638533,1,12,0.0
638798,Javi_de_Pedro,638798,1,1,0.0
640916,Lautaro_Murúa,640916,4,11,132.23184329697838
642614,Déjà_vu_(película_de_2006),642614,1,10,0.0
644218,Billy_Crystal,644218,3,11,3509.0
644809,Ronald_Fuentes,644809,2,15,0.0
645607,Marion_Jones,645607,1,24,0.0
646883,San_Juan_de_Torruella,646883,2,5,0.0
646981,Tomasito,646981,1,10,0.0
651187,Los_últimos_días_de_Pompeya,651187,4,0,90776.37848732242
651213,Fabián_Estay,651213,4,15,3254.424362547528
652957,Mía_Maestro,652957,1,7,0.0
653510,Mané_Esnal,653510,2,1,0.0
655118,Gamaliel,655118,1,6,0.0
658288,Club_Deportivo_Universidad_de_Concepción_(fútbol),658288,7,15,31350.750895143196
660632,Gema_Galgani,660632,1,16,0.0
661179,Moisés_Villarroel,661179,7,15,1067.9383092647486
662180,Consejo_de_Estado_(España),662180,6,5,48127.90235324587
664798,María_Luisa_Bemberg,664798,1,11,0.0
667012,Susana_Rinaldi,667012,2,11,18598.36624782546
667130,Circuncisión_de_Jesús,667130,3,3,5865.952046249567
668054,Octavia_la_Menor,668054,6,20,7765.218355841442
669125,María_Martha_Serra_Lima,669125,1,11,0.0
669126,The_Miracle,669126,1,10,0.0
669844,Rakata_(isla),669844,3,13,3.2135281385281385
675335,Fabrizio_Moretti,675335,4,10,0.0
680569,Egipto_(provincia_romana),680569,5,6,18365.55305962478
680633,Demo_ático,680633,1,5,0.0
682419,Cassen_(actor),682419,2,20,0.0
683316,Juan_Erasmo_Mochi,683316,2,22,1755.0
684716,Antoine_Rigaudeau,684716,1,4,0.0
689653,Nikolai_Fraiture,689653,4,10,0.0
691067,Gabriel_Amato,691067,2,1,0.0
693874,Nicolás_Rubén_Medina,693874,1,24,0.0
695149,Leonardo_Biagini,695149,2,1,0.0
695749,Víctor_Clavijo,695749,2,12,15723.0
696879,Basílica_de_la_Macarena,696879,7,3,581.1725208021621
697551,Referéndum_sobre_la_permanencia_de_España_en_la_OTAN,697551,1,16,0.0
697773,Referéndum_para_la_ratificación_de_la_Constitución_española,697773,1,5,0.0
700426,Laura_Sánchez_López,700426,2,12,61342.47801451526
700685,Cesarea_Marítima,700685,5,6,15293.582001241391
701818,Josema_Yuste,701818,4,12,60209.39925993654
702921,Teletón_2007_(Chile),702921,9,14,3362.160502033699
703034,Hugh_Griffith,703034,2,0,5.0
703516,José_Luis_García_Sánchez,703516,4,22,5784.61199899485
703561,Palio_(dosel),703561,6,3,15039.34838266835
704936,Rimas_Kurtinaitis,704936,2,4,10966.16666666663
705111,Rey_Baltasar,705111,3,0,412.80759463146285
705503,Raymond_James_Stadium,705503,4,8,25608.833333333332
707184,Derecha_Liberal_Republicana,707184,3,5,0.0
708049,Dražen_Dalipagić,708049,2,4,0.0
708801,Martha_Scott,708801,1,0,0.0
710110,Yvonne_De_Carlo,710110,6,0,2816.3185821439815
712636,Campos_Flégreos,712636,4,13,1653.067135166905
715425,Martín_Fiz,715425,2,24,15723.0
717383,Basílica_de_Jesús_del_Gran_Poder,717383,5,3,418.4867216979626
718031,Basílica_de_San_Pablo_Extramuros,718031,7,7,55205.280296275145
721126,Izquierda_abertzale,721126,18,16,91668.96034933794
725430,Under_Pressure,725430,6,10,3514.1512987012993
725523,Elektra_Records,725523,8,10,2276.010822510822
728165,Henk_ten_Cate,728165,1,1,0.0
729401,Copa_Mundial_de_Fútbol_Sub-20_de_2001,729401,7,24,10515.0
731344,Jack_Hawkins,731344,3,0,3013.84578106122
731601,Fernando_Botero_Zea,731601,1,8,0.0
732367,Stefan_Kramer,732367,12,14,35795.04767330359
732497,Mex_Urtizberea,732497,3,19,3509.0
732969,Queen_II,732969,3,10,0.0
733464,Debra_Paget,733464,7,0,3365.300481283098
733591,Fernando_Cornejo,733591,7,15,405.6967997725617
734153,Juan_Cruz_(periodista),734153,2,5,1755.0
739541,Abzurdah,739541,3,11,0.0
739574,Cielo_Latini,739574,3,11,0.0
740901,Susan_Hayward,740901,4,0,1010.8184385426048
745405,Medio_alternativo_de_información,745405,1,10,0.0
752758,Joe_Biden,752758,4,5,7883.0
754907,Desaparecido_(película),754907,1,16,0.0
755828,A_Kind_of_Magic,755828,3,10,2348.878571428484
756177,Volcán_Barú,756177,3,13,0.9145167237028317
757640,Gastón_Sessa,757640,1,11,0.0
760194,Ángel_Gabilondo,760194,2,25,5259.0
762656,Alicia_Bruzzo,762656,3,11,3522.8760263019976
763658,Darío_Vittori,763658,5,11,3685.097954999335
765807,Soledad_Silveyra,765807,5,11,222142.14071015353
766370,Kid_Rock,766370,4,10,8770.719047619048
767696,Frisones,767696,5,30,13989.0
771269,Jazz_(álbum),771269,3,10,8.65
777693,Primera_División_de_España_1928-29,777693,3,1,3509.0
779184,Mario_Bolatti,779184,1,24,0.0
779206,Erupción_del_monte_Santa_Helena_de_1980,779206,8,13,13.31380793119924
779456,Fernando_Jáuregui,779456,2,5,2839.2244778573368
779458,Geoff_Hurst,779458,3,8,654.8077267519265
779495,Copa_del_Rey_de_fútbol_2005-06,779495,6,24,6172.980905543465
779525,Semana_Santa_en_Valladolid,779525,5,3,23495.40079472815
780810,Dune_(película_de_1984),780810,8,28,15723.650000000001
784842,Luisa_Sala,784842,1,20,0.0
788063,Andrés_Caparrós_Martínez,788063,3,5,3508.0
788091,Andrés_Caparrós_Araújo,788091,2,5,0.0
788128,Airplane!,788128,2,0,12243.0
788369,Alonso_Caparrós,788369,2,5,0.0
788487,Marco_Olea,788487,3,15,1716.3907842211916
789718,José_Bódalo,789718,1,20,0.0
790144,Hermandad_del_Carmen_(Sevilla),790144,2,3,63.43022792782674
790606,Isabel_Mestres,790606,2,0,0.0
791359,Isabel_San_Sebastián,791359,2,5,680.4328449328461
791550,Pablo_Lizcano,791550,2,25,0.0
791844,Hot_Space,791844,5,10,1029.8961038961138
792125,Carme_Chacón,792125,3,5,5261.0
792439,Rick_Rubin,792439,4,10,16290.914285714953
796947,Operativo_Cóndor,796947,3,9,6122.5
803903,Goyo_González,803903,1,5,0.0
806335,Luboslav_Penev,806335,4,1,1416.7331359983475
807115,Epic_Movie,807115,2,11,1755.0000000000002
810393,Sergio_Muñiz,810393,2,0,1755.0
811458,"Paris,_Texas",811458,1,0,0.0
813868,Jerry_Cantrell,813868,2,10,1755.0
815244,Esteban_Granero,815244,4,1,1282.7819270389261
815529,Rosa_León,815529,5,22,9129.345568992629
816422,César_Sánchez_Domínguez,816422,2,24,19.8956476530006
821394,Sheer_Heart_Attack,821394,5,10,263.89523809524303
828598,Francisco_Palma_Burgos,828598,6,3,1125.501098624229
830319,Alfredo_Alcón,830319,4,11,2090.9873442210583
830827,Lago_de_Ilopango,830827,4,13,1.0755401603227688
831662,Sansón_y_Dalila_(película_de_1949),831662,6,0,475.17914071935417
831980,Daniele_Liotti,831980,1,0,0.0
834717,A_Day_at_the_Races,834717,5,10,263.89523809524303
834748,News_of_the_World_(álbum),834748,7,10,5817.359523809484
837162,Amaya_Uranga,837162,3,3,1755.0
839705,Milly_Quezada,839705,1,20,0.0
843423,Albert_Luque,843423,1,1,0.0
843747,Grupo_mixto_(España),843747,6,16,11674.574571854942
847050,Alfredo_Mayo,847050,3,20,19006.15854310109
847803,HMS_Sheffield_(D80),847803,2,9,0.0
852902,Antonio_Garrigues_Walker,852902,1,5,0.0
853797,José_Biriukov,853797,3,4,0.0
853802,Tomás_de_la_Quadra-Salcedo,853802,3,25,1755.0
854077,Marty,854077,2,0,1755.0
856927,Mariano_Peluffo,856927,1,11,0.0
862394,Jesus_(película),862394,2,0,956.3681767294189
863011,Cristo_de_la_Buena_Muerte,863011,4,3,565.6095631327141
864032,Un_sol_para_los_chicos,864032,2,11,0.0
865115,Historia_de_Sinuhé,865115,2,0,0.0
867500,Manu_Tenorio,867500,2,3,8755.0
870015,Robbie_Fowler,870015,2,1,0.0
871231,General_Zod,871231,2,21,7008.0
872063,Bermúdez_(humorista),872063,2,12,59758.3113478486
872741,Antonio_Garrigues_Díaz-Cañabate,872741,3,5,5261.0
878641,Patricio_Torres,878641,1,14,0.0
880774,Club_Nintendo_México,880774,2,0,0.0
881670,Conchita,881670,1,12,0.0
883849,Soledad_Mallol,883849,2,12,3448.009033496226
888800,Sire_Records,888800,4,10,7008.0
889032,Delfí_Geli,889032,2,1,0.0
889845,Aitor_Ocio_Carrión,889845,3,12,62953.9780145153
892705,Jorge_da_Silva,892705,1,24,0.0
897250,The_Inquiry,897250,3,0,3086.919016050998
899163,Jesús_de_Nazaret_en_el_cine,899163,37,0,162474.52921028397
902435,Ben-Hur_(película_de_1925),902435,6,0,6057.35633271046
907609,Procesión_General_de_la_Sagrada_Pasión_del_Redentor_(Valladolid),907609,2,3,0.0
909562,Sermón_de_las_Siete_Palabras,909562,3,3,5259.0
909819,Chile_en_la_Copa_Mundial_de_Fútbol_de_1998,909819,14,15,8607.867043901191
913016,Miguel_Ángel_González_Suárez,913016,4,24,1755.0
916427,Gordon_Scott,916427,1,0,0.0
916627,Lignum_Crucis,916627,5,3,38981.1803093518
917931,Frank_Serpico,917931,1,0,0.0
920222,Cristina_Galbó,920222,2,20,3118.020804725018
921197,Miguel_Ramírez,921197,4,15,2817.423996617512
926297,Pablo_Contreras,926297,3,12,5523.8190562699765
934552,Toni_Jiménez,934552,1,1,0.0
935239,Cruz_al_Heroico_Valor_en_Combate,935239,9,9,43376.75000000001
937954,Eva_León_Conde,937954,2,22,1755.0
947388,Susana_Estrada,947388,3,20,4260.4266643847905
955166,Ana_Marzoa,955166,2,20,16347.29637220437
955356,Sixto_Peralta,955356,2,15,3508.0
959140,David_James,959140,2,1,1755.0
969744,Emilio_Laguna,969744,3,20,8755.0
971702,Peter_Lee_Lawrence,971702,2,20,3296.8630708749097
972233,Jaime_Cantizano,972233,3,12,3508.9999999999995
972942,Zucchero,972942,2,10,76206.87762607323
976374,Torneo_Clausura_2006_(Chile),976374,3,15,1756.1428571428576
977497,Vanessa_Williams,977497,2,19,1755.0
979823,Manuel_Tejada_(actor),979823,2,20,0.0
980351,Colina_Vaticana,980351,5,7,23942.9616244481
980891,Torneo_Apertura_2006_(Chile),980891,2,15,513.7391121994685
981383,Edward_G._Robinson,981383,4,0,1226.0697909051778
981573,Compañía_de_Comandos_602,981573,6,9,4063.916666666609
982031,Sander_Westerveld,982031,3,1,3508.0
982737,Clara_Rojas,982737,2,8,3508.0
984625,Anne_Sullivan,984625,1,17,0.0
985206,Iglesia_de_Santo_Domingo_de_Guzmán_(Málaga),985206,5,3,817.3068916501022
987893,The_Miracle_Worker,987893,1,17,0.0
988614,Menelik_I,988614,1,3,0.0
992772,Tootsie,992772,1,0,0.0
994719,Claudio_Brook,994719,2,0,0.0
1002206,McCartney_(álbum),1002206,2,10,5259.0
1002912,Torneo_Clausura_2005_(Chile),1002912,6,15,3891.143312501102
1011408,Efecto_Mariposa_(banda),1011408,3,12,41.75
1011977,Mirko_Jozić,1011977,1,15,0.0
1012300,Tony_Richardson,1012300,2,19,2896.9736757854475
1016975,Submarino_K-19,1016975,1,16,0.0
1019861,Life_(revista),1019861,7,19,40818.31613239047
1029516,Carlos_Villanueva_Rolland,1029516,2,15,2120.474650354135
1042138,Israel_Castro,1042138,2,8,1.1666666666666665
1042562,Diego_Capel,1042562,3,12,93363.1473566206
1046050,Pedro_Morales_(futbolista),1046050,2,15,0.0
1046771,Carlos_Alberto_Aguilera,1046771,2,1,1755.0
1052491,Rebelión_de_Bar_Kojba,1052491,5,6,23130.12631427259
1052691,Dino_Rađa,1052691,1,4,0.0
1054384,Raúl_Porchetto,1054384,1,14,0.0
1056691,John_Carradine,1056691,7,0,28988.954133203904
1057152,Cándida_Villar,1057152,1,12,0.0
1057200,Cándida_(película_de_2006),1057200,3,12,4038.195349911513
1058536,Ted_Nugent,1058536,2,10,3525.0
1063187,Franco_Di_Santo,1063187,1,15,0.0
1064516,Barrabás_(película_de_1961),1064516,8,0,35762.94380936021
1064684,Laurie_Cunningham,1064684,2,24,113.63174603174602
1066048,Pasapalabra,1066048,4,12,8762.0
1067495,Ángel_Cappa,1067495,5,24,8764.0
1069506,Torneo_Apertura_2005_(Chile),1069506,7,15,11644.449638099208
1071037,Francisco_Rojas_Rojas,1071037,3,15,21.819978909978946
1072103,Nelson_Gutiérrez,1072103,1,1,0.0
1073906,Jeffrey_Hunter,1073906,5,0,3811.5485081328543
1076052,Copa_del_Rey_de_fútbol_2007-08,1076052,4,12,69492.54385008644
1077851,Catedral_metropolitana_de_Medellín,1077851,2,7,1755.0
1078389,Diego_Colotto,1078389,1,24,0.0
1080188,Queen_at_Wembley,1080188,8,10,1405.6333333333473
1083296,The_Agony_and_the_Ecstasy_(película),1083296,2,0,196.46321987487897
1086789,Cañas_y_barro_(novela),1086789,5,20,1849.1109674339502
1086799,Cañas_y_barro_(serie_de_televisión),1086799,15,20,42774.00817843982
1086833,Cañas_y_barro_(película),1086833,3,20,1212.2230194216852
1089433,Eleanor_Parker,1089433,1,0,0.0
1090180,La_barraca_(novela),1090180,1,20,0.0
1090196,La_barraca_(serie_de_televisión),1090196,3,20,1755.0
1090773,Jesús_de_Nazaret_en_el_cine_mexicano,1090773,8,0,2388.6659448729274
1091880,Maribel_Martín,1091880,2,20,0.0
1093711,Circo_de_Nerón,1093711,3,7,52.98666478558719
1096199,Malco,1096199,2,0,1755.0000000000002
1096479,Manuel_Gallardo,1096479,3,20,363.5812723508375
1096535,Dwight_Schultz,1096535,1,0,0.0
1096538,Nuria_Gallardo,1096538,3,20,416.5567016158266
1099632,Julián_Mateos,1099632,2,20,0.0
1099762,Pepe_Ruiz,1099762,1,20,0.0
1104506,Mariano_García_Remón,1104506,4,24,2120.8642211606048
1105811,Elsa_Daniel,1105811,4,11,3336.892356812336
1107994,Antonio_Maceda,1107994,7,24,37843.187045775994
1109634,Bishop,1109634,6,18,1.876984126984127
1111510,Josep_Cargol,1111510,4,4,8725.833333333332
1111806,Sonia_Bruno,1111806,1,24,0.0
1115870,Monseñor,1115870,6,19,50334.18132930365
1118426,Nuestro_Padre_Jesús_(marcha_procesional),1118426,2,3,0.0
1128194,True_Grit_(película_de_1969),1128194,1,17,0.0
1128467,Fernando_Martel,1128467,1,15,0.0
1132057,Hermandad_de_las_Siete_Palabras_(Sevilla),1132057,4,3,410.2527903064417
1134413,Uwe_Seeler,1134413,3,8,7222.729155323347
1139120,Javi_Moreno,1139120,3,1,674.3636184632807
1139370,Raúl_Taibo,1139370,3,11,236049.71678380392
1139670,Inma_del_Moral,1139670,2,22,1755.0
1143138,Matilde_Muñoz_Sampedro,1143138,1,12,0.0
1143151,Rafael_Bardem,1143151,2,12,1754.9999999999998
1145150,José_Nieto_(actor),1145150,4,20,20826.61208823538
1149175,Enzo_Ferrero,1149175,2,24,0.0
1149923,José_Chatruc,1149923,1,19,0.0
1151304,Rod_Taylor,1151304,3,0,3511.2166666666662
1151481,Asenat,1151481,1,27,0.0
1154480,Clasificación_de_Concacaf_para_la_Copa_Mundial_de_Fútbol_de_2010,1154480,2,8,865.0
1157291,Carlos_Osoro,1157291,2,3,3508.0
1159712,George_Sanders,1159712,5,0,351.00189085080945
1160841,Stacy_Keach,1160841,1,0,0.0
1166930,Reynaldo_Sietecase,1166930,1,11,0.0
1167836,Copa_Mundial_de_Rugby_de_1999,1167836,1,15,0.0
1167874,Patricio_Toranzo,1167874,2,24,1755.0
1177045,Aleksandr_Anatólievich_Vólkov,1177045,2,4,0.0
1179948,Robert_Blake_(actor),1179948,1,0,0.0
1184815,José_Miguel_Viñuela,1184815,14,14,9418.340781388315
1185256,Crazy_Little_Thing_Called_Love,1185256,8,10,1209.703679653647
1188001,Rafael_Romero_Marchent,1188001,4,20,5587.504645983928
1190421,Another_One_Bites_the_Dust,1190421,7,10,14225.508874458583
1190879,El_padrecito,1190879,2,26,1755.0
1190927,El_siete_machos,1190927,2,0,449.2308062827798
1192221,The_Man_Who_Knew_Too_Much_(película_de_1956),1192221,1,0,0.0
1198534,Radio_Ga_Ga,1198534,3,10,625.6642857142957
1199999,Haing_S._Ngor,1199999,1,11,0.0
1202568,Queen_+_Paul_Rodgers,1202568,7,10,15718.347619048018
1212931,Hermandad_de_Zamarrilla_(Málaga),1212931,4,3,2416.075005253253
1215515,Xabier_Zumalde,1215515,1,5,0.0
1216784,M._Russell_Ballard,1216784,1,19,0.0
1221853,Henry_B._Eyring,1221853,2,19,0.0
1222953,Victor_Mature,1222953,10,0,13633.358383337572
1224034,Carmen_Iglesias,1224034,1,5,0.0
1232323,Steve_Reeves,1232323,6,0,2036.2337210711203
1232473,Víctor_Sandoval_(presentador),1232473,1,12,0.0
1233536,Derrick_McKey,1233536,1,4,0.0
1233814,Mario_Suárez,1233814,1,12,0.0
1235057,Flash_Gordon_(álbum),1235057,4,10,1.4023809523809523
1235977,Coro_del_Tabernáculo_de_la_Manzana_del_Templo,1235977,1,19,0.0
1237661,Adrián_Paenza,1237661,1,19,0.0
1239735,El_coche_de_pedales,1239735,1,5,0.0
1246203,Escalera_Santa,1246203,1,7,0.0
1246277,María_Valenzuela,1246277,4,11,2042.684456964634
1246598,Reyes_Estévez,1246598,2,24,0.0
1247915,Andrés_Resino,1247915,1,22,0.0
1251731,Nuestro_Padre_Jesús_Nazareno_(Jaén),1251731,2,3,0.0
1252242,Jairo_(cantante),1252242,2,11,3508.0
1260146,Copa_Mundial_de_Rugby_de_2015,1260146,1,15,0.0
1264214,El_mártir_del_calvario,1264214,4,0,956.3681767294189
1265525,Richard_Egan,1265525,1,0,0.0
1266123,Gerardo_Romano_(actor),1266123,3,19,19552.930106014548
1268224,Lisandro_Aristimuño,1268224,1,11,0.0
1273519,Putifar,1273519,3,27,2553.607745071828
1273646,Johan_Sotil,1273646,1,24,0.0
1275695,Rápida_y_mortal,1275695,2,0,1755.0
1292325,Proclamación_del_Estado_Catalán_de_1934,1292325,2,5,0.0
1295515,Ángel_Garasa,1295515,5,26,15748.0
1297612,El_Consorcio,1297612,2,3,0.0
1299071,Torneo_Clausura_2004_(Chile),1299071,5,15,5690.76203987847
1301373,Torneo_Apertura_2004_(Chile),1301373,5,15,322.36552609936444
1303668,David_Glen_Eisley,1303668,2,0,0.0
1306042,Izaskun_Uranga,1306042,1,3,0.0
1310608,José_María_Movilla,1310608,1,1,0.0
1311118,Georg_Gänswein,1311118,2,19,486.78840419928366
1311768,Dani_(futbolista),1311768,5,24,241.11490892619986
1314292,Carl_Anderson,1314292,2,19,1755.0
1314382,Ted_Neeley,1314382,2,0,1755.0
1314527,Yvonne_Elliman,1314527,1,0,0.0
1316596,Pitingo,1316596,4,12,14128.938652151477
1317228,Pablo_Barrera,1317228,2,8,0.0
1318466,Alfredo_Evangelista,1318466,1,13,0.0
1321767,El_Chichón,1321767,5,13,3188.5635293662913
1335359,Colombia_en_la_Copa_Mundial_de_Fútbol_de_1994,1335359,3,1,5261.0
1338583,Mauro_Cetto,1338583,1,24,0.0
1339719,Teletón_2008_(Chile),1339719,8,14,7776.168823394325
1345549,José_Luis_Villanueva,1345549,2,15,698.7865046425395
1352713,Riay_Tatary,1352713,1,25,0.0
1354849,Kate_Jackson,1354849,1,19,0.0
1354955,Juvenal_Olmos,1354955,4,15,26566.943511124733
1358754,Stojan_Vranković,1358754,1,4,0.0
1360197,Ike_Turner,1360197,1,10,0.0
1362819,Román_Martínez,1362819,1,12,0.0
1367979,Bardem,1367979,3,12,3507.9999999999995
1369741,Mr._Siniestro,1369741,10,18,1772.1714285714288
1378145,"Jesús,_el_niño_Dios",1378145,2,0,0.0
1383274,Judith_Anderson,1383274,2,0,102.61108996053409
1384074,Partido_entre_España_y_Corea_del_Sur_en_la_Copa_Mundial_de_Fútbol_de_2002,1384074,5,1,4661.875241639285
1386957,Ofensiva_de_Cataluña,1386957,8,5,43452.411486326346
1393269,Frank_Thring,1393269,3,0,5380.39088937115
1393329,"Jesús,_María_y_José",1393329,2,0,0.0
1394104,Javier_Miranda_Munizaga,1394104,2,14,252.91079945498345
1399259,Toni_Elías,1399259,2,5,1755.0
1402529,Fernando_Paulsen,1402529,1,14,0.0
1407850,William_Stryker,1407850,11,18,1034.6992063491916
1409136,Nicolás_Córdova,1409136,1,24,0.0
1410998,Supermodelo,1410998,3,19,19103.7584239195
1411838,Los_Rabanes,1411838,1,10,0.0
1415042,Fernando_Cáceres,1415042,2,1,441.4367518066562
1416111,Màxim_Huerta,1416111,3,25,0.0
1424257,Nelson_Parraguez,1424257,1,15,0.0
1428682,Represión_en_la_zona_republicana_durante_la_guerra_civil_española,1428682,3,5,270.668354751757
1431550,Cecilia_Dopazo,1431550,1,19,0.0
1433427,Lucien_Bouchardeau,1433427,3,15,8388.423588313208
1434474,Ana_Oramas,1434474,2,16,497.5896880804539
1435555,Ángel_María_Villar,1435555,6,24,1088.9086677458738
1439221,Joaquín_Ramos_Marcos,1439221,2,24,0.0
1443286,Sebastian_Shaw_(cómic),1443286,8,18,701.4341269841689
1448691,Marco_Valerio_Mesala_Corvino,1448691,2,0,1754.9999999999998
1450626,Juan_Paredes_(Txiki),1450626,6,16,90774.91858357601
1452196,Copa_del_Rey_de_fútbol_2004-05,1452196,7,24,13481.211529315367
1458029,Thomas_S._Monson,1458029,6,19,1460.0000000000286
1460454,Huecco,1460454,1,10,0.0
1461955,Hermandad_de_San_Esteban_(Sevilla),1461955,3,3,498.03166716044524
1463074,Un_Quijote_sin_mancha,1463074,2,26,17460.0
1463843,Alejandro_Helios,1463843,2,20,0.0
1464252,Armando_Bó,1464252,1,11,0.0
1467699,Ángel_Magaña,1467699,3,11,24758.424216096573
1471873,Sedecías_de_Judá,1471873,2,23,0.0
1472172,Rip_Torn,1472172,1,0,0.0
1478515,Gudari,1478515,2,16,0.3333333333333333
1483105,The_Robe,1483105,7,0,58053.57761101199
1483839,Pilar_Velázquez,1483839,1,20,0.0
1485601,Torneo_Clausura_2003_(Chile),1485601,6,15,786.2887885588094
1490421,John_Dillinger,1490421,5,10,12244.0
1491422,María_Cristina_Uribe,1491422,1,8,0.0
1492949,Hernaldo_Zúñiga,1492949,4,10,95243.59330206393
1497697,Centro_de_Conferencias_(SUD),1497697,3,19,1755.0
1499368,Hermandad_de_Nueva_Esperanza_(Málaga),1499368,2,3,1755.0
1500971,Rafael_Iriondo,1500971,3,24,11288.384673902954
1502710,Rodolfo_Chikilicuatre,1502710,1,12,0.0
1512386,Rodolfo_Bebán,1512386,8,11,22469.9564356853
1515693,Auzolan,1515693,2,16,2289.339783272278
1517009,Cacho_Fontana,1517009,2,11,1852.9694139194135
1528927,Transposición_de_los_grandes_vasos,1528927,2,5,1755.0
1535671,Michael_Parks,1535671,3,0,3509.0
1539303,Copa_Intercontinental_1998,1539303,3,1,5637.060462058028
1540923,Cohorte_romana,1540923,1,0,0.0
1541182,Freddy_Villarreal,1541182,1,11,0.0
1542004,Heather_Mills,1542004,1,10,0.0
1542223,Jesús_Landáburu,1542223,2,24,0.0
1544882,Hermandad_de_San_Pablo_(Sevilla),1544882,3,3,4675.79425321476
1545681,Demetrius_and_the_Gladiators,1545681,6,0,817.7629826123042
1549368,Universidad_de_Florencia,1549368,2,16,34789.39016797684
1554183,Robert_Urich,1554183,3,17,15723.0
1555242,David_Santisteban,1555242,1,12,0.0
1564571,Derbez_en_cuando,1564571,2,0,1755.0
1582042,Susana_Dans,1582042,2,22,3697.9330966688935
1583536,Ley_para_la_Reforma_Política,1583536,4,5,8750.972008151917
1589264,La_conjura_de_El_Escorial,1589264,3,5,5261.0
1590156,Zebedeo,1590156,1,6,0.0
1608987,Miguel_Ángel_Jiménez,1608987,5,2,19085.23588845423
1610922,Copa_de_la_UEFA_2004-05,1610922,2,1,0.0
1610973,Copa_de_la_UEFA_2003-04,1610973,7,1,9798.531631233534
1611739,Copa_de_la_UEFA_2000-01,1611739,10,1,24933.92694215495
1639538,Nevados_de_Chillán,1639538,2,13,0.0
1646043,Efraín_Juárez,1646043,2,8,0.0
1652283,Descendimiento_de_Jesús,1652283,3,3,2245.0119252753557
1664494,Con_te_partirò,1664494,2,7,17529.47672901853
1675166,Guido_Marini,1675166,4,19,8329.584021129374
1675191,Piero_Marini,1675191,1,19,0.0
1688929,Jesús_de_Nazareth_(película_de_1942),1688929,5,0,4491.991087423312
1692671,José_Luis_López_de_Lacalle,1692671,3,16,4176.80420238003
1706733,Pedro_Edgardo_Giachino,1706733,6,9,19200.166666666664
1710734,Terremoto_del_sur_del_Perú_de_2001,1710734,1,29,0.0
1727093,Juan_Ramón_Carrasco,1727093,1,1,0.0
1729677,Conopeo,1729677,2,7,6488.411542210464
1733959,Parque_nacional_de_Ujung_Kulon,1733959,2,13,0.0
1737745,George_Hamilton_(actor),1737745,5,0,5892.465426945352
1742767,Sangay,1742767,4,13,3.0995155826407936
1746892,Ducado_de_Huéscar,1746892,2,5,1755.0
1765600,Quo_vadis?_(novela),1765600,4,0,7026.394663622901
1769397,Invierno_volcánico,1769397,9,13,41.664079660765765
1790531,John_Ireland_(actor),1790531,1,0,0.0
1795761,Copa_del_Rey_de_fútbol_2008-09,1795761,6,12,67232.6208526712
1797453,Torneo_Apertura_2003_(Chile),1797453,7,15,2409.5733794531816
1800452,Witchblade,1800452,2,18,0.0
1812341,Manuel_Ruiz_de_Lopera,1812341,1,24,0.0
1813231,Chani,1813231,5,28,0.0
1819807,Cuórum_de_los_Doce_Apóstoles,1819807,7,19,3215.0000000000105
1827672,Radio_Nacional_del_Perú,1827672,2,29,1755.0000000000002
1844047,Vladimir_Tkachenko,1844047,2,4,3508.0000000000005
1852869,Jorge_Salcedo,1852869,3,11,0.5
1856616,Dune_(franquicia),1856616,6,28,0.2
1858467,Campeonato_Europeo_de_Baloncesto_Masculino_de_1991,1858467,6,4,7015.0
1859578,Marty_Cosens,1859578,2,11,0.0
1866989,Charles_de_Gaulle_(R_91),1866989,1,9,0.0
1875624,Partido_de_clasificación_Argentina-Colombia_para_la_Copa_Mundial_de_Fútbol_1994,1875624,1,1,0.0
1877632,David_Graf,1877632,1,17,0.0
1882100,La_vaquilla,1882100,2,20,1755.0
1882320,Silvano_Bustos,1882320,1,4,0.0
1902048,José_Guirao,1902048,4,25,1.6666666666666667
1911925,Tecla_de_Iconio,1911925,1,3,0.0
1918106,Always_Look_on_the_Bright_Side_of_Life,1918106,3,9,51780.0
1941876,Black_Tom_Cassidy,1941876,2,18,1739.6333333333337
1959783,Nintendomanía,1959783,3,0,1755.0
1963892,Marta_Sanz,1963892,1,20,0.0
1977574,Viva_María!,1977574,1,0,0.0
1983546,"No_te_rías,_que_es_peor",1983546,4,20,7013.0
1983825,Templo_de_Ramsés_II_(Abu_Simbel),1983825,4,6,603.8890111047955
1985330,Cayo_Apuleyo_Diocles,1985330,1,6,0.0
1995556,Cofradía_de_Nuestro_Padre_Jesús_Nazareno_(Jaén),1995556,4,3,4135.093477912221
2006788,Meet_the_Spartans,2006788,1,11,0.0
2029656,Antigua_basílica_de_San_Pedro,2029656,3,7,457.2523687615068
2043857,Rebeca_Jiménez,2043857,2,10,3508.0
2045857,Cerro_Machín,2045857,4,13,3.2637035892991872
2050781,Atentado_de_Hipercor,2050781,3,16,39.94285714285715
2053509,Candle_in_the_Wind,2053509,2,10,0.0
2081635,Templo_de_Salt_Lake_City,2081635,6,19,15729.333333333332
2100731,Leo_Genn,2100731,4,0,2744.8661060350687
2105752,Asesinato_de_Guillem_Agulló,2105752,4,2,1755.5
2117131,Gloria_Carrá,2117131,5,11,14000.0
2124972,Uli_Stielike,2124972,5,24,18634.685202401735
2127255,Tambora,2127255,15,13,1391.5926038022726
2127536,Quema_de_conventos_de_1931_en_España,2127536,8,5,12551.245598176574
2128561,Alicia_Aller,2128561,1,11,0.0
2138560,Miguel_Palanca,2138560,1,1,0.0
2158070,Valdis_Valters,2158070,1,4,0.0
2158601,Aleksandr_Belostenny,2158601,3,4,1.5
2159495,Mario_Benjamín_Menéndez,2159495,5,9,6.916666666666667
2159872,Valeri_Tijonenko,2159872,3,4,11032.666666666613
2160318,Esteban_Herrera,2160318,1,24,0.0
2160591,Historia_de_la_prensa_española,2160591,10,5,12222.372776728671
2166400,Mamá_quiere_ser_artista,2166400,1,20,0.0
2177796,Copa_de_la_UEFA_1985-86,2177796,6,24,11757.812262310172
2180390,Irene_Morales,2180390,1,14,0.0
2183426,Robert_Powell,2183426,3,0,0.0
2192685,Copa_de_la_UEFA_1984-85,2192685,6,24,15077.630589463388
2198271,Greg_Norman,2198271,1,2,0.0
2205396,Nikola_Lončar,2205396,1,1,0.0
2207820,María_Elena_Marqués,2207820,1,0,0.0
2209699,Nina_Foch,2209699,2,0,0.0
2210363,Serie_cinematográfica,2210363,1,28,0.0
2228337,Emiliano_Vecchio,2228337,1,15,0.0
2235332,Incidente_del_U-2,2235332,5,10,7008.333333333334
2237658,España_en_la_Copa_Mundial_de_Fútbol_de_2002,2237658,2,1,0.0
2242418,Jill_Biden,2242418,2,5,0.0
2251188,Castillo_de_Luna_(Rota),2251188,1,3,0.0
2266618,Batalla_de_Pradera_del_Ganso,2266618,7,9,19.166666666666668
2273173,Liga_ACB_1999-00,2273173,1,4,0.0
2282452,Los_vengadores_(serie_de_televisión),2282452,2,19,0.0
2285544,Ignacio_Zoco,2285544,1,24,0.0
2286129,Jorge_Rojas_(cantante),2286129,2,11,29432.4850789086
2296978,Pina_Pellicer,2296978,1,0,0.0
2300071,Shamrock_Rovers_Football_Club,2300071,3,12,48763.11233693106
2300156,Segunda_República_Española_en_guerra,2300156,12,5,9452.013042920833
2300980,Juan_Carlos_Moreno_Rodríguez,2300980,1,1,0.0
2318063,Posada_del_Peine,2318063,1,13,0.0
2318487,Gorka_Otxoa,2318487,2,12,20928.0
2320253,Carlos_Thompson,2320253,3,0,102.80781783795045
2322698,Eva_Ayllón,2322698,2,9,1755.0
2334517,Christopher_Guest,2334517,1,11,0.0
2337247,Vía_Dolorosa,2337247,6,0,11059.881585590476
2337903,Pretorio,2337903,5,0,8484.101743271045
2347935,Rudolf_Abel,2347935,4,10,0.3333333333333333
2352305,Ricardo_Gallego,2352305,5,24,19870.184111204584
2355117,El_Símbolo,2355117,1,14,0.0
2366675,The_Blue_Lagoon,2366675,2,27,1755.0
2368856,Return_to_the_Blue_Lagoon,2368856,1,27,0.0
2377018,Gitana_tenías_que_ser,2377018,1,26,0.0
2384019,Cofradía_del_Cautivo_(Málaga),2384019,3,3,1755.0
2385473,Oscar_Jiménez,2385473,1,15,0.0
2393179,Jorge_Barreiro,2393179,1,11,0.0
2405279,Eclipse_de_crucifixión,2405279,3,3,5438.719902652633
2405371,El_Palmar_(Valencia),2405371,1,20,0.0
2407829,Duelo_nacional,2407829,2,11,3508.0
2413251,Enemigos_públicos,2413251,5,10,5260.0
2413546,Mike_Hansen,2413546,1,4,0.0
2421155,Olinda_Bozán,2421155,4,11,3220.677868903343
2424838,Sporting_Club_Juvecaserta,2424838,4,4,1750.0
2429438,Puerta_de_la_Macarena_(Sevilla),2429438,6,3,2416.7736625412617
2438825,La_novicia_rebelde_(película_de_1971),2438825,1,26,0.0
2442317,Chuck_Connors,2442317,3,17,19205.0
2442841,Claudio_Lisias,2442841,1,0,0.0
2442951,Haya_Harareet,2442951,2,0,9.594047619047618
2457397,Norberto_Aroldi,2457397,2,11,0.0
2458874,Rosana_Pastor,2458874,2,5,1755.0
2477295,Julia_Sandoval,2477295,2,11,48.41953357302766
2480337,Macarena_Ramis,2480337,2,14,0.0
2490670,Isocracia,2490670,1,5,0.0
2501084,Rolo_Puente,2501084,3,11,1755.8999999999999
2506839,Adriana_Torrebejano,2506839,1,12,0.0
2507740,Sophie_Monk,2507740,1,11,0.0
2515749,Copa_Mundial_de_Baloncesto_de_2014,2515749,1,1,0.0
2530507,María_Concepción_César,2530507,2,11,0.0
2530934,Distrito_de_Matucana,2530934,1,29,0.0
2540616,Vuelo_447_de_Air_France,2540616,3,11,7011.0
2548930,Violeta_Urtizberea,2548930,4,19,8762.0
2556576,Mariana_Karr,2556576,3,11,99260.03822395286
2559817,Alex_Jones,2559817,1,11,0.0
2564113,Elvia_Andreoli,2564113,1,11,0.0
2565176,Infobae,2565176,14,11,48477.51025122318
2575265,Gaston_Monzón,2575265,1,24,0.0
2592646,Evangelina_Salazar,2592646,6,11,30940.506997217075
2607948,Charles_D._Smith,2607948,1,4,0.0
2616237,AC_Hotels,2616237,1,13,0.0
2625731,Las_turbas,2625731,1,0,0.0
2639798,Lajatico,2639798,1,7,0.0
2647265,La_fuerza_del_amor_(telenovela),2647265,2,0,3508.0
2651189,Goyo_Benito,2651189,2,24,1755.0
2691957,Rubén_Pozo,2691957,3,10,15741.0
2701203,Las_24_horas_de_las_Malvinas,2701203,3,11,3181.2953043322464
2719920,Valentina_Cortese,2719920,4,0,1898.1278121878777
2722596,Karla_Constant,2722596,4,14,0.0
2729736,Koldo_Aguirre,2729736,3,24,0.0
2757024,The_Game_Tour,2757024,6,10,442.68030303030315
2772063,Sergio_Adrián_Guillermo,2772063,1,15,0.0
2798141,Jack_Huston,2798141,1,0,0.0
2816415,Caster_Semenya,2816415,1,24,0.0
2820788,Zach_Galligan,2820788,1,21,0.0
2820896,Máscara_funeraria_de_Tutankamón,2820896,2,6,0.0
2820899,Christopher_Atkins,2820899,2,27,3508.0
2858187,Lily_Munster,2858187,1,0,0.0
2862615,Canciones_de_la_guerra_civil_española,2862615,2,16,1755.0
2863939,Xabier_Izko_de_la_Iglesia,2863939,4,16,63.583333333333336
2870486,Teo_Uriarte,2870486,4,16,2144.3700866687045
2881214,María_Antonieta_Pons,2881214,1,26,0.0
2884040,Albert_Serra,2884040,1,10,0.0
2908339,Iñaki_Sarasketa,2908339,2,16,599.9231166056145
2910595,Kiril_Lakota,2910595,1,19,0.0
2913204,Trabajador_autónomo,2913204,1,10,0.0
2916237,Anthony_Franciosa,2916237,2,0,1755.0
2919250,Tincho_Zabala,2919250,1,11,0.0
2920210,Forte_dei_Marmi,2920210,1,7,0.0
2926838,Daniel_Fernández_Koprich,2926838,2,14,0.0
2949408,Alcalde_de_Málaga,2949408,2,2,0.0
2969934,Stuart_Whitman,2969934,2,0,3508.0
2996049,El_cardenal,2996049,1,0,0.0
2998841,Capilla_de_los_Marineros,2998841,5,3,7486.035938358687
2998951,Nuestra_Señora_de_la_Esperanza_(Triana),2998951,6,3,8380.597055546732
3011770,Giuseppe_Siri,3011770,3,19,29080.262116425383
3012976,Dos_chicas_de_revista,3012976,1,20,0.0
3017540,Jeff_Porcaro,3017540,1,10,0.0
3023536,Joey_Montana,3023536,1,14,0.0
3034297,Hermandad_del_Rocío,3034297,4,3,3396.3294532695436
3038602,Cristo_de_las_Tres_Caídas_(Sevilla),3038602,6,3,7691.9099083490655
3044337,Isonomía,3044337,3,5,3509.0
3050593,Archicofradía_de_la_Expiración_(Málaga),3050593,3,3,95.7018858158905
3051030,El_Cautivo_(Málaga),3051030,1,3,0.0
3053579,Basílica_de_Jesús_de_Medinaceli,3053579,1,19,0.0
3064525,Dean_Paul_Martin,3064525,1,0,0.0
3094031,Jesus_of_Nazareth_(miniserie),3094031,16,0,26869.33628804495
3095595,Rossano_Brazzi,3095595,1,0,0.0
3103757,Copa_de_Oro_de_la_Concacaf_2011,3103757,6,8,38167.33333333333
3120238,HMS_Coventry_(D118),3120238,5,9,48397.0
3126310,Shirley_Knight,3126310,1,17,0.0
3130335,Aleste_(banda),3130335,1,14,0.0
3131949,El_hijo_de_Espartaco,3131949,2,0,0.0
3139181,Vigilia,3139181,1,3,0.0
3140272,Inglaterra_en_la_Copa_Mundial_de_Fútbol_de_2010,3140272,2,8,288.45357142857154
3148702,Juan_Adriansens,3148702,1,22,0.0
3161774,Congregación_de_Mena,3161774,4,3,18.176190476190477
3165272,Los_Sonor,3165272,2,22,0.0
3175919,Antonio_Carro_Martínez,3175919,1,16,0.0
3180849,Reino_frisio,3180849,5,30,1166.9999999999964
3182183,Tiburón_3-D,3182183,3,0,7008.0
3187797,Super_Bowl_XLIV,3187797,3,8,8252.000000000004
3197773,Ángel_de_los_Santos,3197773,2,24,0.0
3200921,Copa_del_Rey_de_fútbol_2010-11,3200921,5,1,71975.68927012141
3201631,Blanca_Sánchez,3201631,2,0,1755.0
3208051,Cristo_en_la_columna,3208051,3,3,6118.501341954954
3214038,Campeonato_Sudamericano_Sub-20_de_1999,3214038,2,15,1755.0
3221919,María_Julia_Oliván,3221919,1,11,0.0
3241273,Alejandro_Müller,3241273,1,14,0.0
3274655,Copa_del_Rey_de_fútbol_2003-04,3274655,9,24,22236.313992270818
3294194,The_Wedding_Planner,3294194,1,11,0.0
3312091,Paco_Aguilar,3312091,1,20,0.0
3317576,Lorraine_Gary,3317576,2,0,0.0
3320411,Teté_Coustarot,3320411,2,11,7931.306292510808
3391001,Huaynaputina,3391001,6,13,208.4748567020677
3395543,El_quinto_Beatle,3395543,2,10,0.0
3421309,Cofradía_de_los_Gitanos_(Málaga),3421309,2,3,1989.6101726702132
3445669,La_vida_pública_de_Jesús,3445669,1,0,0.0
3454912,Super_Bowl_XLV,3454912,2,8,0.0
3456553,Romper_la_hora,3456553,2,0,0.0
3462686,José_(película_de_1995),3462686,4,27,9445.470448368287
3473217,Juana_Hidalgo,3473217,2,11,3508.0
3489000,Los_últimos_días_de_Pompeya_(película_de_1959),3489000,3,0,101.23333333333332
3490291,Archicofradía_del_Paso_y_la_Esperanza_(Málaga),3490291,10,3,13434.60897359243
3498205,Ignacio_Churruca,3498205,2,24,0.0
3508434,Jorge_Fontevecchia,3508434,1,19,0.0
3524735,Premier_Division_de_la_Liga_de_Irlanda,3524735,1,12,0.0
3524981,MetLife_Stadium,3524981,2,8,7378.0
3545689,Kantauri,3545689,3,25,1755.0
3565894,Volcán_extinto,3565894,3,13,1756.5339285714285
3571783,Mi_tío,3571783,1,0,0.0
3577824,Osvaldo_Ribó,3577824,2,0,0.0
3596239,Mattia_Sbragia,3596239,1,0,0.0
3596380,Hristo_Shopov,3596380,2,0,108.30962172902713
3602949,Alfredo_Megido,3602949,2,24,0.0
3608363,Hermandad_de_la_Paloma_(Málaga),3608363,2,3,1037.9470565135068
3650170,Roberto_Estévez,3650170,3,9,594.8333333333279
3657557,Luis_Ortega_Bru,3657557,10,3,5542.4570416252955
3659936,Melvin_Purvis,3659936,3,10,0.0
3750226,Roy_Hodgson,3750226,2,1,1755.0
3779489,Steve_Forrest_(actor),3779489,2,17,0.0
3804860,Alicia_Zanca,3804860,4,11,20868.618604483363
3831928,Marquesado_de_Martorell,3831928,1,5,0.0
3847067,James_McCartney,3847067,1,10,0.0
3873259,Descenso_de_Cristo_a_los_infiernos,3873259,2,3,921.0549348349622
3931086,Honor_Blackman,3931086,2,19,0.0
3946744,Marius_Goring,3946744,1,19,0.0
3948599,Jan-Michael_Vincent,3948599,2,0,2886.7012397212497
4015774,Liga_Europa_de_la_UEFA_2011-12,4015774,5,12,74144.02752139443
4059335,Hermandad_del_Sepulcro_(Málaga),4059335,1,3,0.0
4070342,Catedral_de_Turín,4070342,3,3,57874.40299798383
4071093,Héctor_Pellegrini,4071093,3,11,0.0
4080148,Patty_Duke,4080148,4,17,5262.0
4091526,Cedric_Hardwicke,4091526,4,0,101.46877857220416
4092221,Gaitanes,4092221,3,10,3509.0
4095165,Manuel_Lanzini,4095165,1,24,0.0
4097676,Campeonato_Uruguayo_de_Primera_División_1997,4097676,3,1,0.0
4102473,María_Luisa_Cava_de_Llano_y_Carrió,4102473,3,25,7888.394750137996
4109790,Final_de_la_Copa_Mundial_de_Fútbol_de_1966,4109790,3,8,3806.520821990018
4111379,José_María_Calleja,4111379,2,5,2416.775522142655
4112149,Ariel_Seltzer,4112149,1,24,0.0
4112311,Víctor_Bó,4112311,2,11,1755.0
4112530,Hermandad_del_Gran_Poder_y_de_la_Esperanza_Macarena_(Madrid),4112530,4,3,111.54639667334443
4114700,Tom_Tryon,4114700,5,0,21522.510670409254
4115250,Sandra_Suárez,4115250,1,8,0.0
4117269,Cinturón_alpino,4117269,2,13,10.598412698412698
4124170,Terror_Rojo_(España),4124170,3,5,270.668354751757
4126927,Jim_Hutton,4126927,1,0,0.0
4147117,Haze_(MC),4147117,1,22,0.0
4158693,Pablo_Carballo,4158693,3,9,13.0
4163602,Raúl_Ruiz_Benito,4163602,2,1,0.0
4173430,Gema_López,4173430,1,12,0.0
4193014,Década_2000_en_el_Atlético_de_Madrid,4193014,10,1,155751.72370280421
4195647,Segundo_Quinquenio_de_Oro_de_Peñarol,4195647,6,1,8763.0
4203416,Miguel_Jones,4203416,2,19,28610.015050591574
4204576,Senta_Berger,4204576,3,0,11103.298760278867
4209401,Mono_Jojoy,4209401,2,8,1755.0
4209536,Romaña_(guerrillero),4209536,1,8,0.0
4213193,Adrián_Ghio,4213193,1,11,0.0
4218625,Manolo_Mesa,4218625,3,24,643.9965068753005
4224982,Consejo_Escolar_del_Estado_(España),4224982,2,25,1755.0
4228754,Compromís,4228754,5,16,7692.151473535687
4242581,Inglaterra_en_la_Copa_Mundial_de_Fútbol_de_2002,4242581,1,1,0.0
4252303,Cinco_llagas_de_Jesucristo,4252303,1,3,0.0
4266347,Italia_en_la_Copa_Mundial_de_Fútbol_de_1998,4266347,2,1,9969.636503176154
4291429,Países_Bajos_en_la_Copa_Mundial_de_Fútbol_de_1998,4291429,4,1,15479.001417876614
4325888,Olive_Deering,4325888,3,0,4.637009189640768
4335049,Hermes_Desio,4335049,2,1,0.0
4349395,Monumento_(Semana_Santa),4349395,1,3,0.0
4367442,Hermandad_del_Sol_(Sevilla),4367442,2,3,1.3333333333333333
4369610,Brigid_Bazlen,4369610,3,0,0.5
4370036,Copa_del_Rey_de_fútbol_1998-99,4370036,3,1,7.955952380952381
4370041,Copa_del_Rey_de_fútbol_1999-2000,4370041,4,1,813.6008926159773
4370057,Copa_del_Rey_de_fútbol_1996-97,4370057,7,1,13638.799764062293
4370071,Copa_del_Rey_de_fútbol_1995-96,4370071,8,1,1606.7408536677112
4370144,Copa_del_Rey_de_fútbol_1986-87,4370144,10,24,54120.78350048757
4370871,Catalina_Speroni,4370871,1,11,0.0
4374242,Simon_MacCorkindale,4374242,2,0,8755.0
4375434,Brigada_Político-Social,4375434,3,2,7044.330778212455
4382348,"Tiburón,_la_venganza",4382348,3,0,876.5
4382415,Tiburón_2,4382415,4,0,2631.5
4407641,Luis_Álvarez_Duarte,4407641,18,3,105611.60643518424
4411769,Cuando_los_hijos_se_van_(película_de_1969),4411769,1,0,0.0
4416020,Rulo_y_la_Contrabanda,4416020,2,10,1755.0
4432626,Andrés_de_León,4432626,5,14,124.8436570819855
4443695,Betsy_Blair,4443695,1,0,0.0
4447357,Carolina_Arredondo,4447357,1,14,0.0
4464628,Cristina_Alberó,4464628,1,11,0.0
4469168,Gudari_Eguna,4469168,3,16,877.0
4498402,Ferdinando_Gentile,4498402,4,4,1774.1666666666667
4499756,Rossana_Podestà,4499756,2,0,0.0
4500431,Antípatro_(hijo_de_Herodes),4500431,3,23,15743.0
4501440,Aleksandar_Petrović_(baloncestista),4501440,2,4,10966.16666666663
4507019,Semana_santa_en_Acapulco,4507019,2,26,20928.0
4510264,Jesús_de_la_Sentencia_(Sevilla),4510264,6,3,1247.5923770504469
4510532,Centuria_Romana_Macarena,4510532,2,3,0.0
4529763,Javier_López_García,4529763,2,24,0.0
4531355,Antonio_Benítez_Fernández,4531355,2,24,0.0
4550258,Bildu,4550258,8,16,102105.09736659643
4552979,Grutas_vaticanas,4552979,4,7,37640.48062183385
4564849,José_y_la_mujer_de_Putifar,4564849,1,27,0.0
4566078,Bibiana_Aído,4566078,1,5,0.0
4567933,Teletón_2011_(Chile),4567933,11,14,31302.489152319864
4577262,Sebastián_Borensztein,4577262,1,11,0.0
4578852,Oscar_Ismael_Poltronieri,4578852,3,9,871.4999999999998
4582784,Santiago_Ramundo,4582784,2,19,18352.004953243333
4590902,Cinturón_volcánico_de_los_Andes,4590902,3,13,6.878571428571429
4597435,Nuestra_Señora_de_la_Soledad,4597435,5,3,3816.5114256187403
4600984,Basílica_mayor,4600984,2,7,0.0
4602547,Final_de_la_Copa_del_Rey_de_fútbol_2010-2011,4602547,4,1,1255.3844318903873
4610868,Red_State,4610868,1,0,0.0
4611808,Silvio_Ezequiel_Romero,4611808,1,8,0.0
4614348,Copa_del_Rey_de_fútbol_1980-81,4614348,5,24,4935.4965330616415
4614368,Copa_del_Rey_de_fútbol_1981-82,4614368,9,24,7497.570184070714
4624749,Susana_Alva,4624749,2,12,0.0
4625867,Amanecer_en_puerta_oscura,4625867,1,20,0.0
4628540,Anak_Krakatau,4628540,13,13,1941.567321590488
4642282,Luis_Alberto_Romero_(futbolista),4642282,3,1,0.0
4647511,Mauricio_Henao,4647511,2,19,17206.32997065863
4647838,"The_Long,_Hot_Summer",4647838,1,0,0.0
4651229,Badlands_(película),4651229,1,0,0.0
4652710,Ludovica_Squirru,4652710,1,11,0.0
4665403,Anillo_de_Bishop,4665403,3,13,0.2
4668896,Baila_conmigo_(película),4668896,2,19,3508.0
4673474,Sabancaya,4673474,3,13,1.0766233766233766
4711635,Copa_del_Rey_de_fútbol_2012-13,4711635,3,1,1755.0
4715091,Happy_Feet_Two,4715091,1,10,0.0
4754603,Albanta_(Luis_Eduardo_Aute),4754603,2,22,0.0
4761159,Amenherjepeshef_(hijo_de_Ramsés_II),4761159,7,6,14460.153643279473
4762398,Ramsés_(hijo_de_Ramsés_II),4762398,7,6,2195.7708443809515
4765770,Moira_MacTaggert,4765770,5,18,0.8373015873015872
4768193,Reventador,4768193,3,13,287.04174700976046
4773083,Roy_Thomas_Baker,4773083,4,10,7.716666666666666
4778970,Lyle_y_Erik_Menéndez,4778970,1,10,0.0
4797398,Henry_Wilcoxon,4797398,4,0,5.503675856307433
4798042,Mentira_(canción),4798042,1,10,0.0
4800604,Dante_(futbolista),4800604,2,1,0.0
4810229,María_Jesús_Lara,4810229,3,20,416.5567016158266
4822022,Terremoto_de_Pucallpa_de_2011,4822022,1,29,0.0
4849656,Manolo_de_Vega,4849656,2,20,1755.0
4851665,Hermandad_de_Humillación_y_Estrella_(Málaga),4851665,1,3,0.0
4853914,Elizabeth_Warren,4853914,1,5,0.0
4856949,Jorge_Lavat,4856949,4,26,7013.0
4865673,La_viuda_joven,4865673,2,8,1755.0
4870295,Colegio_de_La_Salle,4870295,1,22,0.0
4874982,Joan_Baldoví,4874982,1,16,0.0
4889646,Cristina_Lemercier,4889646,3,11,4481.8863581608375
4899365,El_Cristo_de_los_Faroles,4899365,1,20,0.0
4900187,Christian_Escuredo,4900187,1,16,0.0
4913267,Claudio_María_Domínguez,4913267,2,11,1640.3963318093915
4953959,Menna,4953959,1,6,0.0
4976120,Guerra_Fría_(1953-1962),4976120,2,16,1754.9999999999998
4980033,Brigada_en_acción,4980033,4,11,2098.4634441847643
4993988,Alessandro_Gentile,4993988,1,4,0.0
5002016,Gobierno_de_la_Ciudad_del_Vaticano,5002016,1,19,0.0
5003395,Los_gremlins,5003395,2,21,0.0
5041847,Dieter_F._Uchtdorf,5041847,3,19,0.0
5051303,Gustavo_González_González,5051303,1,12,0.0
5061283,Radbod,5061283,5,30,1166.9999999999964
5061582,Thiadsvind,5061582,4,30,2.0
5074734,Copa_del_Rey_de_fútbol_1982-83,5074734,7,24,23630.17086835373
5075251,Zorra_Plateada,5075251,3,18,0.0
5117891,Rex_Hunt,5117891,2,9,5.5
5118271,Bernie_Taupin,5118271,4,10,10207.1
5118933,Álex_Abrines,5118933,1,12,0.0
5120930,Lesley_Ann_Warren,5120930,2,27,5259.0
5121073,Tres_Comunes_de_Cataluña,5121073,4,5,0.3333333333333333
5170974,"Que_Sera,_Sera_(Whatever_Will_Be,_Will_Be)",5170974,2,0,1755.0
5194208,Semana_Santa_en_Calanda_(Teruel),5194208,3,0,465.5893568984939
5216557,Rubén_Rojo,5216557,5,0,8416.178178762228
5221327,Copa_del_Rey_de_fútbol_2011-12,5221327,3,1,802.2022696110361
5225549,Copa_del_Rey_de_fútbol_1979-80,5225549,5,24,10912.64933783531
5237130,Yoshihiro_Takayama,5237130,2,10,1755.0
5242651,India_Eisley,5242651,3,0,0.5
5253283,Mary_McCartney,5253283,3,10,3509.0
5268748,Destiny_(Irene_Adler),5268748,4,18,0.25
5275620,Mónica_Bardem,5275620,3,12,1754.9999999999998
5290266,James_Farentino,5290266,1,0,0.0
5293937,Casa_de_Toledo,5293937,4,5,7013.0
5293974,Manuel_Canduela,5293974,2,2,0.0
5330172,Teletón_2012_(Chile),5330172,10,14,831.5517249082338
5331224,Asesinato_de_Carlos_Palomino,5331224,1,2,0.0
5333486,Caliban_(Marvel_Comics),5333486,4,18,436.1388888888888
5334941,Flagrum,5334941,1,3,0.0
5345885,Maggie_Hegyi,5345885,1,0,0.0
5357427,Marquesado_de_Casa_Fuerte,5357427,1,5,0.0
5367467,Don_Frye,5367467,2,10,3508.0
5379323,Matías_Lammens,5379323,1,11,0.0
5391051,Christian_Benteke,5391051,1,1,0.0
5391531,Cofradía_de_Jesús_Nazareno_(Zamora),5391531,2,3,0.0
5394417,Teletón_2014_(Chile),5394417,7,14,100.929650446056
5395911,Hailemariam_Desalegne,5395911,1,11,0.0
5407584,Viper_(Madame_Hydra),5407584,4,18,1.0833333333333333
5435810,Sidecars_(banda),5435810,2,10,17460.0
5443708,Lucas_Vidal,5443708,1,22,0.0
5449874,The_Grey,5449874,1,6,0.0
5478911,Gus_Rodríguez,5478911,5,0,10511.0
5479110,Cheyenne_Autumn,5479110,2,0,2254.3971666883094
5484388,Cuestión_religiosa_en_la_Segunda_República_Española,5484388,6,5,795.1791891184348
5550897,Primera_Asamblea_de_ETA,5550897,7,5,25309.576903010744
5560986,Super_Bowl_XXXVI,5560986,2,8,6515.000000000002
5562208,Irredentismo_argentino,5562208,1,9,0.0
5563198,Final_del_Torneo_Clausura_2009_(Chile),5563198,3,15,179.0599146852694
5590271,Miguel_Borja,5590271,2,8,3508.0
5621655,La_Marea,5621655,1,5,0.0
5635155,Iliana_Calabró,5635155,4,14,5262.0
5636876,Renuncia_al_papado,5636876,1,7,0.0
5639942,Evelyn_Frechette,5639942,2,10,0.0
5641205,Atentado_de_la_cafetería_Rolando,5641205,6,16,13414.80743995967
5658733,Gobierno_Provisional_de_1868-1871,5658733,2,3,1755.0
5662301,Macarena_(nombre),5662301,3,3,0.0
5664768,Final_de_la_Copa_del_Rey_de_fútbol_2011-2012,5664768,2,1,0.3333333333333333
5664804,Final_de_la_Copa_del_Rey_de_fútbol_2012-2013,5664804,1,1,0.0
5693405,Malena_Sánchez,5693405,1,11,0.0
5713709,Christian_Sancho,5713709,1,14,0.0
5721300,Nonso_Anozie,5721300,2,6,1755.0
5730510,María_de_Nazareth_(Serie_de_Televisión),5730510,3,0,5261.0
5745655,Marina_Berti,5745655,3,0,3174.2776938555817
5800911,"Sinuhé,_el_egipcio_(película)",5800911,5,0,13564.324243834513
5801645,Copa_del_Rey_de_fútbol_1990-91,5801645,2,1,7582.57910926288
5849256,Guerra_de_sucesión_española_en_Cataluña,5849256,6,5,104438.28133292534
5852434,Quemos,5852434,2,0,11993.651055950302
5857221,Herodes_Filipo_II,5857221,3,23,1755.0
5863990,Natán_(hijo_de_David),5863990,1,23,0.0
5864836,Copa_del_Rey_de_fútbol_2013-14,5864836,3,1,5282.4898076692225
5883415,Elana_Eden,5883415,2,0,26.800000000000004
5887465,Volcán_Taupo,5887465,6,13,1.3587569435395523
5902947,Kiki_Dee,5902947,1,10,0.0
5910301,La_Biblia_(película),5910301,2,0,5259.0
5911302,Marisa_Herrero,5911302,3,11,95.27445887445907
5916705,Los_diez_mandamientos_(película_de_1923),5916705,5,0,16501.753268747918
5917846,Mercedes_Carreras,5917846,3,11,1838.8921918484873
5951725,Tito_Estatilio_Tauro_(cónsul_11),5951725,1,0,0.0
5956542,Baby_Face_Nelson,5956542,3,10,0.0
5975621,Pietro_Parolin,5975621,2,19,1755.0
5989273,Recopa_de_Europa_de_baloncesto_1988-89,5989273,7,4,1771.8333333333333
6001375,Campaña_de_Cataluña_(1713-1714),6001375,6,5,87549.72135975186
6004589,Terremoto_de_Acarí_de_2013,6004589,2,29,1755.0000000000002
6007010,Top_Chef_(España),6007010,1,12,0.0
6011054,Charmian_Carr,6011054,2,17,7008.0
6011066,Heather_Menzies,6011066,4,17,12249.0
6012210,Kym_Karath,6012210,2,17,8755.0
6015419,Jay_Robinson,6015419,2,0,0.0
6023004,The_story_of_Ruth_(película_de_1960),6023004,4,0,18263.267733121495
6032628,Naanim_Timoyko,6032628,2,11,22071.65248609248
6046180,Juan_Alberto_Mateyko,6046180,5,11,54982.52761447893
6046860,Marcelo_Torres_(músico),6046860,2,11,5259.0
6052340,Luis_Mendo,6052340,1,22,0.0
6056757,Vivir_es_fácil_con_los_ojos_cerrados,6056757,1,10,0.0
6070326,En_el_aire,6070326,7,12,45210.0
6079536,Caldera_de_Yellowstone,6079536,7,13,1758.3765873015884
6092295,El_caso_María_Soledad,6092295,2,11,1755.0
6094262,Uruguay_en_la_Copa_Mundial_de_Fútbol_de_2014,6094262,1,1,0.0
6107228,Omar_Alfanno,6107228,1,10,0.0
6110163,Daniel_Miglioranza,6110163,2,11,682.5507884058152
6117095,Pablo_Calvo,6117095,1,26,0.0
6126555,España_en_la_Copa_Mundial_de_Fútbol_de_2014,6126555,2,1,1755.0
6128658,Chile_en_la_Copa_Mundial_de_Fútbol_de_2014,6128658,1,15,0.0
6129352,Kingsley_Coman,6129352,1,1,0.0
6131563,Marina_Ginestà,6131563,2,5,2501.540071572457
6136315,Batalla_del_monte_Dos_Hermanas,6136315,4,9,2.5833333333333335
6146369,Países_Bajos_en_la_Copa_Mundial_de_Fútbol_de_2014,6146369,2,1,1755.0
6152709,Final_de_la_Copa_del_Rey_de_fútbol_2008-2009,6152709,3,12,23.5
6159951,España_en_la_Copa_Mundial_de_Fútbol_de_1986,6159951,5,24,13898.630008283053
6168946,Cacho_Espíndola,6168946,1,11,0.0
6188763,Amber_Rose_Revah,6188763,2,0,0.0
6196703,Zona_de_Exclusión_Total,6196703,2,9,0.0
6249499,Gustavo_Rodríguez_(actor),6249499,1,8,0.0
6251135,Hijo_de_Dios_(película),6251135,5,0,5936.930299214061
6252045,Jesús_del_Gran_Poder_(Sevilla),6252045,6,3,342.32565434642925
6253156,Final_de_la_Copa_del_Rey_de_fútbol_1976-1977,6253156,14,24,10462.301032178279
6255031,Juan_Antonio_García_Soriano,6255031,1,24,0.0
6256064,Peter_Gadiot,6256064,2,6,0.0
6268623,John_Gavin,6268623,3,0,23.276190476190486
6275836,Marco_Bocci,6275836,1,0,0.0
6285294,Katja_Alemann,6285294,2,19,1755.0
6287859,Valentín_Cidón,6287859,1,24,0.0
6304999,TV_Perú_Noticias_(canal_de_televisión),6304999,1,29,0.0
6314659,Madián_(hijo_de_Abraham),6314659,1,27,0.0
6326918,Museo_Malvinas_e_Islas_del_Atlántico_Sur,6326918,5,9,7015.0
6333643,Trilogía_de_Wolverine,6333643,5,18,2.2944444444444443
6350382,Gonzalo_Jara,6350382,5,15,3627.23149821663
6352690,Jimmy_Webb,6352690,1,10,0.0
6360518,Conflicto_entre_la_Franja_de_Gaza_e_Israel_de_2014,6360518,1,15,0.0
6364781,José_Antonio_Canales_Rivera,6364781,1,25,0.0
6374140,"Marcelino,_pan_y_vino_(película_de_2010)",6374140,2,26,1755.0
6381503,Liga_Europa_de_la_UEFA_2015-16,6381503,4,1,16853.852363049857
6385656,Kylie_Bunbury,6385656,2,6,0.0
6386345,Mirta_Massa,6386345,3,11,6329.906292510804
6386730,Destino_de_un_capricho,6386730,4,11,5137.082233405932
6398152,Pinturas_de_Adolf_Hitler,6398152,1,19,0.0
6398413,João_Cancelo,6398413,3,1,19080.254116557546
6399647,Matrimonio_a_la_argentina,6399647,2,11,3570.3921918484816
6401165,Caldera_de_La_Garita,6401165,9,13,15.368834188477589
6402120,Diogo_Morgado,6402120,3,0,505.99151184388734
6453923,Procesión_del_Silencio_en_San_Luis_Potosí,6453923,2,3,45.22385104730349
6470993,Ignazio_Boschetto,6470993,1,7,0.0
6471527,Sebastian_Kurz,6471527,2,11,3508.0
6476957,Día_de_la_Afirmación_de_los_Derechos_Argentinos_sobre_las_Malvinas,6476957,2,9,0.0
6480291,Los_muchachos_de_mi_barrio,6480291,1,11,0.0
6493926,Nombramiento_del_general_Franco_como_Jefe_del_Gobierno_del_Estado,6493926,1,5,0.0
6498483,Emilio_Comte,6498483,1,11,0.0
6514847,Teletón_2015_(Chile),6514847,13,14,99207.17450936545
6524620,Teletón_2016_(Chile),6524620,14,14,10668.188365681186
6527228,Super_Bowl_XLIX,6527228,3,8,13042.83333333333
6531482,Hermandad_de_Montserrat_(Sevilla),6531482,4,3,13.200000000000001
6558552,Entourage_(película),6558552,1,27,0.0
6563959,David_Dastmalchian,6563959,1,28,0.0
6574362,Tusk_(película_de_2014),6574362,1,0,0.0
6581368,Rayén_Araya,6581368,1,14,0.0
6584880,Fernando_Fitz-James_Stuart_y_Solís,6584880,1,5,0.0
6591711,The_Younger_Lady,6591711,1,6,0.0
6593334,Los_chantas,6593334,15,11,22268.342215069504
6606857,María_Colores,6606857,3,14,1634.5252882426082
6615817,Semana_Santa_en_Ciudad_de_Guatemala,6615817,2,3,2436.7127884500705
6627548,Contracultura_en_la_década_de_1960,6627548,4,10,12254.0
6629278,Hermandad_de_la_Cena_(Jerez),6629278,1,3,0.0
6641792,Dos_locos_en_el_aire,6641792,5,11,34065.63075583222
6645676,Felipe_Izquierdo,6645676,1,14,0.0
6820895,Xabier_Larena,6820895,3,16,0.0
6826217,Copa_del_Rey_de_fútbol_1987-88,6826217,2,24,0.0
6826224,Copa_del_Rey_de_fútbol_1989-90,6826224,2,1,9254.685458469223
6826979,Copa_del_Rey_de_fútbol_1976-77,6826979,10,24,7081.033125954752
6838237,Luis_Manuel_Pelayo,6838237,2,26,19195.0
6842910,Peregrinaje_de_las_siete_iglesias_de_Roma,6842910,3,7,1755.0
6853285,Lucía_Caram,6853285,1,5,0.0
6853521,Hipótesis_del_robo_del_cuerpo,6853521,1,3,0.0
6860280,Cómo_sobrevivir_a_una_despedida,6860280,2,12,1754.9999999999998
6863529,Natalie_Vértiz,6863529,1,29,0.0
6874945,"Hail,_Caesar!",6874945,3,0,7043.141392798348
6895157,Santiago_Apóstol_(película),6895157,1,0,0.0
6903242,Abzurdah_(película),6903242,4,11,1755.0
6905072,Copa_del_Rey_de_fútbol_2015-16,6905072,4,1,239459.856183456
6905136,Copa_Mundial_de_Clubes_de_la_FIFA_2016,6905136,2,8,1755.0
6914778,Vivir_con_alegría,6914778,5,11,9956.468386601242
6936246,Voley_(película),6936246,1,19,0.0
6938549,Anamá_Ferreyra,6938549,2,11,2132.3618920162953
6941521,Subí_que_te_llevo,6941521,3,11,95.27445887445907
6943095,Rosa_María_Vázquez,6943095,1,26,0.0
6961405,Daniel_Múgica,6961405,4,25,14.0
6978084,Ángel_Infante,6978084,2,0,388.9163031413042
6979473,Judas_(hermano_de_Jesús),6979473,2,6,1755.0
6982815,Fuentes_de_la_historicidad_de_Jesús,6982815,2,6,1755.0
6986362,Frutilla_(película),6986362,3,11,532.9797639734728
6988660,Partido_del_Sorteo_de_Francia_98_Europa_vs_Resto_del_Mundo,6988660,1,15,0.0
7014087,Cosa_de_locos,7014087,2,11,153.17875816993455
7023748,Desmalvinización,7023748,4,9,7869.5
7025224,Queen_+_Adam_Lambert,7025224,4,10,39031.9285714284
7039932,The_Young_Messiah,7039932,1,0,0.0
7039936,José_Javier_Esparza_Abaurrea,7039936,2,16,0.0
7040145,Edgardo_Esteban,7040145,1,9,0.0
7043642,Cristo_según_Tácito,7043642,1,6,0.0
7062168,Tut,7062168,4,6,7012.0
7071410,Sarah_Douglas,7071410,1,21,0.0
7085957,Francisco_Fernández_Marugán,7085957,3,25,1643.877166390777
7118102,"¡Ay,_Carmela!_(canción)",7118102,1,16,0.0
7121651,Cyril_Cusack,7121651,1,0,0.0
7126412,Adam_Campbell,7126412,1,11,0.0
7138648,Simón_(hermano_de_Jesús),7138648,1,6,0.0
7142080,División_Flechas_Verdes,7142080,1,5,0.0
7145024,Prisión_permanente_revisable,7145024,2,16,2909.836346785711
7163237,Juan_José_Gómez_Centurión,7163237,2,9,578.3333333333326
7195767,Teletón_2018_(Chile),7195767,14,14,38037.76365236666
7200340,Final_de_la_Liga_Europa_de_la_UEFA_2015-16,7200340,1,1,0.0
7209649,Final_de_la_Copa_de_la_UEFA_2000-01,7209649,10,1,27986.89301741223
7217619,Momia_de_Tutankamón,7217619,4,6,804.062103466571
7219379,Dallin_H._Oaks,7219379,3,19,0.0
7256809,Final_de_la_Copa_de_Oro_de_la_Concacaf_2011,7256809,5,8,2620.8333333333335
7258561,James_B._Donovan,7258561,3,10,0.0
7284969,Frederic_Pryor,7284969,4,10,0.3333333333333333
7288826,Final_de_la_Copa_del_Rey_de_fútbol_2015-2016,7288826,1,1,0.0
7320819,Pablo_Cebrián,7320819,2,12,1755.0000000000002
7337829,Killing_Jesus,7337829,3,0,4464.36817672942
7340791,Jesucristo_Superstar_(álbum_de_Camilo_Sesto),7340791,1,0,0.0
7340915,Dinastía_herodiana,7340915,2,23,0.0
7349499,The_Lego_Batman_Movie,7349499,2,21,8755.0
7389939,Manuel_Aragón_Reyes,7389939,2,16,34744.41368563565
7390385,Rob_Hall_(montañista),7390385,1,11,0.0
7393302,Misterios_de_Isis,7393302,2,6,1755.0
7402111,Alissa_Jung,7402111,1,0,0.0
7403132,Casa_de_David,7403132,4,23,7011.0
7410712,Gilda_(película_de_2016),7410712,1,11,0.0
7431631,Al_alba,7431631,3,22,5.833333333333333
7457348,Luis_Ricardo_Reyes,7457348,1,15,0.0
7504328,María_Santísima_del_Rocío_(Málaga),7504328,2,3,0.0
7520741,Ministro_de_Educación_y_Formación_Profesional_de_España,7520741,2,25,3508.0
7521833,Herodes_Filipo_I,7521833,1,23,0.0
7562023,Plaza_Baquedano,7562023,2,14,3508.0
7565053,Inglaterra_en_la_Copa_Mundial_de_Fútbol_de_1966,7565053,2,8,0.0
7567583,Flores_amarillas_en_la_ventana,7567583,1,19,0.0
7571860,Vía_crucis_(Rincón_de_Ademuz),7571860,1,0,0.0
7578434,Los_gallos_de_la_madrugada,7578434,1,20,0.0
7634585,Alvar_Gordejuela,7634585,2,2,670.3099491826697
7636535,Necrópolis_vaticana,7636535,5,7,33893.242659189506
7680237,Claudio_Iturra,7680237,1,11,0.0
7713582,Mogwai_(cultura_china),7713582,2,21,0.0
7723708,Martín_García_Moritán,7723708,1,11,0.0
7752935,Carl_Reiner,7752935,2,0,1902.6143461898384
7760148,Grupo_Vidanta,7760148,1,2,0.0
7789511,Santa_Túnica,7789511,2,3,54443.71694458178
7791517,Álvaro_Odriozola,7791517,1,1,0.0
7795488,Talina_Fernández,7795488,1,0,0.0
7833464,Niño_costero_de_2016-2017,7833464,5,29,7013.0
7840697,Corrimientos_de_tierra_en_Perú,7840697,3,29,9597.5
7873724,María_del_Mar_Blanco,7873724,1,25,0.0
7882449,Esther_and_the_King_(_película_de_1960),7882449,2,0,1755.0
7900746,Juicio_de_Pilato,7900746,2,0,0.0
7902804,Curando_la_oreja_de_un_criado,7902804,1,0,0.0
7989975,Rubén_Moreno_Palanques,7989975,1,5,0.0
7998618,Siobhán_McKenna,7998618,1,0,0.0
8009945,Recopa_de_Europa_de_baloncesto_1989-90,8009945,2,4,0.0
8015467,Celia_de_Molina,8015467,3,12,5261.0
8024978,Luis_Suárez_(actor),8024978,3,20,33.06666666666665
8072666,Teletón_2017_(Chile),8072666,13,14,103776.31375011092
8080607,La_Corte_(productora),8080607,1,11,0.0
8086039,Chile_en_la_clasificación_de_Conmebol_para_la_Copa_Mundial_de_Fútbol_de_2014,8086039,1,12,0.0
8114290,Mireia_Vehí,8114290,1,16,0.0
8136131,Caso_Reace,8136131,1,16,0.0
8163841,Proclamación_de_la_República_Catalana_en_abril_de_1931,8163841,2,5,0.0
8164028,República_Catalana_(1931),8164028,3,5,598.6434646642213
8191485,Claudio_Rígoli,8191485,1,11,0.0
8197708,Ángela_Lerena,8197708,2,11,1755.0
8261991,España_en_la_Copa_Mundial_de_Fútbol_de_2018,8261991,1,1,0.0
8286388,Azucena_Rodríguez,8286388,1,12,0.0
8307533,Terremoto_del_sur_del_Perú_de_2018,8307533,4,29,24414.5
8341414,Asedio_de_Jerusalén_(587_a._C.),8341414,3,23,1755.0
8355650,"María,_madre_de_Jesús_(1999)",8355650,1,0,0.0
8376404,Koldo_Olabarri,8376404,1,2,0.0
8384448,Buhos_(banda),8384448,1,10,0.0
8393037,Torneo_Apertura_2018_(México),8393037,4,15,5262.0
8425595,Roberto_García_Moritán,8425595,2,11,1755.0
8445524,Marwan_(poeta),8445524,2,22,1755.0
8450259,Alejandro_Bercovich,8450259,1,11,0.0
8460296,Lidwina,8460296,1,30,0.0
8478354,Barrabás_(película_de_2012),8478354,2,0,527.39060567803
8488568,Stefan_Kapičić,8488568,1,18,0.0
8495095,Your_Song,8495095,2,10,0.0
8499206,Rusty_Collins,8499206,3,18,1755.5000000000002
8512911,Ministerio_de_Cultura_y_Deporte,8512911,4,25,1.6666666666666667
8522504,Aída_Garifúllina,8522504,2,7,524.7909475876622
8534468,Kismet_(Marvel_Comics),8534468,2,18,0.0
8537214,Adamantium,8537214,5,18,349.6095238095447
8538803,José_Manuel_Rodríguez_Uribes,8538803,4,25,7008.0
8540524,1001_películas_que_hay_que_ver_antes_de_morir,8540524,23,0,291910.983507025
8555343,Tina_Díaz,8555343,2,25,0.0
8572025,Simón_dice_(serie_de_televisión),8572025,1,0,0.0
8588180,Jonatan_Viale,8588180,1,11,0.0
8597210,Jorge_Navarrete_(humorista),8597210,1,14,0.0
8642966,Net_TV_(Argentina),8642966,1,11,0.0
8685259,Claude_Heater,8685259,1,0,0.0
8706886,Jason_Stryker,8706886,3,18,0.0
8714524,John_F._Kennedy_Stadium,8714524,1,0,0.0
8730437,Batallón_de_Infantería_de_Marina_N.º_5,8730437,6,9,2642.1666666666665
8750701,Batalla_de_Puerto_Argentino,8750701,4,9,3.1666666666666674
8761815,Sophie_Winkleman,8761815,1,9,0.0
8766717,Tsunami_del_estrecho_de_la_Sonda_de_2018,8766717,4,13,9.53899156399156
8786753,Capilla_de_la_Sábana_Santa_(Turín),8786753,2,3,0.0
8788246,Rufus_Tiger_Taylor,8788246,2,10,4001.6285714283235
8789524,Aniegos_de_Lima_de_2019,8789524,1,29,0.0
8794547,Pro_League_2019-20,8794547,1,1,0.0
8806007,Marco_Antonio_y_Cleopatra_(película),8806007,2,20,10158.888536827953
8807584,Santiago_Ormeño,8807584,1,15,0.0
8811821,Abenadar,8811821,1,3,0.0
8814589,El_Niño_e_invierno_altiplánico_de_2019,8814589,3,29,27.5
8838684,Susan_Ochoa,8838684,1,9,0.0
8855549,Dune_(película_de_2020),8855549,9,28,3509.6499999999996
8870786,Jesús_de_Nazareth_(película_de_2019),8870786,3,19,31847.61764537099
8887367,Navarra_Suma,8887367,3,16,45.516688866688966
8891821,Evelyn_Beauchamp,8891821,2,6,16.03060971286777
8896755,El_cáliz_de_plata,8896755,2,0,0.0
8912365,Vuelo_1492_de_Aeroflot,8912365,1,11,0.0
9085190,Žitište,9085190,1,1,0.0
9105272,Más_País,9105272,2,16,1814.8094100436456
9113066,David_Reynoso,9113066,2,26,22659.0
9116751,Proceso_de_destitución_de_Donald_Trump,9116751,4,5,13991.0
9161814,Masters_de_Augusta_2019,9161814,2,2,0.0
9167297,Tomás_Guitarte,9167297,1,16,0.0
9198316,Manuel_Tejada,9198316,4,20,3509.0
9217129,Hunter_Biden,9217129,3,5,875.0
9267333,Benedicta_Sánchez,9267333,1,16,0.0
9267610,Lo_que_arde,9267610,2,16,1755.0
9288756,Javier_Miranda,9288756,4,14,156.92824039709402
9298969,Carmen_Arrufat,9298969,1,12,0.0
9299586,The_New_Abnormal,9299586,5,10,7008.0
9315399,Julian_Dennison,9315399,1,18,0.0
9352708,Unidos_por_Argentina,9352708,11,11,39927.920782758694
9354899,Diarios_de_la_cuarentena,9354899,3,12,19204.999999999996
9364991,La_línea_invisible,9364991,3,2,3607.5307782123514
