,Label,Modularity Class,size,r,g,b,x,y,Id,Degree,modularity_class,betweenesscentrality
477,Bengali,1,13.913044,175,95,13,8.631614,6.428004,477,4,14,0.0
898,Douglas_MacArthur,0,12.608696,235,44,170,-13.697391,11.552362,898,3,2,3141.0
1328,Genre_musical,14,46.52174,0,164,49,6.634841,-24.199846,1328,29,2,62108.40346554071
2335,Prix_Nobel_de_physiologie_ou_médecine,2,12.608696,193,77,88,5.003397,18.73119,2335,3,4,1049.0
2346,Prix_Nobel_de_chimie,2,12.608696,193,77,88,-4.1967006,6.331164,2346,3,4,3141.0
2898,Musique_soul,14,41.304348,0,164,49,15.193444,-14.1920395,2898,25,2,6517.3380952380985
3369,Zoologie,2,10.0,193,77,88,22.274893,-4.204081,3369,1,4,0.0
3370,The_Legend_of_Zelda,3,12.608696,152,129,0,21.130032,2.883801,3370,3,9,0.0
3998,Éphéméride,0,12.608696,235,44,170,-1.2382606,-1.1215035,3998,3,9,0.0
5069,Charles_Maurras,4,12.608696,60,163,0,-12.361594,-15.474189,5069,3,6,5231.0
5919,Daniel_Gélin,5,16.52174,54,124,233,21.514854,13.518471,5919,6,1,4772.217477420031
6431,Territoires_du_Nord-Ouest,4,10.0,60,163,0,20.387178,3.4520986,6431,1,4,0.0
6603,Raoul_Salan,4,21.73913,60,163,0,6.0027876,20.395351,6603,10,6,77420.69503626286
7018,Kilomètre_carré,2,11.304348,193,77,88,-20.78906,-6.837829,7018,2,4,0.0
7739,Minsk,2,17.826088,193,77,88,-24.496708,18.870516,7739,7,4,46203.09934552312
7880,Liste_des_communes_des_Pyrénées-Atlantiques,19,11.304348,185,97,239,7.9490714,23.519403,7880,2,5,1049.0
9366,Julien_Dray,4,15.217392,60,163,0,-17.430532,-0.24135499,9366,5,6,46831.1666666664
9405,Asie_centrale,1,12.608696,175,95,13,-7.254536,-21.919945,9405,3,14,4177.499195153041
9448,Saint-Siège,1,12.608696,175,95,13,12.576078,-12.503745,9448,3,14,2097.0
9462,États_fédérés_de_Micronésie,1,17.826088,175,95,13,-20.039248,5.266994,9462,7,14,9387.0
9510,Henri_Emmanuelli,4,17.826088,60,163,0,2.2987587,17.156845,9510,7,6,65069.00000000001
9995,Jean_Lassalle,19,15.217392,185,97,239,-24.137556,-1.2429235,9995,5,5,10876.166666666546
11114,Roland_Giraud,13,12.608696,0,134,74,-24.188107,24.902046,11114,3,17,47.699999999999996
12059,Étienne_Chatiliez,11,11.304348,0,168,183,-14.816096,-23.299812,12059,2,1,2405.033333333314
12128,Robert_Zemeckis,5,13.913044,54,124,233,-8.495558,0.0683077,12128,4,1,4188.0
12621,Sacramento,14,11.304348,0,164,49,-19.868937,18.00784,12621,2,2,2096.0000000000005
13884,Hervé_Guibert,2,10.0,193,77,88,19.48754,7.4988623,13884,1,4,0.0
14364,Ankara,2,21.73913,193,77,88,-0.5953589,15.700452,14364,10,4,31553.72385966074
14749,Lundi,0,12.608696,235,44,170,-7.262132,-10.944405,14749,3,10,0.0
14751,Mardi,0,12.608696,235,44,170,14.500133,-22.32806,14751,3,10,0.0
14752,Mercredi,0,13.913044,235,44,170,-4.6883726,-12.786719,14752,4,10,3141.0
14755,Samedi,0,12.608696,235,44,170,8.374088,-18.258347,14755,3,10,0.0
16915,Alain_Delon,5,23.043478,54,124,233,5.468172,-7.515445,16915,11,1,91539.36232171551
17107,Dominique_Schnapper,4,10.0,60,163,0,-6.0788198,-18.257286,17107,1,6,0.0
18564,Liste_des_présidents_du_Pérou,4,10.0,60,163,0,18.925291,8.629934,18564,1,6,0.0
19071,Danois,0,15.217392,235,44,170,13.404183,14.208674,19071,5,10,20703.73809523809
19385,Dominique_Nicolas,20,20.434784,0,134,135,9.435193,-17.819736,19385,9,12,1049.0
19517,Raj_britannique,1,15.217392,175,95,13,9.070458,0.6046037,19517,5,14,20857.202541790273
20536,Fête_nationale,2,11.304348,193,77,88,-16.261553,22.821177,20536,2,9,2701.811525087903
30252,Édith_Scob,3,10.0,152,129,0,18.32463,2.7900183,30252,1,9,0.0
35531,Dioclétien,18,15.217392,41,139,0,8.287491,8.453919,35531,5,18,3143.5172413793107
35953,Figeac,19,11.304348,185,97,239,-10.393017,8.773381,35953,2,5,1049.0
37436,Louis_Riel,4,12.608696,60,163,0,21.839237,-8.772569,37436,3,4,1635.85792162892
38966,Karlsruhe,16,10.0,153,96,160,-14.927194,-12.141812,38966,1,0,0.0
39401,Province_romaine,18,10.0,41,139,0,-12.037429,-14.410813,39401,1,18,0.0
40195,Rébellion_des_Patriotes,7,10.0,0,157,116,-22.168875,3.396978,40195,1,6,0.0
40545,Pierre_Messmer,4,12.608696,60,163,0,19.74275,16.509583,40545,3,6,9387.0
41470,William_McKinley,0,12.608696,235,44,170,4.51035,18.518957,41470,3,2,2097.0
41714,Député,4,15.217392,60,163,0,12.44232,18.46446,41714,5,4,11438.950394339172
42703,Maria_Schneider_(actrice),5,19.130436,54,124,233,1.4389182,5.603022,42703,8,1,33943.88621092968
42827,Les_Parapluies_de_Cherbourg,0,11.304348,235,44,170,-7.4369473,-8.88709,42827,2,2,1938.8452380952378
43570,Dominique_Sanda,5,16.52174,54,124,233,12.665473,-3.9507728,43570,6,1,47847.37918523633
43577,Warner_Music_Group,14,43.913044,0,164,49,8.201918,9.240944,43577,27,2,25668.190816035174
43897,Danièle_Delorme,5,12.608696,54,124,233,-15.874068,-15.401296,43897,3,1,0.0
44206,Musiques_du_monde,14,37.391304,0,164,49,-19.845036,-8.748581,44206,22,2,0.3
44308,Maurice_Ronet,5,11.304348,54,124,233,12.641994,-9.908395,44308,2,1,1049.0
44529,Marina_Vlady,5,12.608696,54,124,233,11.612878,16.284613,44529,3,1,49122.565372440935
44558,Michel_Creton,11,10.0,0,168,183,-18.848045,8.36112,44558,1,1,0.0
45084,Théodose_II,18,11.304348,41,139,0,-0.6426852,-18.598597,45084,2,18,0.0
45217,Social-démocratie,4,24.347828,60,163,0,-19.85988,0.91849315,45217,12,6,68835.54957398596
45409,Flashdance,0,10.0,235,44,170,-19.118536,0.6097155,45409,1,2,0.0
45813,Marc_Bloch,0,10.0,235,44,170,-1.762334,-3.40699,45813,1,10,0.0
46450,Bulle_Ogier,13,11.304348,0,134,74,-20.117544,-0.88842046,46450,2,17,2096.0
46791,Arme_chimique,17,19.130436,235,94,0,9.205779,-10.09783,46791,8,7,0.0
47712,Le_Crabe-tambour_(film),13,10.0,0,134,74,-17.2397,20.351793,47712,1,17,0.0
47919,Ticky_Holgado,13,12.608696,0,134,74,1.1721045,-15.990548,47919,3,17,2200.533333333334
48067,La_Cinq,0,10.0,235,44,170,4.651006,-12.398543,48067,1,9,0.0
49232,Magali,0,10.0,235,44,170,-0.1394722,-14.372387,49232,1,10,0.0
49924,Guy_Mollet,19,10.0,185,97,239,-7.944816,6.605549,49924,1,5,0.0
53693,Courrier_international,2,16.52174,193,77,88,11.1451845,-18.791,53693,6,4,148651.06571250522
54670,Mission_impossible_(série_télévisée),0,12.608696,235,44,170,7.142344,22.610197,54670,3,9,17546.561716826338
56358,Roland_Emmerich,3,16.52174,152,129,0,8.301564,12.545812,56358,6,9,25363.723784812184
57308,Jean-Baptiste_Philibert_Willaumez,4,10.0,60,163,0,16.837582,-5.240459,57308,1,4,0.0
57443,Paul_Reynaud,4,11.304348,60,163,0,11.494161,-10.960083,57443,2,6,1049.0
58648,Les_Oiseaux_(film),5,12.608696,54,124,233,-6.6556206,20.841082,58648,3,1,9369.0
58672,Fenêtre_sur_cour,5,12.608696,54,124,233,19.585619,-14.136694,58672,3,1,4249.649472335292
59426,Bruno_Gollnisch,19,11.304348,185,97,239,-13.500356,-19.496883,59426,2,5,1049.0
64446,Grande-Synthe,13,10.0,0,134,74,-18.01857,0.7549579,64446,1,17,0.0
64954,Le_Dernier_Empereur,5,25.652174,54,124,233,0.047532927,17.975155,64954,13,1,17740.411261962225
65216,Bernardo_Bertolucci,5,30.869566,54,124,233,-12.97198,12.34846,65216,17,1,47965.77860625596
66044,Robert_Charlebois,20,11.304348,0,134,135,14.06456,-12.3711605,66044,2,12,1049.0
66104,Siam,2,13.913044,193,77,88,16.781048,11.757937,66104,4,4,125635.96518774766
66351,Alep,17,88.260864,235,94,0,-20.836874,7.5049505,66351,61,7,50851.866626111114
66698,Pauline_Bonaparte,4,11.304348,60,163,0,13.994032,13.222915,66698,2,4,1049.0
66970,Assemblée_générale_des_Nations_unies,2,15.217392,193,77,88,-0.3577933,-11.223686,66970,5,4,5812.641270635257
66977,Hydro-Québec,7,12.608696,0,157,116,15.6120615,-10.497224,66977,3,6,10343.087030380084
67609,Violette_Nozière,5,11.304348,54,124,233,-18.364294,9.603287,67609,2,1,1049.0
67786,Union_nationale_des_étudiants_de_France,4,12.608696,60,163,0,3.2206197,-18.919779,67786,3,6,3143.0
68944,Jourdain,7,13.913044,0,157,116,21.49776,-24.523806,68944,4,6,7628.056296375422
70289,Peter_Bogdanovich,5,12.608696,54,124,233,15.637207,15.06813,70289,3,1,8343.0
70864,La_Baule-Escoublac,7,13.913044,0,157,116,-23.306707,-1.9492589,70864,4,6,6424.644840632629
71150,Union_nationale_lycéenne,4,10.0,60,163,0,-16.309753,0.776417,71150,1,6,0.0
71299,Palmyre,17,32.173912,235,94,0,5.8749013,0.25528026,71299,18,7,3472.513788144783
71849,Sébastopol,9,17.826088,255,42,47,-13.545669,-2.5710566,71849,7,4,48021.334211583075
72663,Major_(industrie_musicale),14,37.391304,0,164,49,7.8413687,-20.896751,72663,22,2,0.3
75008,Jawaharlal_Nehru,2,13.913044,193,77,88,8.442944,17.18171,75008,4,4,15264.66182940567
76474,Gelsenkirchen,16,11.304348,153,96,160,-8.577869,7.1528406,76474,2,0,0.0
76906,Jonathan_Franzen,5,11.304348,54,124,233,-13.612974,-9.9988,76906,2,1,1049.0
77322,Dubrovnik,2,10.0,193,77,88,-15.733585,8.423709,77322,1,4,0.0
77978,Pauline_Lafont,13,10.0,0,134,74,7.4832463,14.140652,77978,1,17,0.0
78037,Puyi,5,11.304348,54,124,233,17.029758,5.5774198,78037,2,1,0.0
80682,Virgin_Megastore,14,38.695656,0,164,49,-0.74192095,23.642248,80682,23,2,3141.300000000001
80894,Sèvres,7,11.304348,0,157,116,-21.831968,-0.82455605,80894,2,6,515.7986684992574
81062,Plateau_du_Golan,7,16.52174,0,157,116,-12.413859,-16.560095,81062,6,7,9056.934795653891
81603,Dag_Hammarskjöld,2,15.217392,193,77,88,-3.5740185,14.985531,81603,5,4,11916.642860125212
82126,Photographe,2,17.826088,193,77,88,-2.754639,2.3969111,82126,7,4,6652.94831957989
87877,Maurice_Biraud,5,13.913044,54,124,233,-4.234861,11.569694,87877,4,1,3144.0
90580,Pascale_Petit_(actrice),5,11.304348,54,124,233,12.705345,-20.769894,90580,2,1,1049.0
91262,Charte_européenne_des_langues_régionales_ou_minoritaires,0,12.608696,235,44,170,-0.0022891886,-19.924679,91262,3,10,5189.0
91811,Natacha_Régnier,5,13.913044,54,124,233,-24.437603,5.889219,91811,4,1,2097.0
91855,Dominion,4,11.304348,60,163,0,14.132285,4.053684,91855,2,4,482.5842380572645
92150,Marlon_Brando,5,17.826088,54,124,233,-12.105524,-8.052545,92150,7,1,113533.2263592632
92425,Jean-Jacques_Servan-Schreiber,4,12.608696,60,163,0,-24.491367,1.4134955,92425,3,6,2096.0
93713,Dimitri_Bodianski,20,19.130436,0,134,135,-11.607858,-19.050383,93713,8,12,0.0
95067,Maurice_Bourgès-Maunoury,4,13.913044,60,163,0,-5.812104,-9.310325,95067,4,6,16758.70843228948
95258,Hubert_Védrine,4,11.304348,60,163,0,-13.738357,10.871853,95258,2,6,2096.0
95676,Nina_Hagen,0,11.304348,235,44,170,13.71223,-1.3352222,95676,2,2,4.833333333333333
97682,Peter_Sellers,0,11.304348,235,44,170,3.2002857,13.525698,97682,2,9,1049.0
98044,Collonges-la-Rouge,5,10.0,54,124,233,1.1924419,1.1275047,98044,1,1,0.0
98517,Martin_Landau,0,12.608696,235,44,170,-18.59435,-1.866042,98517,3,9,16731.2648001809
99244,Télérama,0,20.434784,235,44,170,-23.771208,18.910465,99244,9,2,34757.70628603421
100408,Calendrier_luni-solaire,0,13.913044,235,44,170,14.839146,-4.894444,100408,4,9,1047.0
101131,Carlos_Ghosn,19,17.826088,185,97,239,-17.707882,-24.85712,101131,7,5,2620.666666666667
101622,Mouvement_des_non-alignés,2,33.47826,193,77,88,0.8938894,10.573474,101622,19,4,19397.841901472188
101728,Abane_Ramdane,4,20.434784,60,163,0,-5.9443693,-15.046908,101728,9,6,1216.2876171051184
102542,Rugby_à_sept,9,11.304348,255,42,47,15.305959,23.781591,102542,2,0,0.0
102896,Lucerne,16,15.217392,153,96,160,-2.0953183,-17.129728,102896,5,15,600.5119047619039
104396,Lhassa,2,16.52174,193,77,88,-20.157524,19.007126,104396,6,4,10406.48254795855
104614,Famille_de_Gaulle,4,11.304348,60,163,0,-18.441833,-24.49777,104614,2,4,3141.0
104875,Amélie_Mauresmo,13,13.913044,0,134,74,10.448472,0.26159984,104875,4,17,1390.0000000000286
107177,Programme_des_Nations_unies_pour_le_développement,4,11.304348,60,163,0,15.430222,-17.79354,107177,2,4,5682.440479172838
109543,Haut-Karabagh,9,13.913044,255,42,47,-8.2511015,-12.223899,109543,4,4,4424.289870321547
110802,Ayatollah,2,11.304348,193,77,88,-14.786844,16.330717,110802,2,4,2096.0
111577,Brouillard,2,11.304348,193,77,88,4.0515823,11.335192,111577,2,4,4.666666666666667
112020,Jean-Claude_Bouillon,7,10.0,0,157,116,18.836317,9.828649,112020,1,6,0.0
112028,Jean-Paul_Tribout,7,12.608696,0,157,116,-1.6705016,20.85887,112028,3,6,2546.025324963132
112041,Pierre_Maguelon,7,11.304348,0,157,116,-10.461321,-1.5774313,112041,2,6,3333.592917555734
112921,Jean-Pierre_Haigneré,2,10.0,193,77,88,-3.3444982,-19.539993,112921,1,4,0.0
113666,Georges_Malbrunot,17,21.73913,235,94,0,-20.028688,23.34573,113666,10,7,0.06741647332302873
114140,Draveil,7,12.608696,0,157,116,13.1420355,24.943253,114140,3,6,3067.2550285177936
114165,Histoire_de_la_Lettonie,1,10.0,175,95,13,-3.6092103,-24.763596,114165,1,14,0.0
114932,Ossétie_du_Sud-Alanie,2,17.826088,193,77,88,-0.7911476,-1.7490424,114932,7,4,20694.58608117415
115547,Alexandre_Arcady,11,13.913044,0,168,183,-15.224818,14.554373,115547,4,1,3143.0
119274,Taux_de_chômage,7,11.304348,0,157,116,11.313203,9.201354,119274,2,6,3992.1903242024996
119481,Phalange_espagnole,2,11.304348,193,77,88,21.754404,-4.519012,119481,2,4,1049.0
120998,Boris_Jardel,20,19.130436,0,134,135,-3.1077108,5.591009,120998,8,12,0.0
121658,Bruno_Cremer,13,16.52174,0,134,74,3.4936025,19.279043,121658,6,17,10436.0
122293,Deborah_Kerr,2,13.913044,193,77,88,-6.41222,7.9441085,122293,4,1,120946.93819344592
122661,Abyss_(film),11,19.130436,0,168,183,-17.190187,-18.564203,122661,8,8,6960.499999999999
122874,Jean-Baptiste_Carrier,4,12.608696,60,163,0,-12.125718,-24.545208,122874,3,4,2480.691541791546
123859,Amiens_Sporting_Club,2,16.52174,193,77,88,-5.6631374,22.025593,123859,6,4,5233.0
124782,Jeu_décisif,13,10.0,0,134,74,18.517363,-1.3014965,124782,1,17,0.0
125534,Rutherford_B._Hayes,0,10.0,235,44,170,22.159473,22.56973,125534,1,2,0.0
126673,Ingénieur_du_son,14,37.391304,0,164,49,0.73035955,-15.838786,126673,22,2,1292.1380952380948
127586,Île_Jan_Mayen,2,13.913044,193,77,88,23.25424,24.434954,127586,4,4,501.42723611838665
127993,Docteur_Folamour,0,10.0,235,44,170,2.4954655,0.6306244,127993,1,9,0.0
128678,Skopje,2,19.130436,193,77,88,18.989618,2.0545204,128678,8,4,28839.53126099888
129065,Monsieur_Klein,13,10.0,0,134,74,-15.430942,-23.082567,129065,1,17,0.0
129224,Dorothy_Stratten,5,10.0,54,124,233,0.31611532,16.95576,129224,1,1,0.0
130831,Dacca,1,17.826088,175,95,13,15.588231,-9.761294,130831,7,14,14287.931568090817
130887,Marin_Karmitz,11,13.913044,0,168,183,10.592283,9.200318,130887,4,1,3293.5000000000005
131666,Donbass,9,15.217392,255,42,47,4.6331024,-0.3968612,131666,5,4,10742.377349106428
131992,Norodom_Sihanouk,2,33.47826,193,77,88,16.215763,11.364012,131992,19,4,77497.12811681804
132452,"La_Mouche_(film,_1986)",3,11.304348,152,129,0,-24.521765,-19.666973,132452,2,9,18576.0
132469,Lattaquié,17,89.565216,235,94,0,-18.820793,-6.7081647,132469,62,7,139.01369170414867
133321,Van_Halen,14,11.304348,0,164,49,15.095482,7.6853433,133321,2,2,3141.0
135708,Time_(magazine),0,16.52174,235,44,170,24.469734,3.509382,135708,6,2,4551.514285714286
135932,Calendrier_persan,0,12.608696,235,44,170,-2.72376,-6.7664175,135932,3,9,4184.0
137272,Marguerite_(prénom),0,13.913044,235,44,170,22.03844,10.73914,137272,4,10,9342.0
139383,Saint-Jean-de-Luz,13,11.304348,0,134,74,3.6859906,6.8039455,139383,2,17,0.0
139462,Guy_de_Lusignan,7,12.608696,0,157,116,-11.454414,7.5288777,139462,3,6,3141.0
141323,Nanni_Moretti,3,12.608696,152,129,0,-16.645252,-10.520749,141323,3,9,0.0
142682,Black_bloc,19,11.304348,185,97,239,-6.8684964,-5.670526,142682,2,5,4184.0
144382,Affaire_Mohammed_al-Durah,17,10.0,235,94,0,-2.2580822,-11.483883,144382,1,7,0.0
144494,Déportation_des_Acadiens,4,11.304348,60,163,0,-4.1343484,14.764974,144494,2,4,4429.022782769488
144863,Georges_Catroux,4,10.0,60,163,0,-2.4704013,-6.1041045,144863,1,6,0.0
146837,Guy_Forget,13,25.652174,0,134,74,22.597704,-3.8877456,146837,13,17,29636.219030969034
147065,Le_Dernier_Tango_à_Paris,5,25.652174,54,124,233,-22.190754,-10.126268,147065,13,1,74023.9132511374
147219,Yves_Allégret,5,16.52174,54,124,233,-5.508535,3.655838,147219,6,1,6553.514811873265
147755,Michel_Colombier,5,10.0,54,124,233,21.8262,-12.358723,147755,1,1,0.0
148439,Goran_Ivanišević,13,23.043478,0,134,74,23.903605,-9.753488,148439,11,17,2186.5644283167444
149723,Club_de_Paris,2,15.217392,193,77,88,-6.833586,7.3470416,149723,5,4,0.0
152204,Saclay,7,10.0,0,157,116,24.878946,-7.8797765,152204,1,6,0.0
153371,Élie_Chouraqui,13,11.304348,0,134,74,17.257158,16.89659,153371,2,17,11429.0
154687,Région_autonome_du_Tibet,2,12.608696,193,77,88,18.375914,18.975594,154687,3,4,0.0
155322,Championnat_de_France_féminin_de_football,15,23.043478,0,148,245,20.634785,-6.229973,155322,11,3,6948.533555129933
155631,Paris_Saint-Germain_Football_Club_(féminines),15,20.434784,0,148,245,-1.9192053,-15.996771,155631,9,3,3201.097021259261
155739,1900_(film),5,24.347828,54,124,233,-23.585941,-24.163641,155739,12,1,540.3689763440121
155991,Reynald_Pedros,15,17.826088,0,148,245,-2.5221057,4.6387734,155991,7,3,3034.1005045572488
156104,Metroid,3,13.913044,152,129,0,19.265902,23.633966,156104,4,9,0.3333333333333333
156249,Donetsk,9,16.52174,255,42,47,-9.885992,8.874499,156249,6,4,37588.09624974606
157190,Tuol_Sleng,2,11.304348,193,77,88,13.536936,-22.002872,157190,2,4,0.0
158029,Ernest_Borgnine,11,12.608696,0,168,183,-11.349837,1.0276759,158029,3,8,10424.0
158047,Isabelle_Aubret,0,11.304348,235,44,170,16.148567,9.833922,158047,2,2,912.9166666666663
159318,Tampa,0,10.0,235,44,170,10.888968,8.4430275,159318,1,2,0.0
160114,Lucien_Febvre,0,11.304348,235,44,170,20.390543,-22.992334,160114,2,10,1049.0
160166,Guerres_indiennes,4,13.913044,60,163,0,-5.3484645,4.596882,160166,4,4,6384.918237314992
161146,Code_OACI_des_aéroports,7,11.304348,0,157,116,-5.0442834,-15.253811,161146,2,6,7426.260225247998
162680,Robert_Lacoste,4,19.130436,60,163,0,-18.840263,-12.548279,162680,8,6,34475.41318306735
163312,Coexistence_pacifique,2,11.304348,193,77,88,1.0677234,11.194453,163312,2,4,0.0
163885,Gameplay,3,17.826088,152,129,0,-12.645972,18.366074,163885,7,9,6272.333333333334
164025,Pathet_Lao,2,17.826088,193,77,88,14.744311,21.754618,164025,7,4,0.0
164214,Colorado_(fleuve),7,11.304348,0,157,116,-8.264023,-18.056381,164214,2,6,3142.9993916135286
173633,David_Hockney,2,11.304348,193,77,88,22.722471,-3.417362,173633,2,4,1048.9999999999998
174495,Islamophobie,4,12.608696,60,163,0,-3.2618446,6.066553,174495,3,6,2097.0
177669,Série_de_jeux_vidéo,3,15.217392,152,129,0,12.066829,-13.253388,177669,5,9,10400.333333333334
177689,Église_apostolique_arménienne,18,11.304348,41,139,0,-12.113895,23.102726,177689,2,18,710.1465636384374
181452,Anne_Bancroft,3,16.52174,152,129,0,-18.268356,6.3764615,181452,6,9,32239.445995817314
184501,Coupe_Davis_2005,13,21.73913,0,134,74,-21.193445,6.4459796,184501,10,17,248.4574821746911
184951,Ioulia_Tymochenko,9,12.608696,255,42,47,-5.403172,-13.788264,184951,3,4,1161.3732133893623
185102,Northumberland_(comté),11,10.0,0,168,183,21.299358,-24.077078,185102,1,8,0.0
185864,Georges_Besse,19,10.0,185,97,239,21.768265,-22.944632,185864,1,5,0.0
186702,Fred_Zinnemann,5,20.434784,54,124,233,23.517805,6.92553,186702,9,1,137338.26482623894
187496,Coupe_du_monde_de_rugby_à_XV_2007,6,28.26087,0,126,172,24.716848,-11.260994,187496,15,11,4112.765423146632
187530,Partis_politiques_canadiens,4,12.608696,60,163,0,-0.40765086,-6.9196906,187530,3,6,14816.246549891079
188937,Hockey_sur_gazon,9,12.608696,255,42,47,3.232683,15.072691,188937,3,0,3141.0000000000005
190828,Mourenx,19,10.0,185,97,239,-0.2331173,-23.90252,190828,1,5,0.0
190937,Need_for_Speed_(série),3,12.608696,152,129,0,19.49715,14.470478,190937,3,9,11429.0
193770,Feyenoord_Rotterdam,16,12.608696,153,96,160,-7.4526315,-14.633493,193770,3,15,541.2844616743652
197048,Parti_Baas,17,13.913044,235,94,0,9.678242,23.590446,197048,4,7,0.0
197350,Fernand_Sardou,12,20.434784,0,160,220,21.906815,-8.901724,197350,9,16,1.9999999999999998
197351,Jackie_Sardou,12,19.130436,0,160,220,-0.9201542,-4.1927576,197351,8,16,0.0
197493,Lourdios-Ichère,19,11.304348,185,97,239,15.876258,12.062897,197493,2,5,2096.0
201454,Columbia_(fleuve),7,15.217392,0,157,116,-1.411448,-23.975462,201454,5,6,4935.734004329006
203701,Liste_des_dépendances_et_territoires_à_souveraineté_spéciale,1,13.913044,175,95,13,-7.431443,8.678266,203701,4,14,22527.440553748158
204174,Mel_Brooks,3,15.217392,152,129,0,6.695523,-15.294022,204174,5,9,27264.53029514345
205261,Des_agents_très_spéciaux,0,11.304348,235,44,170,12.207739,21.582342,205261,2,9,4082.884280262222
205355,Montérégie,7,12.608696,0,157,116,17.212896,-21.378866,205355,3,6,6054.739774751993
208126,Shirley_MacLaine,3,11.304348,152,129,0,-17.575153,-5.1563272,208126,2,9,0.0
208317,Renaud_de_Châtillon,7,11.304348,0,157,116,19.922369,18.806381,208317,2,6,0.0
210280,"Dumbo_(film,_1941)",0,15.217392,235,44,170,-8.488546,-7.21994,210280,5,2,19877.61819079614
210974,Kool_and_the_Gang,14,12.608696,0,164,49,-6.691436,-23.704884,210974,3,2,4184.000000000001
214205,U_Thant,1,10.0,175,95,13,8.35654,19.667358,214205,1,14,0.0
216039,Musicien,20,16.52174,0,134,135,3.6157358,-9.36224,216039,6,12,7320.0
217769,Hervé_Vilard,0,10.0,235,44,170,-17.277166,10.246032,217769,1,2,0.0
218729,Le_Lauréat,3,15.217392,152,129,0,23.416456,24.681892,218729,5,9,16317.136091394086
219644,Pop_Idol,14,37.391304,0,164,49,-17.250498,-2.5503623,219644,22,2,0.3
219768,Duran_Duran,14,10.0,0,164,49,16.223482,17.144836,219768,1,2,0.0
220717,Équipe_de_Croatie_de_football,16,17.826088,153,96,160,-19.63133,-19.18946,220717,7,15,25443.376035809906
221789,Nicolas_Hulot,19,15.217392,185,97,239,11.144954,3.2410905,221789,5,5,25886.66666666689
222077,Poznań,2,11.304348,193,77,88,-21.889397,19.775856,222077,2,4,1244.3102548668228
223817,János_Kádár,2,24.347828,193,77,88,-24.17669,20.87283,223817,12,4,2015.7799606615379
224051,Alain_Savary,4,16.52174,60,163,0,3.8800013,-14.688783,224051,6,6,37698.7692094695
224430,Reuters,17,34.782608,235,94,0,20.97843,-2.9760714,224430,20,7,33143.402659980595
226505,Wild_Wild_West,11,10.0,0,168,183,-14.648636,6.498378,226505,1,8,0.0
226727,Ultramontanisme,1,10.0,175,95,13,21.82533,3.8825066,226727,1,14,0.0
227020,Fabien_Galthié,6,40.0,0,126,172,-20.824762,6.435571,227020,24,11,29985.48871344848
228803,Climat_océanique,7,10.0,0,157,116,12.525036,-5.179189,228803,1,6,0.0
231840,Raphaël_Ibañez,6,23.043478,0,126,172,13.195091,-3.1360185,231840,11,11,26.9422968399513
233552,Olivier_Gérard,20,19.130436,0,134,135,19.563976,-9.903609,233552,8,12,0.0
235730,Perfluorocarbure,11,11.304348,0,168,183,-7.6638713,14.027577,235730,2,8,0.0
235731,Spider-Man_2,2,11.304348,193,77,88,7.0915713,5.6650367,235731,2,4,0.0
236462,Mikheil_Saakachvili,9,16.52174,255,42,47,-9.981305,-24.423029,236462,6,4,7301.333333333332
238054,Thomas_Hitzlsperger,16,10.0,153,96,160,-0.22109798,-24.685068,238054,1,0,0.0
238220,Super_Rugby,6,15.217392,0,126,172,-1.8947097,-7.799098,238220,5,11,100.15689947479417
239059,Richard_Gasquet,13,30.869566,0,134,74,3.1191716,-2.7237487,239059,17,17,2547.8005427415987
242602,Willow_(film),3,12.608696,152,129,0,-15.775633,4.139736,242602,3,9,2097.0
242664,John_Foster_Dulles,2,21.73913,193,77,88,20.31973,6.9491887,242664,10,4,1.5714285714285712
244393,Michaël_Llodra,13,23.043478,0,134,74,-11.6097145,7.4971766,244393,11,17,1197.7556990068645
245960,Raúl_Castro,2,11.304348,193,77,88,16.754604,7.5558753,245960,2,4,223.77738095238098
246602,Sun_Yat-sen,2,13.913044,193,77,88,20.310238,13.759051,246602,4,4,4617.617319491293
246676,Super_Mario_Bros.,3,12.608696,152,129,0,-14.893342,5.7620955,246676,3,9,0.0
250766,Patrice_Loko,15,11.304348,0,148,245,6.607553,6.9941835,250766,2,3,0.0
250825,Eintracht_Francfort,9,13.913044,255,42,47,-7.400112,21.606182,250825,4,0,4185.0
251417,Digimon,3,11.304348,152,129,0,-0.7505879,-18.10031,251417,2,9,1049.0000000000002
252717,Imre_Nagy,2,15.217392,193,77,88,0.65107834,24.407095,252717,5,4,12.161764705882351
255410,Frank_de_Boer,16,13.913044,153,96,160,17.558432,0.4791632,255410,4,15,545.8726811827778
255695,Sleepers_(film),5,11.304348,54,124,233,5.2977376,-21.431883,255695,2,1,1049.0
255887,Mohamed_Khider,4,10.0,60,163,0,0.7701824,4.1543202,255887,1,6,0.0
257617,Tosiwo_Nakayama,1,15.217392,175,95,13,15.653285,-14.55703,257617,5,14,0.0
260460,Pornic,7,10.0,0,157,116,-20.77515,0.8294728,260460,1,6,0.0
260495,Congrès_des_États_fédérés_de_Micronésie,1,15.217392,175,95,13,-4.704135,18.15668,260495,5,14,0.0
261098,Dannii_Minogue,14,10.0,0,164,49,11.406136,-22.68764,261098,1,2,0.0
261259,Henri_Leconte,13,19.130436,0,134,74,4.4823008,3.0261726,261259,8,17,317.8428571428544
261815,Christian_Califano,6,10.0,0,126,172,6.8884664,-9.254937,261815,1,11,0.0
262656,Coupe_du_Maroc_de_football,15,10.0,0,148,245,-21.324514,-23.743134,262656,1,3,0.0
262756,Chuuk,1,15.217392,175,95,13,-3.975826,2.5819764,262756,5,14,0.0
262945,Jules_Bonnot,13,10.0,0,134,74,6.8811116,22.936674,262945,1,17,0.0
264220,Kominform,2,11.304348,193,77,88,1.4638392,-12.208896,264220,2,4,0.0
264423,Gaël_Monfils,13,29.565216,0,134,74,11.822812,8.640268,264423,16,17,2540.2612029147585
266981,Le_train_sifflera_trois_fois,5,20.434784,54,124,233,17.192287,-19.052608,266981,9,1,7277.732012017842
268422,Michel_Côté,1,10.0,175,95,13,-20.88142,1.354195,268422,1,14,0.0
268950,Guillaume_Peltier,19,10.0,185,97,239,18.747559,-11.635127,268950,1,5,0.0
270988,Rod_Steiger,11,13.913044,0,168,183,7.76711,9.865036,270988,4,8,6308.333333333333
272861,Diane_Kurys,11,13.913044,0,168,183,-16.459639,11.015266,272861,4,1,6269.0
276262,Louis_Schweitzer_(haut_fonctionnaire),19,13.913044,185,97,239,-20.167688,3.924353,276262,4,5,1049.0
287294,Michael_Keaton,3,11.304348,152,129,0,12.65879,14.442358,287294,2,9,17561.0
287666,Galilée_(région),7,11.304348,0,157,116,0.3449583,-16.00808,287666,2,6,0.0
289320,Muhammad_Ali_Jinnah,1,16.52174,175,95,13,12.678596,9.2079735,289320,6,14,1307.85
289697,Rupert_Everett,5,10.0,54,124,233,-19.63824,19.408083,289697,1,1,0.0
289828,Organisation_européenne_de_coopération_économique,2,12.608696,193,77,88,-2.1296322,-24.957108,289828,3,4,2096.0
296204,Yann_Piat,19,10.0,185,97,239,3.3822043,-22.6153,296204,1,5,0.0
296228,Guy_Novès,6,26.956522,0,126,172,15.524483,16.902315,296228,14,11,130.47953906873593
302606,Mahmoud_Ahmadinejad,2,11.304348,193,77,88,17.844637,11.643823,302606,2,4,3140.9999999999995
304717,Chaîne_des_Cascades,7,11.304348,0,157,116,-13.162067,-7.8687162,304717,2,6,524.0
304990,Gareth_Thomas,6,10.0,0,126,172,17.96943,5.0826864,304990,1,11,0.0
306822,Laurent_Lucas,3,11.304348,152,129,0,-1.3616501,-16.92643,306822,2,9,0.0
311859,Kim_Novak,11,11.304348,0,168,183,11.76866,-9.022344,311859,2,8,1049.0
314742,Frankenstein_Junior,3,10.0,152,129,0,9.297329,-2.7697654,314742,1,9,0.0
315925,Gilbert_Montagné,14,11.304348,0,164,49,-23.336473,-23.329449,315925,2,2,0.0
316476,Une_journée_en_enfer,14,10.0,0,164,49,-4.8683844,-17.15854,316476,1,2,0.0
316728,Henri_Decoin,5,10.0,54,124,233,-6.622702,22.449991,316728,1,1,0.0
318409,Arcade_Fire,0,12.608696,235,44,170,-7.785748,-13.991179,318409,3,2,3579.8214285714325
318881,Corentin_Martins,15,12.608696,0,148,245,-14.762077,2.7326767,318881,3,3,2569.209078237736
320071,Affaire_Malik_Oussekine,4,11.304348,60,163,0,-3.808938,22.01957,320071,2,6,1049.0
320754,Liste_des_rois_de_Sicile,0,16.52174,235,44,170,-15.953876,1.5175381,320754,6,10,6281.0
321095,Patrick_Juvet,0,13.913044,235,44,170,-18.24525,-18.325506,321095,4,2,2260.4047619047624
321185,The_Economist,9,10.0,255,42,47,-23.745121,-2.3877409,321185,1,4,0.0
330380,La_Vie_rêvée_des_anges,5,10.0,54,124,233,2.0945234,2.053664,330380,1,1,0.0
330421,Wayne_Rooney,16,15.217392,153,96,160,6.4310703,6.640514,330421,5,15,55758.541539346224
331707,CA_Independiente,8,10.0,253,0,107,-14.588505,-21.264065,331707,1,0,0.0
340906,Fluide_respiratoire,11,12.608696,0,168,183,3.017252,2.5671942,340906,3,8,524.0
341524,Christian_Vieri,16,11.304348,153,96,160,6.0662103,-13.897463,341524,2,15,7759.5354257423105
342933,Donna_Summer,0,12.608696,235,44,170,10.941279,-24.88916,342933,3,2,4325.154761904761
348217,Hama,17,92.17391,235,94,0,14.2392025,-6.0394187,348217,64,7,343.87165033138484
352855,Olivier_Baroux,13,20.434784,0,134,74,-4.8339453,7.7827835,352855,9,17,8247.966666666658
354605,Red_Bull_Salzbourg,9,16.52174,255,42,47,-8.188948,-5.906369,354605,6,0,4824.843564213513
356267,Paul_Scholes,16,11.304348,153,96,160,-12.747967,15.69653,356267,2,15,0.0
356923,David_LaChapelle,2,10.0,193,77,88,8.766118,8.818426,356923,1,4,0.0
357181,Beauté_volée,5,20.434784,54,124,233,23.586935,-5.3538857,357181,9,1,0.0
358374,Philippe_Risoli,13,10.0,0,134,74,23.856339,-22.362564,358374,1,17,0.0
359144,Parc_national_de_Banff,7,11.304348,0,157,116,2.8285234,6.893008,359144,2,6,524.0
359189,Edmílson,8,10.0,253,0,107,-22.27987,-3.4944184,359189,1,0,0.0
360365,Loi_martiale,9,16.52174,255,42,47,-23.939552,-0.34678558,360365,6,4,2145.7269583932043
363124,Lloyd_Bridges,5,12.608696,54,124,233,12.589516,19.683836,363124,3,1,18856.371240635865
363310,John_Turturro,3,13.913044,152,129,0,-2.3467844,-4.2085195,363310,4,9,3141.000000000001
364914,1956_au_cinéma,0,16.52174,235,44,170,3.8792188,-12.078706,364914,6,9,13041.361047938994
365148,Xavier_Gélin,5,15.217392,54,124,233,14.409691,5.0284615,365148,5,1,1444.5174774200145
367153,Salomé_Zourabichvili,9,17.826088,255,42,47,4.060109,12.163599,367153,7,4,3141.8333333333335
367887,Frank_Darabont,5,13.913044,54,124,233,24.522139,-12.697366,367887,4,1,4187.0
371282,Faut_pas_rêver,0,11.304348,235,44,170,10.880674,-10.783689,371282,2,2,1049.0
381503,Rodney_King,14,11.304348,0,164,49,-1.286045,23.880173,381503,2,2,1049.0000000000002
382279,Noyades_de_Nantes,4,10.0,60,163,0,3.9095078,-22.630663,382279,1,4,0.0
384883,Kenji_Mizoguchi,0,10.0,235,44,170,11.429152,-0.78976876,384883,1,9,0.0
399122,Prix_Juno,14,37.391304,0,164,49,11.272974,2.941722,399122,22,2,0.3
403877,Marc_Pajot,7,10.0,0,157,116,15.904893,5.649665,403877,1,6,0.0
405570,Port-Saïd,2,11.304348,193,77,88,8.999575,-8.250064,405570,2,6,7732.19599812903
407181,Première_guerre_balkanique,2,13.913044,193,77,88,-8.573242,-15.936582,407181,4,4,10048.139716461239
409367,Stade_de_la_Licorne,2,11.304348,193,77,88,13.479971,-13.126622,409367,2,4,0.0
420583,Équipe_du_Togo_de_football,15,20.434784,0,148,245,1.6117845,23.69467,420583,9,3,8922.876891269138
423111,Famille_Servan-Schreiber,4,11.304348,60,163,0,-22.828377,13.728148,423111,2,6,0.0
428061,Roberto_Mancini,16,16.52174,153,96,160,-3.4562778,-17.872568,428061,6,15,7437.440270336835
432831,Emmanuel_Adebayor,15,13.913044,0,148,245,-13.666629,20.128881,432831,4,3,2460.4977017374035
433442,William_Holden,11,12.608696,0,168,183,-6.081224,15.553479,433442,3,8,3143.0
435754,Marioupol,9,20.434784,255,42,47,-7.019238,-21.139095,435754,9,4,50394.69988007851
440262,Mourad_Boudjellal,6,11.304348,0,126,172,-9.372948,-5.528033,440262,2,11,2427.0470262232557
446475,Geraldine_Page,0,10.0,235,44,170,22.193054,4.518306,446475,1,9,0.0
450119,Nuon_Chea,2,12.608696,193,77,88,-5.125691,22.336681,450119,3,4,0.5
450123,Khieu_Samphân,2,11.304348,193,77,88,-15.871935,-15.900851,450123,2,4,0.0
458006,F91_Dudelange,9,11.304348,255,42,47,-6.9557767,-18.72419,458006,2,0,0.0
461758,FK_Jablonec,9,12.608696,255,42,47,-11.388391,-6.4679275,461758,3,0,2542.5078571428135
461932,Guesch_Patti,13,10.0,0,134,74,-0.17476521,-12.523154,461932,1,17,0.0
462080,Derby_(sport),8,11.304348,253,0,107,-17.844715,2.0696983,462080,2,0,1049.0000000000002
467330,Chakhtar_Donetsk,9,16.52174,255,42,47,1.433663,-10.330808,467330,6,0,47713.4710797374
467874,El_País,2,12.608696,193,77,88,8.878117,23.047155,467874,3,4,2378.0865745969
476970,Helena_Noguerra,11,10.0,0,168,183,2.4057405,8.977235,476970,1,8,0.0
479396,Liste_des_sélectionnés_en_équipe_de_France_de_rugby_à_XV,6,42.608696,0,126,172,-11.508588,16.543537,479396,26,11,3058.881961713477
482829,Yves_Rénier,13,13.913044,0,134,74,-7.0949206,1.2919121,482829,4,17,19080.73333333334
486573,Claude_Sérillon,4,10.0,60,163,0,-21.170479,-19.483913,486573,1,6,0.0
486760,Francine_Bergé,13,12.608696,0,134,74,2.7840586,-9.394237,486760,3,17,2097.0
488846,Josée_Dayan,11,19.130436,0,168,183,11.858109,-7.7696414,488846,8,1,26412.46666666688
494287,Équipe_des_Fidji_de_rugby_à_XV,6,30.869566,0,126,172,-24.484034,23.204168,494287,17,11,6350.524609141656
495959,Équipe_de_Madagascar_de_football,15,11.304348,0,148,245,-17.762178,16.685396,495959,2,3,0.0
495981,Équipe_de_Mauritanie_de_football,15,12.608696,0,148,245,10.209798,-12.854718,495981,3,3,3206.1024271683445
496459,Déstalinisation,2,25.652174,193,77,88,12.269887,-6.4233894,496459,13,4,580.0521969516545
501908,Campagne_des_Cent_Fleurs,2,13.913044,193,77,88,-23.39226,-21.044048,501908,4,4,111.11486585310114
502585,Richard_Dreyfuss,11,13.913044,0,168,183,-12.458513,-10.895944,502585,4,8,11881.333333333336
505373,Vivica_A._Fox,3,11.304348,152,129,0,24.371037,7.559112,505373,2,2,14840.450806697825
513058,Gérard_Miller,4,10.0,60,163,0,-3.5975928,13.861654,513058,1,5,0.0
518415,Coupe_Davis_1991,13,21.73913,0,134,74,-12.771271,-13.28577,518415,10,17,2132.979114170127
528459,Douchka_Esposito,5,10.0,54,124,233,20.001003,-19.16397,528459,1,1,0.0
528925,Autonomie,1,10.0,175,95,13,-20.254183,-0.69501317,528925,1,14,0.0
532762,Soulèvement_de_Wuchang,2,11.304348,193,77,88,-3.4924612,3.1587186,532762,2,9,3542.2781917545726
538293,Gheorghe_Gheorghiu-Dej,2,17.826088,193,77,88,-6.716078,-18.17584,538293,7,4,0.0
540273,Calendrier_lunaire,0,13.913044,235,44,170,-19.841478,22.908817,540273,4,9,1047.0
542792,France-Nouvelle-Zélande_en_rugby_à_XV,6,24.347828,0,126,172,17.27931,-3.548989,542792,12,11,1349.7908659967486
546811,Ventilation_liquidienne,11,12.608696,0,168,183,-12.9486065,6.348946,546811,3,8,524.0
554146,Triades_chinoises,2,11.304348,193,77,88,16.414934,11.211135,554146,2,4,1742.8413889866686
555661,Alliance_populaire_révolutionnaire_américaine,4,11.304348,60,163,0,20.805927,5.505909,555661,2,6,1049.0
562759,Argentine-France_en_rugby_à_XV,6,12.608696,0,126,172,21.302544,-3.4938002,562759,3,11,0.0
572224,Grenade_à_main,19,11.304348,185,97,239,-17.63946,10.963051,572224,2,5,0.0
573720,Michael_Biehn,11,11.304348,0,168,183,-4.5822363,20.744394,573720,2,8,7902.499999999998
574874,Vera_Miles,11,10.0,0,168,183,-18.32756,6.2873254,574874,1,8,0.0
585064,Euroscepticisme,19,17.826088,185,97,239,14.031076,-24.232742,585064,7,5,7645.499999999999
588949,Claude_Le_Roy,15,15.217392,0,148,245,-23.91701,-6.2693353,588949,5,3,2097.0
590388,Fidji-France_en_rugby_à_XV,6,10.0,0,126,172,13.528115,-2.0816958,590388,1,11,0.0
594231,Stade_Jean-Bouin_(Paris),15,12.608696,0,148,245,-13.667518,6.5396304,594231,3,3,11796.658640212854
597524,Stade_de_Feyenoord,16,11.304348,153,96,160,-11.68698,4.0940504,597524,2,15,5.333333333333334
599995,Nicolas_Mahut,13,32.173912,0,134,74,-20.544588,-10.444077,599995,18,17,3068.6320362480947
600725,Sergio_Parisse,6,16.52174,0,126,172,17.846968,-15.307112,600725,6,11,20.871265662442134
605565,Nelson_Monfort,13,11.304348,0,134,74,-23.608074,-8.980422,605565,2,17,30600.0
612093,Veltins-Arena,16,11.304348,153,96,160,18.718872,-2.9561832,612093,2,0,0.0
613042,Klaas-Jan_Huntelaar,9,11.304348,255,42,47,8.497572,-9.484339,613042,2,0,1049.0
620274,Dominique_Bourg,4,10.0,60,163,0,-11.774425,24.453602,620274,1,6,0.0
621108,Saïd_Boualam,4,16.52174,60,163,0,7.1180387,-20.210617,621108,6,6,1458.3623578179881
621611,Monique_Chaumette,13,11.304348,0,134,74,-20.938025,24.752861,621611,2,17,3141.0
621706,Québec_solidaire,4,13.913044,60,163,0,18.16355,8.709527,621706,4,6,52148.28035710434
622490,Michel_Fau,11,10.0,0,168,183,-11.023687,9.177346,622490,1,1,0.0
623923,Marlee_Matlin,11,10.0,0,168,183,5.186035,-0.3267013,623923,1,8,0.0
624637,Mario_Ledesma,6,16.52174,0,126,172,3.511876,-13.521327,624637,6,11,5215.1307129544775
624762,Gonzalo_Quesada,6,13.913044,0,126,172,2.4335763,13.9317875,624762,4,11,12715.731666528647
626182,Arnaud_Boetsch,13,16.52174,0,134,74,4.531267,5.285798,626182,6,17,0.644047619047619
626751,Delphine_Batho,4,13.913044,60,163,0,10.740521,-18.945715,626751,4,6,27496.166666667006
628019,Marc_Lièvremont,6,28.26087,0,126,172,22.920341,15.425007,628019,15,11,10533.183192994247
632171,Liberté_de_religion,2,10.0,193,77,88,13.764191,3.7393212,632171,1,4,0.0
635477,Georges_Loustaunau-Lacau,4,12.608696,60,163,0,7.6233582,21.719755,635477,3,6,2097.0
641185,Émile_Servan-Schreiber,4,11.304348,60,163,0,-6.3876657,-24.33525,641185,2,6,0.0
641975,Gérard_Noiriel,4,11.304348,60,163,0,24.784657,-15.502424,641975,2,6,1049.0
651553,Tamouls,1,13.913044,175,95,13,-6.3292937,-20.738794,651553,4,14,3979.7549559892827
660862,"Robin_des_Bois,_prince_des_voleurs",11,15.217392,0,168,183,-24.34992,9.402036,660862,5,8,4574.499999999998
666523,Salomé_Lelouch,11,12.608696,0,168,183,-9.493068,-18.363361,666523,3,1,2097.0
680375,Easy_listening,14,37.391304,0,164,49,20.132408,-22.167725,680375,22,2,0.3
682434,Abraham_Laboriel_Junior,14,10.0,0,164,49,12.668125,-6.479704,682434,1,2,0.0
691212,Rue_du_Faubourg-Saint-Honoré,4,10.0,60,163,0,10.001306,-0.5292971,691212,1,4,0.0
694994,Renaissance_sportive_de_Berkane,15,11.304348,0,148,245,-15.721225,-18.027836,694994,2,3,1049.0
695602,Renault_Floride_et_Caravelle,3,12.608696,152,129,0,2.9753118,-5.623997,695602,3,9,1049.0
700384,Michel_Wieviorka,19,10.0,185,97,239,10.923302,-23.059195,700384,1,5,0.0
702377,Frédéric_Piquionne,8,10.0,253,0,107,-10.574279,-21.906265,702377,1,0,0.0
706025,William_Hurt,11,20.434784,0,168,183,4.182357,13.4459,706025,9,8,73877.83605677752
710458,Minorité,19,10.0,185,97,239,-12.086271,14.338433,710458,1,5,0.0
714305,Pierre_Larrouturou,19,10.0,185,97,239,24.510208,-22.72718,714305,1,5,0.0
719197,Peter_Graves,0,11.304348,235,44,170,5.5144205,19.31022,719197,2,9,18054.287907302525
730437,Classement_World_Rugby_des_équipes_nationales_de_rugby_à_XV,6,12.608696,0,126,172,-21.501286,-13.251254,730437,3,11,0.0
731711,Bruno_Retailleau,19,12.608696,185,97,239,-20.982944,-22.6706,731711,3,5,8216.833333333185
741501,Paul_Michael_Glaser,5,10.0,54,124,233,6.631477,19.150587,741501,1,1,0.0
750307,Magasin_de_musique_en_ligne,14,37.391304,0,164,49,3.459392,-20.996935,750307,22,2,0.3
751865,"Poséidon_(film,_2006)",11,11.304348,0,168,183,-10.140574,16.190136,751865,2,8,397.9999999999999
754751,Władysław_Gomułka,2,23.043478,193,77,88,-8.350721,11.038756,754751,11,4,116.15262805821617
760476,Zohra_Drif,4,11.304348,60,163,0,17.361824,6.4505544,760476,2,6,0.0
773577,Nick_Brimble,11,10.0,0,168,183,-16.036476,13.534614,773577,1,8,0.0
773579,Mary_Elizabeth_Mastrantonio,11,12.608696,0,168,183,23.378983,21.413431,773579,3,8,523.1666666666667
773953,Mátyás_Rákosi,2,20.434784,193,77,88,-19.44879,-24.180693,773953,9,4,150.94769933140017
775976,Armée_de_libération_nationale_(Algérie),4,20.434784,60,163,0,10.496966,10.649199,775976,9,6,2187.6401313501315
782143,George_Wendt,11,10.0,0,168,183,13.951297,21.925106,782143,1,8,0.0
791177,Esclavage_dans_le_monde_arabo-musulman,4,10.0,60,163,0,-2.5944967,-14.822689,791177,1,6,0.0
794003,Discographie_de_Michel_Sardou,12,19.130436,0,160,220,6.5094733,13.623597,794003,8,16,0.0
795816,Éléonore_Gosset,11,10.0,0,168,183,1.4621121,-9.079625,795816,1,1,0.0
796572,Bob_Gunton,5,11.304348,54,124,233,3.8744082,22.446533,796572,2,1,0.0
796615,Kyra_Sedgwick,3,11.304348,152,129,0,-17.429245,-5.3484726,796615,2,9,0.0
798899,William_Goldman,11,11.304348,0,168,183,7.25032,12.731069,798899,2,8,2096.0
801652,Point_zéro_des_routes_de_France,7,11.304348,0,157,116,-13.162403,2.664062,801652,2,6,1048.9999999999998
807202,Ryan_Babel,16,23.043478,153,96,160,22.444017,-23.409296,807202,11,15,12187.39919328967
810706,"Le_Fugitif_(film,_1993)",2,12.608696,193,77,88,6.6546144,-14.456389,810706,3,9,14228.934638349268
814489,Anthony_Le_Tallec,9,10.0,255,42,47,-6.8277664,-10.131351,814489,1,0,0.0
814918,Guy_Williams_(acteur),0,10.0,235,44,170,5.003025,18.604858,814918,1,9,0.0
815608,Thomas_Mitchell,5,12.608696,54,124,233,0.19313446,2.3741746,815608,3,1,3141.0
822534,Jack_Ryan,2,11.304348,193,77,88,-18.180887,1.3636061,822534,2,4,1049.0
823001,Gareth_Southgate,16,10.0,153,96,160,-13.095954,-8.205521,823001,1,15,0.0
825812,Delphine_Chanéac,3,10.0,152,129,0,4.4387116,23.254337,825812,1,9,0.0
835814,Ferdinand_de_Bourbon-Siciles,0,13.913044,235,44,170,-14.149132,-15.073947,835814,4,10,523.5
836354,Michael_Wincott,11,10.0,0,168,183,13.761846,-20.576263,836354,1,8,0.0
836448,Porto_Velho,19,10.0,185,97,239,-7.795194,-11.06053,836448,1,5,0.0
840490,Dominique_Cantien,19,10.0,185,97,239,-3.1239314,-18.900143,840490,1,5,0.0
843354,Maxime_Médard,6,30.869566,0,126,172,-3.9652207,-21.138168,843354,17,11,61.23022202106534
843413,Loi-cadre_Defferre,4,10.0,60,163,0,21.47842,23.122929,843413,1,4,0.0
846948,Les_Enfants_de_la_télé_(France),13,20.434784,0,134,74,3.7420382,12.567823,846948,9,17,67405.46666666673
847599,Français_(peuple),0,13.913044,235,44,170,-5.425493,9.838532,847599,4,10,3157.0
858346,Anthony_Delon,5,15.217392,54,124,233,18.423006,-8.00503,858346,5,1,19949.96394322234
860766,Olivier_Echouafni,15,17.826088,0,148,245,22.025755,-23.97194,860766,7,3,0.4761904761904761
864806,Nils_Tavernier,11,15.217392,0,168,183,3.9754388,17.181406,864806,5,1,10424.0
874865,Fulgence_Ouedraogo,6,10.0,0,126,172,6.1927433,8.682345,874865,1,11,0.0
875257,Histoire_du_Pakistan,1,15.217392,175,95,13,7.3637557,5.0381165,875257,5,14,29755.213172269665
875323,Ourdou,1,16.52174,175,95,13,-9.201716,19.412685,875323,6,14,5651.004955989288
877959,Guilhem_Guirado,6,38.695656,0,126,172,1.0741096,15.945831,877959,23,11,1955.93028007462
882683,Jack_Cassidy,11,10.0,0,168,183,-18.744118,17.201529,882683,1,8,0.0
882709,Louis_Jourdan,0,11.304348,235,44,170,-24.537207,6.205786,882709,2,9,1049.0
889928,Emmanuelle_Bercot,3,11.304348,152,129,0,11.5539255,-12.928046,889928,2,9,18576.0
895994,Thibault_Lassalle,19,10.0,185,97,239,-23.072298,-11.310467,895994,1,5,0.0
897154,Myriam_Boyer,11,12.608696,0,168,183,-17.277956,6.464437,897154,3,8,4187.0
898921,Marc_Éliard,20,19.130436,0,134,135,23.92707,2.383054,898921,8,12,0.0
899678,Robert_Loggia,3,11.304348,152,129,0,-17.539598,-6.9646235,899678,2,9,3141.000000000001
899878,Régionalisme_(politique),19,11.304348,185,97,239,22.964746,20.33995,899878,2,5,1049.0
903251,Jason_Patric,5,10.0,54,124,233,-23.813807,-1.5105636,903251,1,1,0.0
907222,Mathieu_Bodmer,2,11.304348,193,77,88,20.089249,6.751436,907222,2,4,0.0
913385,Gene_Barry,5,10.0,54,124,233,16.499262,-13.66456,913385,1,1,0.0
920152,Katharine_Ross,3,12.608696,152,129,0,16.977867,-14.358357,920152,3,9,302.09490772385493
923202,Forces_armées_turques,9,10.0,255,42,47,-17.239866,-8.171661,923202,1,4,0.0
923518,Syndrome_nerveux_des_hautes_pressions,11,10.0,0,168,183,-16.56698,8.741533,923518,1,8,0.0
925741,Judy_Greer,11,10.0,0,168,183,-2.406909,-2.8711255,925741,1,8,0.0
925787,Femme_fatale,11,10.0,0,168,183,3.8167834,12.748168,925787,1,8,0.0
927406,Gabrielle_Russier,11,10.0,0,168,183,-9.596809,0.4567672,927406,1,1,0.0
930347,Joanne_Whalley,3,10.0,152,129,0,4.4556384,-23.860552,930347,1,9,0.0
930533,Neal_McDonough,11,10.0,0,168,183,15.091717,-8.589409,930533,1,8,0.0
932904,Parti_libéral_colombien,4,11.304348,60,163,0,-12.364131,-4.8392653,932904,2,6,1049.0
934492,Stéphane_Ruffier,8,13.913044,253,0,107,14.206702,-13.600185,934492,4,0,0.0
934688,Sela_Ward,3,13.913044,152,129,0,18.521183,-17.8757,934688,4,9,16272.344999708264
946885,Jeu_de_course,3,12.608696,152,129,0,-13.363202,20.928478,946885,3,9,0.0
951307,Christophe_Sirchis,20,10.0,0,134,135,0.5121176,-23.985605,951307,1,12,0.0
951508,Katy_Jurado,5,12.608696,54,124,233,-6.648417,-5.9488206,951508,3,1,236.79999999999998
952654,Brioni,0,10.0,235,44,170,17.160944,10.006036,952654,1,2,0.0
957751,Kevin_Durand,11,10.0,0,168,183,4.67562,4.867925,957751,1,8,0.0
961573,Chiwetel_Ejiofor,11,13.913044,0,168,183,-4.7084103,7.15964,961573,4,8,6263.999999999999
962075,Joachim_Löw,16,13.913044,153,96,160,-8.775949,24.091387,962075,4,0,2097.0
963617,Bataille_de_Montgisard,7,10.0,0,157,116,-2.798842,22.816671,963617,1,6,0.0
966614,Guerre_civile_du_Sri_Lanka,1,12.608696,175,95,13,3.4604294,11.6014805,966614,3,14,5778.2450440107095
974458,Forum_des_Halles,4,11.304348,60,163,0,-24.999105,-8.86394,974458,2,5,1049.0
977697,Kévin_Monnet-Paquet,8,15.217392,253,0,107,-24.064676,-4.6022243,977697,5,0,697.3333333333402
990110,Enrico_Chiesa,16,11.304348,153,96,160,11.984706,2.9472365,990110,2,15,1049.0
993065,Rufus_Sewell,11,12.608696,0,168,183,-5.5242887,1.0219826,993065,3,8,3143.0
995122,Fiona_Gélin,5,12.608696,54,124,233,-10.221608,-6.0526834,995122,3,1,0.0
996183,Raqqa,17,93.478264,235,94,0,7.1180305,-5.580789,996183,65,7,63726.20635554995
997341,Patinage_de_vitesse_sur_piste_courte_aux_Jeux_olympiques_de_1998,4,12.608696,60,163,0,13.749032,-0.44554946,997341,3,6,2097.0
1001514,Idleb,17,88.260864,235,94,0,-12.272007,19.917257,1001514,61,7,576.502698651847
1011362,Plongée_profonde,11,10.0,0,168,183,-8.519816,-22.046062,1011362,1,8,0.0
1015575,Yoann_Huget,6,33.47826,0,126,172,17.085783,10.652499,1015575,19,11,44.91993847935764
1018309,Organisation_du_traité_de_sécurité_collective,2,21.73913,193,77,88,11.204887,2.3091028,1018309,10,4,57597.885411463554
1023432,Morgan_Parra,6,29.565216,0,126,172,-5.065586,2.7886138,1023432,16,11,245.64142715150183
1027699,Montalembert,4,10.0,60,163,0,-11.424156,17.31532,1027699,1,4,0.0
1042456,Déborah_François,5,10.0,54,124,233,-0.49376488,-13.599508,1042456,1,1,0.0
1052099,Kathryn_Hahn,5,11.304348,54,124,233,-5.693803,20.852787,1052099,2,1,6264.0
1084094,Danger_immédiat_(film),2,10.0,193,77,88,0.43911913,-22.167532,1084094,1,4,0.0
1097797,Oliver_Hudson,11,10.0,0,168,183,23.777422,-14.805417,1097797,1,8,0.0
1099833,Roy_Clark,20,10.0,0,134,135,-15.845911,-17.881763,1099833,1,12,0.0
1100655,Otto_Kruger,5,10.0,54,124,233,-2.5477915,-6.6995845,1100655,1,1,0.0
1108324,Roger_Cornillac,11,10.0,0,168,183,7.246978,20.567772,1108324,1,8,0.0
1108909,Sainte_Marguerite,0,10.0,235,44,170,19.172655,19.135105,1108909,1,10,0.0
1109971,Coupe_du_monde_de_rugby_à_XV_2011,6,32.173912,0,126,172,8.162841,19.897102,1109971,18,11,2628.0651048362465
1111157,Louis_Picamoles,6,37.391304,0,126,172,11.285844,-19.771317,1111157,22,11,25771.42264303409
1124035,Valentin_Sardou,12,12.608696,0,160,220,-17.761402,-11.871967,1124035,3,16,0.0
1133303,Jean_Viard,4,10.0,60,163,0,-24.823011,23.470932,1133303,1,6,0.0
1139370,Bernie_Sanders,4,11.304348,60,163,0,5.6046767,15.679394,1139370,2,6,3141.0
1162663,Irlande-Nouvelle-Zélande_en_rugby_à_XV,6,10.0,0,126,172,-9.310878,0.7419205,1162663,1,11,0.0
1164661,15e_bataillon_de_chasseurs_alpins,4,10.0,60,163,0,-6.234769,8.141006,1164661,1,6,0.0
1166938,Décompte_des_points_au_rugby_à_XV,6,11.304348,0,126,172,3.248979,-10.190988,1166938,2,11,0.0
1184110,Scar_(Disney),11,12.608696,0,168,183,3.3631291,-21.07511,1184110,3,8,522.4999999999999
1190596,Richard_Powers,5,10.0,54,124,233,-18.741013,-19.915754,1190596,1,1,0.0
1191050,Pilotes_de_Columbo,5,11.304348,54,124,233,-13.463111,-4.5546646,1191050,2,1,1049.0
1196379,Jablonec_nad_Nisou,9,11.304348,255,42,47,16.862823,-19.196064,1196379,2,0,0.0
1201184,Amdo,2,13.913044,193,77,88,-20.327291,2.1367207,1201184,4,4,134.65564492755746
1201925,Kham,2,13.913044,193,77,88,-1.4626743,3.7201257,1201925,4,4,134.65564492755746
1206311,Mevlüt_Erdinç,9,10.0,255,42,47,-6.8426094,-19.194784,1206311,1,0,0.0
1220128,Saison_3_de_Columbo,11,12.608696,0,168,183,10.602176,3.2900636,1220128,3,8,2096.9999999999995
1240210,Congrès_des_pouvoirs_locaux_et_régionaux,0,10.0,235,44,170,-23.979664,22.612223,1240210,1,10,0.0
1243115,Parti_québécois,4,12.608696,60,163,0,-17.739407,-15.476367,1243115,3,6,5225.0
1249454,Remastérisation,14,38.695656,0,164,49,4.00245,14.484577,1249454,23,2,248.33809523809526
1252517,The_Holiday,11,10.0,0,168,183,-24.50479,17.98643,1252517,1,8,0.0
1265025,Hey_Jude,14,15.217392,0,164,49,20.007998,2.5478377,1265025,5,2,404.99999999999994
1267603,Saison_4_de_Columbo,11,11.304348,0,168,183,-0.18997264,11.288802,1267603,2,8,3140.999999999999
1268893,Vince_Taylor,13,10.0,0,134,74,9.135183,-8.471823,1268893,1,17,0.0
1284046,Saison_5_de_Columbo,3,12.608696,152,129,0,-11.992426,-5.174449,1284046,3,9,2096.0000000000005
1302673,Baton_Rouge,4,10.0,60,163,0,24.52872,-17.582449,1302673,1,6,0.0
1307583,Jacques_Brunel,6,36.086956,0,126,172,8.37527,14.532474,1307583,21,11,1673.2284012742812
1322719,Mrs._Robinson,3,13.913044,152,129,0,-20.90132,-4.562234,1322719,4,9,15042.874517003667
1329363,Claude_Péloquin,20,10.0,0,134,135,-24.103851,12.362623,1329363,1,12,0.0
1347007,Louisa_Necib,15,16.52174,0,148,245,14.4662,-2.623778,1347007,6,3,0.14285714285714285
1358647,Jérémy_Chardy,13,23.043478,0,134,74,22.454014,-1.8854402,1358647,11,17,1493.922062349381
1363099,François_Soulier,20,19.130436,0,134,135,18.468767,-14.786062,1363099,8,12,0.0
1363969,Prima_della_rivoluzione,5,21.73913,54,124,233,-18.547487,22.539133,1363969,10,1,11.494444444444444
1368559,Olympique_lyonnais_-_AS_Saint-Étienne_en_football,8,20.434784,253,0,107,0.33322844,-7.145639,1368559,9,0,14578.0
1371467,Saison_6_de_Columbo,3,11.304348,152,129,0,4.577514,2.1510458,1371467,2,9,0.0
1378761,Nigel_de_Jong,16,15.217392,153,96,160,-8.723877,4.46461,1378761,5,15,350.86428571428587
1425469,Óscar_Tabárez,16,15.217392,153,96,160,21.769497,4.6539397,1425469,5,15,0.25
1449001,Mufasa,11,11.304348,0,168,183,14.028219,3.9814725,1449001,2,8,0.0
1457959,Eugénisme_sous_le_régime_nazi,4,10.0,60,163,0,4.944132,11.98771,1457959,1,6,0.0
1460904,Liste_des_peintures_les_plus_chères,2,10.0,193,77,88,24.645643,18.110754,1460904,1,4,0.0
1466486,Famille_Zourabichvili,9,12.608696,255,42,47,-13.766885,16.64729,1466486,3,4,0.5
1493708,André_Zeller,4,17.826088,60,163,0,-24.868256,-2.1657705,1493708,7,6,4386.410368092006
1532577,Paradize,20,20.434784,0,134,135,-23.042427,12.7830305,1532577,9,12,17561.0
1540652,John_William,5,10.0,54,124,233,-7.363348,-13.82435,1540652,1,1,0.0
1557765,Souleymane_Sané,15,10.0,0,148,245,18.47491,12.333788,1557765,1,3,0.0
1574541,Nathanaël_Karmitz,11,11.304348,0,168,183,-6.643705,2.411616,1574541,2,1,0.0
1579058,Massacre_de_Sand_Creek,4,10.0,60,163,0,14.159506,-6.317003,1579058,1,4,0.0
1600891,Thé_et_Sympathie,2,11.304348,193,77,88,24.689667,-2.1053097,1600891,2,1,0.0
1612383,Mary_Jane_Watson,2,11.304348,193,77,88,10.604159,-2.0932786,1612383,2,4,0.0
1640330,Philippe_Eidel,20,20.434784,0,134,135,12.856206,24.443491,1640330,9,12,8336.0
1642405,Un_thé_au_Sahara,5,21.73913,54,124,233,20.620222,-22.92988,1642405,10,1,11.494444444444444
1664107,Fabrice_Du_Welz,11,11.304348,0,168,183,4.032756,21.348436,1664107,2,8,1049.0
1674769,Michel_Schneider,5,10.0,54,124,233,12.4134865,14.634134,1674769,1,1,0.0
1683000,Annick_Girardin,19,11.304348,185,97,239,22.17381,22.574001,1683000,2,5,1049.0
1683091,Nissan,19,15.217392,185,97,239,24.9127,12.284248,1683091,5,5,8336.666666666668
1703515,Détroit_de_Kertch,9,13.913044,255,42,47,-9.215703,-17.017288,1703515,4,4,793.1343180973581
1739937,Baudouin_IV_de_Jérusalem,7,12.608696,0,157,116,-6.5870776,24.132078,1739937,3,6,1049.0
1767198,Catherine_Alric,13,10.0,0,134,74,10.327086,-6.1124287,1767198,1,17,0.0
1781202,Jakie_Quartz,13,11.304348,0,134,74,6.677592,-9.335404,1781202,2,17,1049.0
1782508,Union_pour_la_Méditerranée,2,17.826088,193,77,88,15.803824,0.5303006,1782508,7,4,2155.9309109858746
1791903,Mansour_Bahrami,13,11.304348,0,134,74,6.1774826,18.93997,1791903,2,17,0.0
1817426,Vivement_dimanche_(émission_de_télévision),13,11.304348,0,134,74,15.27812,16.175293,1817426,2,17,4184.0
1826350,Le_Dernier_Château,14,10.0,0,164,49,24.248043,-7.252836,1826350,1,2,0.0
1830872,Wendie_Renard,15,20.434784,0,148,245,19.340685,-0.34614074,1830872,9,3,106.23971525401045
1833206,François_Maistre,7,11.304348,0,157,116,-23.365858,8.495596,1833206,2,6,842.6573660701805
1834219,Margherita_Buy,3,12.608696,152,129,0,-14.103758,-14.466793,1834219,3,9,0.0
1850313,Anthony_Modeste,16,10.0,153,96,160,1.8936608,-12.816907,1850313,1,0,0.0
1866224,Meilleur_joueur_du_monde_World_Rugby,6,11.304348,0,126,172,18.893545,-23.748304,1866224,2,11,0.0
1871821,Henry_Calvin,0,12.608696,235,44,170,1.623222,7.9489326,1871821,3,9,5099.194381272319
1877051,Lada-AvtoVAZ,19,12.608696,185,97,239,12.546812,-14.1874,1877051,3,5,0.0
1877120,Meilleures_performances_des_joueurs_français_de_tennis,13,26.956522,0,134,74,23.676575,10.073782,1877120,14,17,679.9690642690576
1892120,Angela_Anaconda,3,10.0,152,129,0,10.355774,8.617693,1892120,1,9,0.0
1944961,Amandine_Henry,15,20.434784,0,148,245,2.58584,21.963531,1944961,9,3,106.23971525401045
1949318,Anamaria_Marinca,3,11.304348,152,129,0,-4.0142927,-7.7489443,1949318,2,9,0.0
1966940,Routledge,2,11.304348,193,77,88,-18.242006,-19.694628,1966940,2,4,0.0
1982327,Giuseppe_Bertolucci,5,12.608696,54,124,233,-3.0178342,9.336012,1982327,3,1,0.0
1985050,Peter_et_Sloane,14,11.304348,0,164,49,18.39531,18.848137,1985050,2,2,0.0
1996150,Madinkà,20,10.0,0,134,135,19.789722,6.4494143,1996150,1,12,0.0
2015368,R.A.S._(film),5,10.0,54,124,233,5.44923,11.3106575,2015368,1,1,0.0
2020143,André_Marcon,3,11.304348,152,129,0,-16.251026,-14.446096,2020143,2,9,1049.0
2085166,Vanilla_Sky,11,10.0,0,168,183,-7.482809,20.076546,2085166,1,8,0.0
2096305,République_populaire_de_Pologne,2,16.52174,193,77,88,-5.9413543,18.769,2096305,6,4,2172.0124567759763
2160731,Eugénie_Le_Sommer,15,21.73913,0,148,245,-18.161062,12.737665,2160731,10,3,144.5758180401136
2267333,Reichstag_(Empire_allemand),4,10.0,60,163,0,6.4638224,-11.04728,2267333,1,6,0.0
2340152,Eugénisme,4,11.304348,60,163,0,-24.665535,8.502429,2340152,2,6,1049.0
2468010,The_Reader_(film),0,10.0,235,44,170,-17.943815,16.259008,2468010,1,2,0.0
2473788,Brian_Ray,14,10.0,0,164,49,-17.83744,-6.368433,2473788,1,2,0.0
2500299,Sofiane_Feghouli,15,13.913044,0,148,245,-9.727956,-7.941147,2500299,4,3,10674.12428863552
2668657,Popstars,14,38.695656,0,164,49,14.721848,-4.077125,2668657,23,2,146.30000000000007
2686251,Philippe_Vincent,11,19.130436,0,168,183,3.4975865,-2.8406181,2686251,8,8,35098.336056777756
2687624,Véronic_DiCaire,13,10.0,0,134,74,-3.5248098,-11.179232,2687624,1,17,0.0
2703025,Jonathan_de_Guzmán,16,12.608696,153,96,160,-15.991559,16.930502,2703025,3,15,0.0
2709209,Diapason_(magazine),14,40.0,0,164,49,12.12794,-10.193643,2709209,24,2,111819.18713871842
2715209,Davy_Sardou,12,21.73913,0,160,220,15.614731,21.025784,2715209,10,16,9371.000000000002
2719635,Lionel_Chamoulaud,13,10.0,0,134,74,10.137548,24.868511,2719635,1,17,0.0
2737006,Vincent_Rottiers,1,12.608696,175,95,13,6.9859195,-9.082933,2737006,3,14,5229.0
2746277,Parti_des_travailleurs_hongrois,2,21.73913,193,77,88,-24.04666,-20.004011,2746277,10,4,3291.947699331367
2748038,Sean_Combs,3,12.608696,152,129,0,19.861675,16.335426,2748038,3,2,15802.567006511053
2757255,La_Luna_(film),5,23.043478,54,124,233,-0.7058013,-5.613159,2757255,11,1,63.53730158730161
2772095,Chris_Vance,3,11.304348,152,129,0,-6.676184,7.9971724,2772095,2,9,0.0
2773253,World_Music_Awards,14,37.391304,0,164,49,10.425938,-15.009839,2773253,22,2,0.3
2774137,Liste_des_promotions_de_Saint-Cyr,4,10.0,60,163,0,-15.2233925,12.73492,2774137,1,6,0.0
2778018,Gustavo_Rojas_Pinilla,4,10.0,60,163,0,20.43466,13.254206,2778018,1,6,0.0
2781145,Frédéric_Bélier-Garcia,3,10.0,152,129,0,14.647683,3.7940085,2781145,1,9,0.0
2782674,Pierre_de_Bourbon-Siciles,0,12.608696,235,44,170,5.450978,-9.139279,2782674,3,10,0.0
2797467,Echo_(récompense_musicale),14,11.304348,0,164,49,-16.984852,19.081764,2797467,2,2,0.0
2799103,Yann_Sommer,16,17.826088,153,96,160,-8.270386,2.6250489,2799103,7,15,0.0
2815109,Philippe_Le_Guay,3,15.217392,152,129,0,-15.206551,-14.22652,2815109,5,9,2090.5
2823754,Banque_internationale_pour_la_reconstruction_et_le_développement,2,15.217392,193,77,88,8.0539875,-6.438943,2823754,5,4,0.0
2847171,Yael_Naim,20,10.0,0,134,135,22.895235,5.6045856,2847171,1,12,0.0
2850424,Cyclisme,9,12.608696,255,42,47,6.373823,-6.728852,2850424,3,0,1049.0
2877911,Morbius,2,12.608696,193,77,88,-9.476274,-16.867092,2877911,3,4,2096.0
2883120,David_Donatien,20,11.304348,0,134,135,-4.4339714,19.01871,2883120,2,12,1049.0
2898066,Deraa,17,92.17391,235,94,0,-3.3203495,-23.42389,2898066,64,7,874.1983804358358
2927511,Deir_ez-Zor,17,90.86957,235,94,0,24.652924,-10.967546,2927511,63,7,156.1737230094042
2946267,Jurassique,7,11.304348,0,157,116,-19.136507,19.163176,2946267,2,6,0.5
2960969,Soulèvement_tibétain_de_1959,2,29.565216,193,77,88,-2.0059614,23.293024,2960969,16,4,8379.199250111911
2971719,Anne-Marie_Périer,12,19.130436,0,160,220,-12.433075,-8.355032,2971719,8,16,0.0
2980198,Moussa_Maaskri,11,11.304348,0,168,183,-2.9547577,24.139568,2980198,2,1,1049.0
3005968,Aéroport_de_Porto-Francisco_Sá-Carneiro,2,11.304348,193,77,88,12.05052,16.720346,3005968,2,4,8336.0
3010608,The_Graduate_(album),3,13.913044,152,129,0,17.250101,-6.037036,3010608,4,9,34161.010608397235
3030965,Martín_Cáceres,16,15.217392,153,96,160,8.3900585,22.584982,3030965,5,15,0.25
3053510,James_Milner,16,12.608696,153,96,160,15.165693,7.7207,3053510,3,15,0.0
3107222,Will_Poulter,5,11.304348,54,124,233,-15.592194,-7.6494646,3107222,2,1,0.0
3112316,Matthieu_Dossevi,15,12.608696,0,148,245,-19.219282,-19.589216,3112316,3,3,0.0
3144525,Gérald_Thomassin,1,11.304348,175,95,13,14.30319,-17.23303,3144525,2,14,0.0
3145403,Ian_Brossat,4,11.304348,60,163,0,-23.589804,19.976185,3145403,2,5,2096.0
3160145,Francisco_Sá_Carneiro,2,11.304348,193,77,88,-20.673578,-17.307682,3160145,2,4,7301.0
3188956,Marc-André_Grondin,1,12.608696,175,95,13,20.490059,14.091672,3188956,3,14,1049.0
3190699,Benjamin_Fall,6,12.608696,0,126,172,-4.175947,24.433355,3190699,3,11,0.0625
3202511,Luz_Long,5,10.0,54,124,233,-20.370539,15.767483,3202511,1,1,0.0
3207807,"Robin_des_Bois_(film,_2010)",11,16.52174,0,168,183,-6.8402004,0.29360098,3207807,6,8,9702.499999999996
3214939,Rusty_Anderson,14,12.608696,0,164,49,-15.886104,20.81434,3214939,3,2,2097.0
3234185,The_Sound_of_Silence,3,12.608696,152,129,0,8.156364,21.806019,3234185,3,9,0.0
3248265,Canal_Football_Club,8,10.0,253,0,107,-4.8328986,-22.068478,3248265,1,0,0.0
3367501,Le_Conformiste_(film),5,23.043478,54,124,233,15.119126,-15.655552,3367501,11,1,401.38132564589205
3382586,Horloge_circadienne,0,12.608696,235,44,170,-13.189919,3.6539407,3382586,3,9,0.0
3425138,Caroline_Eliacheff,11,12.608696,0,168,183,5.9841046,15.549613,3425138,3,1,1049.0
3444398,Sédition,1,10.0,175,95,13,-3.0796971,-11.496616,3444398,1,14,0.0
3465030,Timothée_Kolodziejczak,8,15.217392,253,0,107,-2.6561236,-18.149225,3465030,5,0,697.3333333333402
3473932,Georginio_Wijnaldum,16,25.652174,153,96,160,22.684675,-5.346934,3473932,13,15,4629.691487667087
3492186,Romain_Sardou,12,20.434784,0,160,220,-12.84119,6.5693517,3492186,9,16,1.9999999999999998
3494922,Bal_des_débutantes,5,11.304348,54,124,233,-24.531277,-19.694872,3494922,2,1,0.0
3507686,Yannick_Jadot,19,11.304348,185,97,239,-3.2434394,3.2201276,3507686,2,5,5195.0
3509476,Seconde_guerre_des_Boers,4,11.304348,60,163,0,-17.586103,12.011927,3509476,2,4,1104.5568719839011
3537302,Lee_Byung-hun,11,11.304348,0,168,183,5.5741186,20.4745,3537302,2,8,0.0
3538481,Mário_de_Andrade,2,10.0,193,77,88,-11.033914,21.733253,3538481,1,4,0.0
3570539,Misery_(film),11,11.304348,0,168,183,-12.621037,-14.120466,3570539,2,8,1049.0
3573292,Accident_aérien,2,11.304348,193,77,88,-15.545845,2.063202,3573292,2,4,6264.0
3575251,Château_de_Châlus-Chabrol,11,11.304348,0,168,183,-24.98642,-1.8684814,3575251,2,8,0.0
3582000,John_Kerr_(acteur),2,11.304348,193,77,88,20.543665,7.7598968,3582000,2,1,0.0
3639701,Dušan_Tadić,9,10.0,255,42,47,-14.066464,6.4342194,3639701,1,0,0.0
3639828,Renault-Nissan-Mitsubishi,19,15.217392,185,97,239,3.7667942,7.8911743,3639828,5,5,523.6666666666667
3663517,Irfan_Khan,1,10.0,175,95,13,-19.987858,-4.2805896,3663517,1,14,0.0
3674488,Mort_de_Richard_Cœur_de_Lion,11,11.304348,0,168,183,11.036795,-23.741846,3674488,2,8,0.0
3712184,SYRIZA,19,11.304348,185,97,239,-18.879091,-1.6203272,3712184,2,5,0.0
3733797,Columbo_(personnage),5,11.304348,54,124,233,-22.296738,-13.786312,3733797,2,1,2096.0
3743676,Renault_Super_5_GT_Turbo,3,10.0,152,129,0,-16.098532,12.932186,3743676,1,9,0.0
3745344,Brian_Joubert,13,11.304348,0,134,74,-18.934149,6.54531,3745344,2,17,3141.0
3751037,Philippe_Bruneau_(acteur),13,11.304348,0,134,74,3.726291,11.521415,3751037,2,17,0.0
3751961,Little_Buddha,5,21.73913,54,124,233,7.1959257,18.054726,3751961,10,1,11.494444444444444
3811622,Łukasz_Kwiatkowski,9,10.0,255,42,47,11.606115,2.802329,3811622,1,0,0.0
3854333,Concours_Eurovision_de_la_chanson_junior,2,13.913044,193,77,88,-2.100589,-10.67533,3854333,4,4,10919.0
3855785,Frédéric_François,0,10.0,235,44,170,24.889427,9.052884,3855785,1,2,0.0
3863018,France_au_Concours_Eurovision_de_la_chanson_junior,2,12.608696,193,77,88,-23.051062,10.503708,3863018,3,4,519.0
3898045,Pascal_Canfin,19,16.52174,185,97,239,16.650969,19.311584,3898045,6,5,9394.5
3937049,François_Paradis,4,11.304348,60,163,0,-18.515533,20.42801,3937049,2,6,0.0
3937750,Romain_Hamouma,8,15.217392,253,0,107,-6.99103,0.99137145,3937750,5,0,697.3333333333402
3997338,Andrea_Osvart,3,10.0,152,129,0,-6.3038716,-20.402288,3997338,1,9,0.0
4026739,Philippe_Lagayette,19,11.304348,185,97,239,4.3354654,3.303636,4026739,2,5,0.0
4063547,Andy_Delort,8,11.304348,253,0,107,13.740825,-5.9160223,4063547,2,0,1049.0000000000002
4066632,Maddly_Bamy,5,10.0,54,124,233,-19.131674,2.1189437,4066632,1,1,0.0
4068466,Patricia_Loison,0,11.304348,235,44,170,-1.1231534,-18.332335,4068466,2,2,2096.0
4070395,Florent_Mothe,13,10.0,0,134,74,18.76901,15.89028,4070395,1,17,0.0
4073666,Saphia_Azzeddine,13,10.0,0,134,74,-16.445396,8.396408,4073666,1,17,0.0
4107687,Équipe_de_Croatie_de_Coupe_Davis,13,28.26087,0,134,74,24.924164,5.588662,4107687,15,17,266.7206098803192
4115940,Drum_and_bass,14,37.391304,0,164,49,-13.919864,-8.627965,4115940,22,2,0.3
4146235,TrackMania2,3,13.913044,152,129,0,13.77083,-7.3155828,4146235,4,9,1047.0000000000002
4147468,Bad_Romance,14,12.608696,0,164,49,-20.419676,5.4114046,4147468,3,2,14195.571428571424
4224279,Ganso_(football),2,11.304348,193,77,88,-19.05557,6.7034144,4224279,2,4,0.0
4249502,Ricardo_Rodríguez_(football),16,17.826088,153,96,160,-6.753917,19.492847,4249502,7,15,0.0
4251655,Haris_Seferović,16,20.434784,153,96,160,-22.06752,-19.36656,4251655,9,15,44.62857142857143
4253731,Granit_Xhaka,16,21.73913,153,96,160,-21.002098,23.126665,4253731,10,15,9980.896867167916
4260065,Mohammédia,4,10.0,60,163,0,2.928201,24.93182,4260065,1,6,0.0
4315952,Jason_Sudeikis,5,12.608696,54,124,233,-20.677952,14.46291,4315952,3,1,2096.0
4328725,Canadian_Hot_100,14,38.695656,0,164,49,9.80086,4.344043,4328725,23,2,6869.966666666673
4339746,"Red_(film,_2010)",11,12.608696,0,168,183,11.047858,-19.732435,4339746,3,8,5225.0
4346167,Dejan_Lovren,16,17.826088,153,96,160,13.097222,-5.2542543,4346167,7,15,7014.843420647151
4421232,Saisons_14_à_18_de_Columbo,11,12.608696,0,168,183,-5.199287,-18.331057,4421232,3,8,5228.999999999999
4449799,Hassaké,10,43.913044,114,121,10,-4.053149,-2.0841303,4449799,27,13,4752.501644537689
4461525,Hélène_de_Saint-Père,13,12.608696,0,134,74,-19.048012,-1.2658298,4461525,3,17,13493.0
4466145,Luiz_Gustavo,9,13.913044,255,42,47,-19.964136,16.708744,4466145,4,0,1.0
4468609,Annie_Perreault,4,10.0,60,163,0,-20.260925,19.660368,4468609,1,6,0.0
4513331,Opération_Oiseau_bleu,4,19.130436,60,163,0,5.105889,17.062347,4513331,8,6,1139.6401313501328
4526871,Matthieu_Lartot,6,12.608696,0,126,172,8.777521,2.0110297,4526871,3,11,0.09090909090909091
4534434,Koenigsegg_Agera,3,10.0,152,129,0,6.9470778,7.7747645,4534434,1,9,0.0
4604280,Pascale_Ogier,13,11.304348,0,134,74,-19.358181,-9.877012,4604280,2,17,1049.0
4605690,La_Menace_Andromède,11,10.0,0,168,183,0.54360825,-7.743756,4605690,1,8,0.0
4622062,Saison_13_de_Columbo,3,11.304348,152,129,0,18.338594,3.7118025,4622062,2,9,0.0
4660172,Françoise_Soulié,5,10.0,54,124,233,11.26044,-3.3160172,4660172,1,1,0.0
4668950,Olivier_Assayas,3,16.52174,152,129,0,17.39605,16.010233,4668950,6,9,17658.0
4669702,Groupe_Altrad,6,10.0,0,126,172,-9.596887,8.955421,4669702,1,11,0.0
4669971,Sacha_Sperling,11,11.304348,0,168,183,-12.818925,-23.687342,4669971,2,1,0.0
4674927,Mohed_Altrad,6,15.217392,0,126,172,17.958923,20.110643,4674927,5,11,61752.68794389558
4685713,Jina_Djemba,11,11.304348,0,168,183,24.162363,-18.667843,4685713,2,1,11429.0
4724086,Wenceslas_Lauret,6,34.782608,0,126,172,18.466589,4.819192,4724086,20,11,177.48835206516196
4737941,Affaire_du_conseiller_Prince,5,10.0,54,124,233,-20.526789,-0.6654959,4737941,1,1,0.0
4739075,Fête_du_Travail,2,11.304348,193,77,88,-10.766535,-13.118284,4739075,2,9,2213.094858421236
4753999,Charles_de_Bourbon_des_Deux-Siciles,0,15.217392,235,44,170,-2.6615374,18.231133,4753999,5,10,1571.0
4768361,Dedryck_Boyata,16,11.304348,153,96,160,-21.097254,-2.978757,4768361,2,15,0.0
4779645,RB_Leipzig,9,15.217392,255,42,47,4.381182,3.856038,4779645,5,0,2130.95
4782255,Rabah_Slimani,6,32.173912,0,126,172,-1.4573442,24.802977,4782255,18,11,112.73843049377008
4793385,Match_Isner_-_Mahut_lors_du_tournoi_de_Wimbledon_2010,13,16.52174,0,134,74,1.5764763,-18.628271,4793385,6,17,1049.4107142857142
4803423,Alice_Morel-Michaud,13,10.0,0,134,74,-16.610106,-22.432804,4803423,1,17,0.0
4818573,Gare_de_Figeac,19,10.0,185,97,239,17.476656,-3.1952026,4818573,1,5,0.0
4827139,Molly_Quinn,5,10.0,54,124,233,12.811676,-21.896015,4827139,1,1,0.0
4860763,Embuscade_de_Palestro,4,17.826088,60,163,0,13.042391,-11.213352,4860763,7,6,90.64013135013117
4917774,Jon_Foo,0,10.0,235,44,170,-18.972551,18.931553,4917774,1,2,0.0
4932683,Agustín_Creevy,6,13.913044,0,126,172,4.4489474,-9.952177,4932683,4,11,0.2
4953240,Janri_Kachia,9,11.304348,255,42,47,-22.572744,-21.012138,4953240,2,4,0.0
5016681,Lamborghini_Sesto_Elemento,3,10.0,152,129,0,-7.5022225,-10.907804,5016681,1,9,0.0
5106510,Khawaja_Nazimuddin,1,16.52174,175,95,13,11.980188,-7.224212,5106510,6,14,11476.04654958679
5181169,Faichuk,1,15.217392,175,95,13,23.163733,-4.0662894,5181169,5,14,0.0
5216476,Anne_Fulda,11,10.0,0,168,183,19.48251,-12.3622875,5216476,1,1,0.0
5219600,Isabelle_Patissier,19,11.304348,185,97,239,-14.228703,19.947424,5219600,2,5,9369.0
5230179,Imogen_Poots,3,11.304348,152,129,0,23.285797,22.500124,5230179,2,9,0.0
5271857,Max-Alain_Gradel,8,10.0,253,0,107,-10.815756,-18.865116,5271857,1,0,0.0
5276145,Ivan_Dodig,13,24.347828,0,134,74,2.534347,5.1470165,5276145,12,17,16.31752913752914
5279415,Anouchka_Delon,5,13.913044,54,124,233,16.97385,3.942673,5279415,4,1,61.000000000000036
5301788,Une_Ferrari_pour_deux,11,10.0,0,168,183,20.346203,5.0857873,5301788,1,1,0.0
5334304,Laurent_Berger,19,11.304348,185,97,239,-4.580385,-11.548105,5334304,2,5,5195.0
5439551,Jeu_de_rôle,11,10.0,0,168,183,-4.8595014,12.836776,5439551,1,8,0.0
5440025,Le_Transporteur_(série_télévisée),3,13.913044,152,129,0,-1.4478203,14.112529,5440025,4,9,2097.0
5469498,Daley_Blind,16,23.043478,153,96,160,-21.298136,-19.703276,5469498,11,15,1314.641720511275
5470128,Jasper_Cillessen,16,20.434784,153,96,160,-1.3824415,-17.650448,5470128,9,15,987.9716797989533
5503269,Sindicato_Español_Universitario,2,10.0,193,77,88,-10.792887,-22.2622,5503269,1,4,0.0
5654984,Prison_de_Serkadji,4,10.0,60,163,0,13.455537,20.549225,5654984,1,6,0.0
5757940,Camille_Lopez,6,32.173912,0,126,172,-1.7611052,4.0799375,5757940,18,11,5.381212045608329
5760008,Nicolás_Sánchez,6,13.913044,0,126,172,20.017588,-2.0181777,5760008,4,11,0.2
5774291,Sébastien_Vahaamahina,6,33.47826,0,126,172,18.312044,4.560981,5774291,19,11,397.92379761203523
5775410,Sadisme_et_masochisme_au_cinéma,5,19.130436,54,124,233,10.696184,-4.9334292,5775410,8,1,18270.401321315512
5837952,Rosalie_van_Breemen,5,11.304348,54,124,233,7.428219,9.318704,5837952,2,1,0.0
5848874,Nagano_White_Ring,4,10.0,60,163,0,-14.66963,9.463903,5848874,1,6,0.0
5878086,Union_économique_eurasiatique,2,24.347828,193,77,88,0.57624626,-18.059765,5878086,12,4,36259.543373903536
5899868,Petro_Porochenko,9,19.130436,255,42,47,16.239826,15.926532,5899868,8,4,8342.45244630381
5932194,Thievy_Bifouma,15,10.0,0,148,245,-23.362064,-17.479717,5932194,1,3,0.0
5959388,Jean_Marsh,3,12.608696,152,129,0,17.994707,14.452305,5959388,3,9,3141.0
5988595,Siège_de_Homs,17,94.78261,235,94,0,13.92616,9.295381,5988595,66,7,6866.141719636317
6043426,Koenigsegg_Agera_R,3,11.304348,152,129,0,-11.438804,-19.46897,6043426,2,9,1049.0000000000002
6103113,Golden_Disk_Awards,14,37.391304,0,164,49,-24.415255,17.46111,6103113,22,2,0.3
6113875,Stars_80_(film),14,11.304348,0,164,49,9.708047,18.771206,6113875,2,2,0.0
6162900,Sylvie_Vartan_et_Johnny_Hallyday,13,11.304348,0,134,74,24.047762,-18.435547,6162900,2,17,1049.0
6167313,Bundesverband_Musikindustrie,14,37.391304,0,164,49,-17.526985,23.552418,6167313,22,2,524.0000000000001
6178857,Swissporarena,16,15.217392,153,96,160,-0.031855717,-22.783222,6178857,5,15,600.5119047619039
6312365,Régis_Gurtner,2,11.304348,193,77,88,-4.8334527,-24.02937,6312365,2,4,0.0
6346968,Following_(série_télévisée),11,10.0,0,168,183,13.496099,13.914669,6346968,1,8,0.0
6364993,Moon_Dailly,3,12.608696,152,129,0,23.682444,-8.63633,6364993,3,9,4184.0
6368334,Olivier_Faure_(homme_politique),4,13.913044,60,163,0,17.601858,-18.577444,6368334,4,6,15048.33333333357
6370464,Julien_Aubert,4,12.608696,60,163,0,-23.100542,7.266913,6370464,3,6,1961.7537772590792
6370722,Éva_Sas,19,11.304348,185,97,239,3.6643572,13.491564,6370722,2,5,4184.0
6421963,Kora_Awards,14,37.391304,0,164,49,21.726725,10.910064,6421963,22,2,0.3
6430710,Kepa_Arrizabalaga,16,12.608696,153,96,160,-12.099358,3.5359325,6430710,3,0,14339.573965740161
6440241,Attentat_de_Damas_du_18_juillet_2012,10,47.826084,114,121,10,18.666199,14.191635,6440241,30,13,12.483250291257193
6455773,Timo_Werner,16,15.217392,153,96,160,22.931215,15.105739,6455773,5,0,3143.0
6458671,Nathan_Aké,16,20.434784,153,96,160,10.829657,-2.0921273,6458671,9,15,1763.9473734070307
6517379,Massacre_de_Daraya,10,49.130432,114,121,10,8.301498,-11.360673,6517379,31,13,201.46746686316374
6526812,Gaël_Fickou,6,32.173912,0,126,172,-13.568362,10.647663,6526812,18,11,1424.9321081696082
6541037,Moi_et_toi,5,21.73913,54,124,233,-7.0301957,17.961937,6541037,10,1,11.494444444444444
6699907,Le_Père_(Zeller),3,10.0,152,129,0,-2.4028995,24.559414,6699907,1,9,0.0
6718862,Incidents_de_frontière_turco-syriens,17,92.17391,235,94,0,-19.237013,-10.019919,6718862,64,7,6907.487224210789
6718865,Confrontations_israélo-syriennes_pendant_la_guerre_civile_syrienne,17,97.391304,235,94,0,12.335681,-20.290539,6718865,68,7,4661.530058928108
6723881,Red_2,11,13.913044,0,168,183,19.55992,8.005903,6723881,4,8,3143.0
6749677,Grenade_assourdissante,19,11.304348,185,97,239,-22.218676,24.526455,6749677,2,5,0.0
6805676,"Les_Miller,_une_famille_en_herbe",5,13.913044,54,124,233,-3.3502114,-13.690536,6805676,4,1,5229.0
6839738,Marine_ukrainienne,9,12.608696,255,42,47,3.101052,20.828005,6839738,3,4,0.0
6870853,Ian_MacDonald_(acteur),5,11.304348,54,124,233,13.596469,-3.823031,6870853,2,1,0.0
6883853,Liste_des_chansons_de_Michel_Sardou,12,19.130436,0,160,220,-15.947019,19.558277,6883853,8,16,0.0
6890585,Ralph_Amoussou,13,11.304348,0,134,74,5.0337768,-23.67068,6890585,2,17,0.0
6953215,Fabio_Conversi,11,10.0,0,168,183,13.2119665,-23.172337,6953215,1,1,0.0
6963352,Les_Lacs_du_Connemara_(chanson),12,19.130436,0,160,220,-9.732587,10.029003,6963352,8,16,0.0
6967221,Grace_Huang,3,10.0,152,129,0,17.676252,12.176877,6967221,1,9,0.0
6981310,Antonio_Rüdiger,16,12.608696,153,96,160,13.478977,5.914302,6981310,3,0,7301.0
6985058,Vladimir_Petković,16,17.826088,153,96,160,-12.452816,1.9948269,6985058,7,15,0.0
6986865,Palais_des_papes_de_Sorgues,0,10.0,235,44,170,12.538802,-10.150379,6986865,1,10,0.0
7001571,Ada_Hegerberg,15,17.826088,0,148,245,0.792405,-21.235594,7001571,7,3,56.899349539349465
7005647,Mercure_rouge,11,11.304348,0,168,183,2.408777,-16.369652,7005647,2,8,1049.0
7035135,Walter_Keane,0,11.304348,235,44,170,8.505854,19.061197,7035135,2,2,0.0
7035181,Margaret_Keane,0,11.304348,235,44,170,3.4730551,6.2896633,7035181,2,2,0.0
7047855,Need_for_Speed_(film),3,15.217392,152,129,0,15.102791,-0.6977765,7047855,5,9,16585.0
7065002,Todd_Graff,11,10.0,0,168,183,-16.189404,-23.86541,7065002,1,8,0.0
7113223,Hugues_de_Montalembert,4,10.0,60,163,0,-10.31331,-15.648491,7113223,1,4,0.0
7127933,Trace_Awards,14,37.391304,0,164,49,8.105296,-15.708868,7127933,22,2,0.3
7148115,Conflit_au_Liban_(2011-2017),17,83.04348,235,94,0,-15.328692,-1.0266297,7148115,57,7,376.56528903186563
7163598,Lucas_Pouille,13,25.652174,0,134,74,12.231285,-13.807272,7163598,13,17,1069.1442174492176
7166132,Belgian_Entertainment_Association,14,37.391304,0,164,49,-24.313978,-17.389118,7166132,22,2,0.3
7214598,John_Oliver_(acteur),11,10.0,0,168,183,-9.022639,-14.545886,7214598,1,8,0.0
7241633,Coupe_Davis_2014,13,23.043478,0,134,74,-22.346136,-2.5136352,7241633,11,17,4.910714285714286
7261301,Big_Eyes,0,12.608696,235,44,170,4.983817,16.780455,7261301,3,2,2096.0
7271092,Tin_Jedvaj,16,11.304348,153,96,160,-10.087548,7.7274575,7271092,2,15,0.0
7275503,Diego_Laxalt,16,15.217392,153,96,160,-15.286616,19.06971,7275503,5,15,0.25
7306444,Divock_Origi,16,13.913044,153,96,160,7.344939,-22.982555,7306444,4,15,462.0317042606511
7329304,Jordan_Ferri,8,11.304348,253,0,107,1.6781528,14.334309,7329304,2,0,3141.000000000001
7356251,Massacre_de_la_Ghouta,17,94.78261,235,94,0,-5.2969723,5.7037716,7356251,66,7,2711.6639929626012
7360169,"Jorginho_(football,_1991)",16,11.304348,153,96,160,-11.274343,24.508434,7360169,2,0,9369.0
7388426,Borna_Ćorić,13,23.043478,0,134,74,4.666297,-8.405983,7388426,11,17,246.97926788897684
7412468,Birdman_(film),5,10.0,54,124,233,-6.8238516,9.554981,7412468,1,1,0.0
7443826,Josua_Tuisova,6,12.608696,0,126,172,-3.682967,4.6730957,7443826,3,11,0.0
7476570,Isabelle_Charest,4,12.608696,60,163,0,0.017406229,-23.813496,7476570,3,6,3141.0
7491413,Guiorgui_Margvelachvili,9,12.608696,255,42,47,-11.236284,-7.3260264,7491413,3,4,0.0
7530965,Damien_Le_Tallec,8,11.304348,253,0,107,-0.9355466,2.113994,7530965,2,0,2096.0000000000005
7637071,Rita_Hayworth_et_la_Rédemption_de_Shawshank,5,10.0,54,124,233,-17.41979,8.817395,7637071,1,1,0.0
7705597,Famille_de_Montalembert,4,12.608696,60,163,0,-20.26939,20.166016,7705597,3,4,2097.0
7784859,François-Xavier_Bellamy,19,13.913044,185,97,239,-22.774763,15.62328,7784859,4,5,21176.833333333325
7838194,Concours_Eurovision_de_la_chanson_2015,0,11.304348,235,44,170,21.531895,-11.054362,7838194,2,2,32.321428571428584
7883768,Djamel_Benlamri,15,12.608696,0,148,245,-6.034686,0.24151336,7883768,3,3,0.0
7888944,République_populaire_de_Donetsk,9,21.73913,255,42,47,20.117388,1.2275425,7888944,10,4,31899.843570761503
7891129,Patricia_Hayes,3,10.0,152,129,0,-3.9877505,21.70314,7891129,1,9,0.0
7910678,Liste_de_massacres_de_la_guerre_civile_syrienne,17,96.08696,235,94,0,19.12356,11.947811,7910678,67,7,463.404078548554
7963236,Crise_ukrainienne,9,21.73913,255,42,47,18.001822,0.5738261,7963236,10,4,4721.204853521778
7972871,Podemos_(parti_espagnol),19,11.304348,185,97,239,-0.024815166,7.58054,7972871,2,5,0.0
7979731,Quincy_Promes,16,19.130436,153,96,160,-16.824696,12.271766,7979731,8,15,0.2857142857142857
7997754,Mate_Pavić,13,11.304348,0,134,74,-6.5659127,11.452085,7997754,2,17,0.2
8005042,Jefferson_Poirot,6,28.26087,0,126,172,4.2566743,-0.7890488,8005042,15,11,1.7312041286886486
8103270,Grenade_de_désencerclement,19,13.913044,185,97,239,-20.23447,0.9511985,8103270,4,5,3143.0
8142200,"Midi,_gare_centrale",11,10.0,0,168,183,8.425643,-15.703782,8142200,1,8,0.0
8148468,Saint-Domingue_(colonie_française),4,15.217392,60,163,0,6.689739,-9.383031,8148468,5,4,4815.814324561052
8159520,Teddy_Thomas,6,15.217392,0,126,172,-16.474522,-16.660643,8159520,5,11,3.6016190079270576
8235149,Joe_Gomez,16,12.608696,153,96,160,-16.520136,-12.090461,8235149,3,15,0.0
8237563,Jason_Denayer,8,11.304348,253,0,107,8.972146,-15.439775,8237563,2,0,15525.0
8276084,Kévin_Azaïs,1,12.608696,175,95,13,3.403988,6.3986454,8276084,3,14,3141.0
8324409,Bataille_de_Kobané,10,49.130432,114,121,10,3.7204247,4.4759545,8324409,31,13,201.46746686316374
8343630,Opérations_aériennes_de_la_coalition_internationale_en_Syrie,17,96.08696,235,94,0,21.677963,22.954262,8343630,67,7,6521.407479866692
8353623,Diego_libre_dans_sa_tête,14,11.304348,0,164,49,-24.952627,14.631075,8353623,2,2,0.0
8375089,Pierre-Hugues_Herbert,13,25.652174,0,134,74,5.246138,5.7056146,8375089,13,17,5.057907925407926
8376730,Déclaration_commune_soviéto-japonaise_de_1956,9,10.0,255,42,47,14.428711,-22.724487,8376730,1,4,0.0
8378557,Je_vole_(chanson),12,19.130436,0,160,220,18.440449,14.284285,8378557,8,16,0.0
8410956,La_Couleur_de_la_victoire,5,11.304348,54,124,233,18.556065,4.5510406,8410956,2,1,1049.0
8498540,Callum_Wilson,16,10.0,153,96,160,12.431289,9.650256,8498540,1,15,0.0
8580160,Bataille_de_Wadi_al-Deïf,17,93.478264,235,94,0,13.633444,9.929682,8580160,65,7,225.86543102974716
8615226,Juliette_Méadel,4,12.608696,60,163,0,-7.7828436,-14.421137,8615226,3,6,0.0
8660471,Manifestations_des_10_et_11_janvier_2015,0,10.0,235,44,170,-24.23448,5.8042674,8660471,1,10,0.0
8660506,Anders_Danielsen_Lie,3,10.0,152,129,0,4.380042,-7.095218,8660506,1,9,0.0
8686842,Maxwel_Cornet,8,11.304348,253,0,107,23.915075,10.356308,8686842,2,0,16544.0
8749498,Marc_Zinga,1,10.0,175,95,13,-20.190447,21.249022,8749498,1,14,0.0
8781115,Filmographie_de_Gary_Cooper,5,11.304348,54,124,233,18.797306,22.298384,8781115,2,1,0.0
8785623,Loïs_Diony,8,13.913044,253,0,107,-1.7479547,13.755471,8785623,4,0,0.0
8793986,Bataille_de_Tall_Hamis_(2015),10,49.130432,114,121,10,21.126875,-11.149711,8793986,31,13,201.46746686316374
8802846,Bataille_de_Tall_Tamer,17,71.30435,235,94,0,-3.8991387,10.773979,8802846,48,7,4410.838378346337
8853053,"Le_Livre_de_la_jungle_(film,_2016)",11,10.0,0,168,183,13.57231,-12.476387,8853053,1,8,0.0
8858714,Jessie_Usher,3,10.0,152,129,0,-16.30844,11.783232,8858714,1,9,0.0
8968965,Bataille_de_Cheikh_Hilal,10,49.130432,114,121,10,23.736835,-17.449213,8968965,31,13,201.46746686316374
8969958,Bataille_de_Bosra,10,49.130432,114,121,10,-18.754755,15.637302,8969958,31,13,201.46746686316374
9003510,Ludwig_Dahlberg,20,19.130436,0,134,135,-7.0294046,16.527792,9003510,8,12,0.0
9037545,Mia_madre,3,12.608696,152,129,0,-9.23191,11.50489,9037545,3,9,0.0
9039312,Dheepan,1,15.217392,175,95,13,15.254411,-10.830526,9039312,5,14,7439.75
9049146,Julien_Marchand,6,12.608696,0,126,172,-13.7702,-5.0858088,9049146,3,11,0.0
9061990,Bataille_de_Jisr_al-Choghour_(2015),17,93.478264,235,94,0,-12.095706,-15.317448,9061990,65,7,225.86543102974716
9128600,Bataille_de_Palmyre_(2015),17,93.478264,235,94,0,-3.4872003,-10.319789,9128600,65,7,386.8643767620383
9142307,TrackMania,3,13.913044,152,129,0,18.083279,5.617872,9142307,4,9,1047.0000000000002
9180892,Rush_Hour_(série_télévisée),0,11.304348,235,44,170,-15.190348,6.6981006,9180892,2,2,1049.0
9188681,Bataille_du_Qalamoun,10,36.086956,114,121,10,17.162945,-3.3413825,9188681,21,13,36.37764574675122
9190026,Bataille_de_Hassaké_(mai-juin_2015),10,49.130432,114,121,10,4.5022564,-0.4150771,9190026,31,13,201.46746686316374
9195452,Bataille_de_Sourane,10,49.130432,114,121,10,24.842478,-10.960477,9195452,31,13,201.46746686316374
9202337,Bataille_de_la_Brigade_52,17,11.304348,235,94,0,-23.16385,-4.3142834,9202337,2,7,0.0
9203473,Massacres_de_Barouda,17,89.565216,235,94,0,-21.26919,-2.202014,9203473,62,7,838.3499457552367
9207906,Bataille_du_Régiment_46,10,49.130432,114,121,10,-15.865286,-5.7098675,9207906,31,13,201.46746686316374
9210473,Bataille_de_Tall_Abyad,10,46.52174,114,121,10,8.41057,12.065421,9210473,29,13,7.632371880607252
9221529,Bataille_de_Bousra_al-Harir,10,49.130432,114,121,10,2.8032455,15.961626,9221529,31,13,201.46746686316374
9223886,Saison_6_de_Danse_avec_les_stars,13,12.608696,0,134,74,-24.323809,-9.262729,9223886,3,17,2097.0
9239175,Bataille_de_Hassaké_(juin-juillet_2015),17,93.478264,235,94,0,-8.085261,10.041378,9239175,65,7,225.86543102974716
9241258,Massacre_de_Kobané,17,94.78261,235,94,0,9.217963,11.872442,9241258,66,7,750.3654310297454
9251705,Antoine_Dupont,6,36.086956,0,126,172,1.891605,-4.0330367,9251705,21,11,367.1591445019763
9263538,Benoît_Dubois,13,10.0,0,134,74,17.927933,19.370857,9263538,1,17,0.0
9264022,Bataille_de_Zabadani_(2015),17,93.478264,235,94,0,-16.490868,21.690453,9264022,65,7,2583.6009646226175
9314676,Floride_(film),3,16.52174,152,129,0,11.504027,-12.994106,9314676,6,9,3139.5
9316526,Bataille_de_Sahl_al-Ghab,17,58.260868,235,94,0,-2.0047898,22.171581,9316526,38,7,1.321798858867824
9319775,Bataille_de_Sarrine,17,92.17391,235,94,0,11.7811165,10.403169,9319775,64,7,205.56831639115825
9326230,Combat_de_Malkiyé,17,93.478264,235,94,0,9.198823,-12.297968,9326230,65,7,225.86543102974716
9351918,Bataille_de_Marea_(2015),10,49.130432,114,121,10,12.184929,-14.27901,9351918,31,13,201.46746686316374
9375438,Antonythasan_Jesuthasan,1,11.304348,175,95,13,17.763718,3.322112,9375438,2,14,0.0
9436740,Coupe_Davis_2016,13,25.652174,0,134,74,2.9991117,-22.892717,9436740,13,17,251.64998217469122
9449153,Centre_de_détention_de_Tokyo,19,10.0,185,97,239,7.3408813,-18.91127,9449153,1,5,0.0
9465275,Intervention_militaire_de_la_Russie_en_Syrie,17,100.0,235,94,0,15.912045,-2.360487,9465275,70,7,2099.062971261354
9465373,Edimilson_Fernandes,16,17.826088,153,96,160,2.4676826,24.702454,9465373,7,15,0.0
9471795,Mehdi_Tahrat,15,12.608696,0,148,245,2.9357412,17.955797,9471795,3,3,0.0
9484021,Opération_Inherent_Resolve,17,84.347824,235,94,0,-20.043629,-16.168547,9484021,58,7,2018.2726790532895
9493795,Baptiste_Serin,6,30.869566,0,126,172,21.1321,-16.724201,9493795,17,11,2.5707146181991383
9506483,Ben_Volavola,6,12.608696,0,126,172,20.431252,15.1940975,9506483,3,11,0.0
9591017,Crise_russo-turque_de_2015,17,98.695656,235,94,0,16.613457,-22.271431,9591017,69,7,105225.73416066504
9630179,Attentat_de_Tall_Tamer,17,93.478264,235,94,0,17.948668,24.79299,9630179,65,7,225.86543102974716
9666406,Offensive_de_Tichrine,17,94.78261,235,94,0,0.92509305,-20.646807,9666406,66,7,1136.397147758188
9690525,Anderson_.Paak,14,10.0,0,164,49,-11.67151,20.023737,9690525,1,2,0.0
9709183,La_Canopée,4,10.0,60,163,0,23.495907,-10.9861965,9709183,1,5,0.0
9727284,Clément_Métayer,3,12.608696,152,129,0,-20.009666,20.72012,9727284,3,9,7301.0
9745210,Bataille_de_Cheikh_Meskin,10,49.130432,114,121,10,17.584528,4.127948,9745210,31,13,13.753883450369177
9785450,Bataille_de_Tall_Rifaat_(février_2016),17,92.17391,235,94,0,17.508976,20.980837,9785450,64,7,205.56831639115825
9801677,Attentat_de_Sayyida_Zeinab_du_21_février_2016,17,92.17391,235,94,0,-7.2928348,-19.372253,9801677,64,7,865.3955056424624
9806727,Tom_Payne_(acteur),5,11.304348,54,124,233,5.4700804,-11.66097,9806727,2,1,1049.0
9807174,Paul_«_Jesus_»_Monroe,5,11.304348,54,124,233,-2.3841808,-1.4340565,9807174,2,1,2096.0
9812538,Bataille_de_Khanasser,10,49.130432,114,121,10,3.0042002,4.52934,9812538,31,13,201.46746686316374
9825371,Paula_Daly,11,10.0,0,168,183,13.020536,1.3343436,9825371,1,1,0.0
9830058,Raid_de_Tall_Abyad,10,25.652174,114,121,10,14.624936,0.84423476,9830058,13,13,0.0
9833878,Coupe_Davis_2017,13,25.652174,0,134,74,6.2810984,11.63116,9833878,13,17,8.802813852813852
9846610,Alisson_Becker,16,13.913044,153,96,160,-9.156439,12.638386,9846610,4,15,5161.772017688198
9854109,Pierre_Lottin,13,11.304348,0,134,74,-14.80192,4.6249394,9854109,2,17,0.0
9864012,Bataille_de_Palmyre_(mars_2016),17,96.08696,235,94,0,8.772544,-8.70656,9864012,67,7,474.8916461356466
9894619,Opération_Impact,17,80.434784,235,94,0,19.682377,1.9503616,9894619,55,7,52723.953907611314
9912529,Leslie_Zemeckis,5,11.304348,54,124,233,-18.048632,-11.059467,9912529,2,1,0.0
9976518,Sakina_Karchaoui,15,17.826088,0,148,245,-20.352486,6.5565453,9976518,7,3,0.7499999999999999
9991968,Bataille_de_Tall_Rifaat_(avril_2016),10,49.130432,114,121,10,3.2354136,13.159569,9991968,31,13,201.46746686316374
10023780,Nico_Elvedi,16,17.826088,153,96,160,-13.067999,-12.554506,10023780,7,15,0.0
10027831,Bataille_de_Khan_Touman,10,49.130432,114,121,10,-1.1763201,19.188374,10027831,31,13,201.46746686316374
10031278,Attentats_de_Tartous_et_Jablé,10,47.826084,114,121,10,3.5535138,-4.943803,10031278,30,13,12.483250291257193
10042336,Christian_Pulisic,16,11.304348,153,96,160,-2.3109741,-21.457788,10042336,2,0,8336.0
10043128,Offensive_de_Raqqa_(mai_2016),17,92.17391,235,94,0,6.4107947,19.629995,10043128,64,7,205.56831639115825
10047211,Attentat_de_Damas_du_10_mai_2012,17,89.565216,235,94,0,13.003369,-5.085978,10047211,62,7,838.3499457552367
10048643,Attentats_de_Damas_du_23_décembre_2011,17,93.478264,235,94,0,-18.84133,9.79427,10048643,65,7,225.86543102974716
10049802,Attentat_de_Homs_du_29_avril_2014,17,90.86957,235,94,0,14.267004,6.1116395,10049802,63,7,578.7918869695122
10049839,Attentat_de_Homs_du_1er_octobre_2014,17,92.17391,235,94,0,1.0440685,-9.879767,10049839,64,7,205.56831639115825
10050232,Attentat_de_Jaramana_du_28_novembre_2012,17,93.478264,235,94,0,-18.304873,-11.7954,10050232,65,7,225.86543102974716
10050815,Attentat_de_Damas_du_21_mars_2013,10,47.826084,114,121,10,-7.7890434,23.661968,10050815,30,13,12.483250291257193
10055859,Oleksandr_Zinchenko,9,11.304348,255,42,47,17.458668,-24.494186,10055859,2,0,1049.0
10066402,Bataille_de_Manbij,17,80.434784,235,94,0,23.336428,7.1498833,10066402,55,7,29.62624786912486
10103736,Offensive_de_Tabqa,17,93.478264,235,94,0,-20.235447,8.478451,10103736,65,7,225.86543102974716
10117300,Bataille_de_Boukamal_(2016),10,47.826084,114,121,10,-12.652892,-3.2280223,10117300,30,13,2.702208917547385
10151244,Attentat_de_Damas_du_21_février_2013,17,93.478264,235,94,0,19.51767,-4.6660542,10151244,65,7,430.30573771873884
10152394,Attentat_de_Sayyida_Zeinab_du_31_janvier_2016,10,46.52174,114,121,10,-23.32692,-22.762041,10152394,29,13,7.632371880607252
10152635,Attentat_de_Homs_du_21_février_2016,17,89.565216,235,94,0,-3.4497046,23.447105,10152635,62,7,838.3499457552367
10164628,Steven_Bergwijn,16,19.130436,153,96,160,18.762756,-23.020866,10164628,8,15,0.2857142857142857
10176980,Marie-Antoinette_Katoto,15,16.52174,0,148,245,-5.3770986,-20.2893,10176980,6,3,0.5095238095238095
10185382,Hamed_Abdel-Samad,4,10.0,60,163,0,-11.241321,-19.737133,10185382,1,6,0.0
10196291,Marc_Fesneau,19,10.0,185,97,239,-12.533061,16.966198,10196291,1,5,0.0
10226122,Bataille_de_Hassaké_(2016),17,93.478264,235,94,0,16.914867,23.361967,10226122,65,7,746.6716526509149
10231012,Bataille_de_Jarablous_(2016),17,94.78261,235,94,0,-13.495665,-5.608579,10231012,66,7,7846.069200818523
10237914,Luka_Jović,9,13.913044,255,42,47,-8.989416,15.42878,10237914,4,0,1054.666666666667
10315440,Concours_Eurovision_de_la_chanson_junior_2017,2,11.304348,193,77,88,19.62981,-18.286762,10315440,2,4,0.0
10325448,Ligue_Europa_2017-2018,9,24.347828,255,42,47,-15.437325,14.95411,10325448,12,0,39295.04465838081
10350356,Voie_de_la_Géorgie,9,12.608696,255,42,47,-3.0514297,3.3570137,10350356,3,4,0.0
10362628,Mouctar_Diakhaby,9,10.0,255,42,47,23.535547,7.7926607,10362628,1,0,0.0
10416989,Offensive_de_Raqqa_(2016-2017),17,93.478264,235,94,0,-2.4103603,-7.190419,10416989,65,7,956.5471959525315
10446961,Moise_Kean,16,11.304348,153,96,160,1.1233872,-10.413581,10446961,2,15,1049.0
10463806,Semi_Radradra,6,12.608696,0,126,172,-5.0182667,-2.3150866,10463806,3,11,0.0
10463962,Brahim_Díaz,9,10.0,255,42,47,-16.901442,-5.6954174,10463962,1,0,0.0
10495019,Bataille_de_Palmyre_(décembre_2016),17,93.478264,235,94,0,-2.380027,-23.232218,10495019,65,7,367.5754169445604
10517597,Théo_Fernandez,13,11.304348,0,134,74,-17.438313,-7.7096014,10517597,2,17,0.0
10602858,Concours_Eurovision_de_la_chanson_2018,2,11.304348,193,77,88,-16.49261,-5.158764,10602858,2,4,9369.0
10606182,Federico_Chiesa,16,10.0,153,96,160,6.8424535,17.42113,10606182,1,15,0.0
10606886,Rodrigo_Bentancur,16,16.52174,153,96,160,-2.722061,20.741703,10606886,6,15,5225.25
10620380,Bataille_de_Marea_(2016),10,49.130432,114,121,10,-13.833082,20.057762,10620380,31,13,201.46746686316374
10627071,Supervision_musicale,14,37.391304,0,164,49,24.82682,5.477528,10627071,22,2,524.0000000000001
10668175,Attentat_de_Soussiane,10,47.826084,114,121,10,13.279116,21.191828,10668175,30,13,12.483250291257193
10669833,Attentats_de_Homs_du_25_février_2017,17,94.78261,235,94,0,5.593198,20.05727,10669833,66,7,893.0095449402654
10672907,Arthur_Iturria,6,28.26087,0,126,172,-11.905781,6.710754,10672907,15,11,0.779655067155067
10681298,Bataille_de_Palmyre_(2017),17,94.78261,235,94,0,-14.548982,-10.331498,10681298,66,7,1398.6247651493893
10684661,Denzel_Dumfries,16,19.130436,153,96,160,7.4017034,2.2081964,10684661,8,15,0.2857142857142857
10710126,Attentat_de_Damas_du_11_mars_2017,10,46.52174,114,121,10,-4.5057826,-17.93555,10710126,29,13,7.632371880607252
10720223,Attentat_de_Damas_du_15_mars_2017,17,93.478264,235,94,0,-0.83438456,-1.0166975,10720223,65,7,225.86543102974716
10720638,Les_Tuche_3,13,13.913044,0,134,74,8.839766,16.188675,10720638,4,17,1.5
10736071,Terrorisme_en_2015,17,10.0,235,94,0,12.335875,16.249664,10736071,1,7,0.0
10744289,Offensive_de_Hama_(2017),17,94.78261,235,94,0,-18.873304,-12.083894,10744289,66,7,299.9303113284866
10744913,Offensive_de_Tasil_(2017),10,47.826084,114,121,10,1.4418323,-23.320805,10744913,30,13,12.483250291257193
10766268,Attaque_chimique_de_Khan_Cheikhoun,17,94.78261,235,94,0,14.722265,-24.589489,10766268,66,7,364.95231124239996
10793119,Attentat_de_Rachidine,17,92.17391,235,94,0,16.063576,8.878401,10793119,64,7,205.56831639115825
10802676,Kimberly_Scott,11,11.304348,0,168,183,-19.586832,11.547355,10802676,2,8,0.0
10815766,Bataille_de_Tabqa_(2017),17,72.608696,235,94,0,-19.109816,-23.349985,10815766,49,7,4477.969707815149
10825821,Siège_de_Foua_et_Kafraya,17,93.478264,235,94,0,-2.833087,-8.566531,10825821,65,7,290.7207642769923
10851956,Alivereti_Raka,6,20.434784,0,126,172,-24.492865,-14.515966,10851956,9,11,195.12661207692278
10856509,Offensive_de_Hama_(2016),10,47.826084,114,121,10,0.6774194,12.564838,10856509,30,13,12.483250291257193
10856745,Brillantissime,11,10.0,0,168,183,-2.0480483,1.4378765,10856745,1,1,0.0
10874016,Boris_Vallaud,4,11.304348,60,163,0,18.15474,15.697323,10874016,2,6,0.0
10900555,Matthijs_de_Ligt,16,21.73913,153,96,160,19.435692,-8.2374,10900555,10,15,29475.96876007493
10912105,Phil_Foden,9,10.0,255,42,47,11.457635,22.103474,10912105,1,0,0.0
10924649,Félix_Lambey,6,24.347828,0,126,172,20.682022,17.295723,10924649,12,11,13.37217227217227
10931424,Bataille_de_Qamichli,10,50.434784,114,121,10,-20.495966,18.111725,10931424,32,13,7911.116432117771
10934615,Huguette_Tiegna,19,11.304348,185,97,239,10.31935,0.092791185,10934615,2,5,2096.0
10936170,Stéphanie_Do,4,10.0,60,163,0,-3.9888208,17.908234,10936170,1,6,0.0
10980456,Maria_Chiara_de_Bourbon_des_Deux-Siciles,0,11.304348,235,44,170,-3.9868596,-12.619528,10980456,2,10,0.0
10980457,Maria_Carolina_de_Bourbon_des_Deux-Siciles,0,12.608696,235,44,170,-12.053961,17.11388,10980457,3,10,0.5
10985501,"Dumbo_(film,_2019)",0,15.217392,235,44,170,11.260335,-14.9740095,10985501,5,2,22228.689619367564
11024091,Tournoi_des_Six_Nations_2018,6,30.869566,0,126,172,-9.318756,-20.406906,11024091,17,11,641.068169423072
11031488,Richarlison,16,10.0,153,96,160,-22.228262,-12.020675,11031488,1,15,0.0
11052252,Offensive_du_Jouroud_de_Qaa_et_Ras_Baalbeck,17,94.78261,235,94,0,-1.8009464,13.193953,11052252,66,7,388.2891982498146
11059534,Numéro_une,13,10.0,0,134,74,23.47366,22.703188,11059534,1,17,0.0
11063465,Bienvenue_à_Marwen,5,11.304348,54,124,233,-3.8597534,-5.338572,11063465,2,1,0.0
11068630,Offensive_de_la_Badiya,17,96.08696,235,94,0,-12.450735,8.316735,11068630,67,7,1539.68387018816
11092961,Bataille_de_Maarat_al-Nouman_(2016),17,88.260864,235,94,0,-1.8294644,-6.172979,11092961,61,7,837.3373393074684
11093870,"Le_Roi_lion_(film,_2019)",11,16.52174,0,168,183,-1.6384376,16.475157,11093870,6,8,3666.499999999999
11096510,Bataille_de_Jabal_al-Zawiya_(2014),10,49.130432,114,121,10,-5.2233524,-9.715468,11096510,31,13,201.46746686316374
11100143,Offensive_de_Hama_(2015),17,88.260864,235,94,0,0.39379254,0.9784295,11100143,61,7,6387.519120137288
11115582,Offensive_de_Tasil_(2016),17,92.17391,235,94,0,-24.321775,-17.87268,11115582,64,7,2848.76354263619
11123603,Jordan_Bardella,19,11.304348,185,97,239,-13.148515,14.460007,11123603,2,5,1049.0
11161307,Bataille_de_Mayadine,10,46.52174,114,121,10,2.217157,-5.684006,11161307,29,13,7.632371880607252
11234039,Bataille_de_Boukamal_(2017),17,90.86957,235,94,0,11.268559,-8.001628,11234039,63,7,225.43736805319887
11258019,Élections_législatives_partielles_au_cours_de_la_XVe_législature_de_la_Cinquième_République_française,19,12.608696,185,97,239,-15.23821,6.986427,11258019,3,5,3143.0000000000005
11287716,"Stars_80,_la_suite",14,13.913044,0,164,49,17.704697,-6.5857754,11287716,4,2,2096.0000000000005
11301632,Agir,19,10.0,185,97,239,3.9612875,5.2943544,11301632,1,5,0.0
11352977,Željko_Krajan,13,15.217392,0,134,74,7.9787283,1.1512369,11352977,5,17,0.44999999999999996
11373015,Kevin_Mbabu,16,17.826088,153,96,160,-8.935794,7.592288,11373015,7,15,0.0
11390965,Bataille_de_Beït_Djine,17,92.17391,235,94,0,-11.357704,19.512253,11390965,64,7,2159.450455947601
11434825,Ilian_Bergala,11,11.304348,0,168,183,22.478096,-21.974985,11434825,2,1,3141.0
11464085,Lucas_Torreira,16,13.913044,153,96,160,1.956287,-12.411209,11464085,4,15,0.0
11535465,Élection_présidentielle_géorgienne_de_2018,9,13.913044,255,42,47,2.412518,-9.877941,11535465,4,4,0.3333333333333333
11604880,Empoisonnement_de_Sergueï_et_Ioulia_Skripal,17,12.608696,235,94,0,6.460951,-22.818174,11604880,3,7,4.433539508243878
11618737,Attaque_chimique_de_Douma,17,98.695656,235,94,0,12.341752,-23.780878,11618737,69,7,754.8080664529787
11633661,Bombardements_de_Barzé_et_de_Him_Shinshar,17,98.695656,235,94,0,20.005657,0.95784736,11633661,69,7,3023.0743754219793
11677114,Philippe_Paradis_(musicien),20,10.0,0,134,135,4.5490246,6.119392,11677114,1,12,0.0
11682839,Maniaplanet,3,12.608696,152,129,0,-11.230084,-4.860755,11682839,3,9,0.0
11697362,"Sauvage_(film,_2018)",11,10.0,0,168,183,17.066378,-8.969952,11697362,1,1,0.0
11711017,Martín_Campaña,16,13.913044,153,96,160,10.078614,-23.904364,11711017,4,15,0.0
11717068,Les_Terriens_du_dimanche_!,4,13.913044,60,163,0,-11.570709,13.928938,11717068,4,5,25893.8333333331
11727305,Grenade_GLI-F4,19,10.0,185,97,239,-13.001438,21.348705,11727305,1,5,0.0
11727596,Carolina_de_Salvo,0,10.0,235,44,170,-12.879639,-8.223598,11727596,1,2,0.0
11770071,Bataille_de_Boukamal_(2018),10,49.130432,114,121,10,-2.3175023,-5.139824,11770071,31,13,13.753883450369177
11800481,Demba_Bamba,6,16.52174,0,126,172,14.42769,-21.820293,11800481,6,11,3.043589743589744
11803143,Offensive_de_Deraa,17,96.08696,235,94,0,-4.5429115,17.536959,11803143,67,7,5956.148177948837
11807056,Nemanja_Radonjić,9,13.913044,255,42,47,-12.594133,-2.241699,11807056,4,0,852.5299999999803
11842163,Ma_reum,13,10.0,0,134,74,22.5116,-13.481378,11842163,1,17,0.0
11858890,Billy_Eichner,11,10.0,0,168,183,-19.050308,-17.565332,11858890,1,8,0.0
11867194,Attaques_de_Soueïda,10,54.347828,114,121,10,-24.125359,9.103148,11867194,35,13,18107.925925085437
11870690,Charlotte_Girard,4,10.0,60,163,0,13.031966,16.65795,11870690,1,6,0.0
11875409,Félix_Maritaud,11,11.304348,0,168,183,-1.1247569,24.591005,11875409,2,1,1049.0
11959345,Coupe_Davis_2019,13,17.826088,0,134,74,-1.0292766,2.807787,11959345,7,17,61.30867519735243
11990247,Phase_de_groupes_de_la_Ligue_Europa_2018-2019,9,20.434784,255,42,47,-1.4102037,12.238665,11990247,9,0,4516.901493506473
12039442,Cyrus_de_Panopolis,18,11.304348,41,139,0,-0.42415595,15.638081,12039442,2,18,0.0
12071255,Séparatisme_dans_les_îles_Faichuk,1,16.52174,175,95,13,21.79453,4.2159176,12071255,6,14,1049.0
12076153,Paul_Lefèvre_(acteur),11,10.0,0,168,183,-7.250084,13.924475,12076153,1,1,0.0
12085027,Les_Chroniques_de_Noël,11,11.304348,0,168,183,-7.101909,18.92015,12085027,2,8,1049.0
12115780,Pierre_Fitzgibbon,4,10.0,60,163,0,-17.427887,-21.428486,12115780,1,6,0.0
12123951,Sauver_ou_périr_(film),1,10.0,175,95,13,14.9499445,-20.620354,12123951,1,14,0.0
12134091,Lévan_Zourabichvili,9,11.304348,255,42,47,6.2679977,0.43800846,12134091,2,4,0.0
12144533,Tom_Payne,5,10.0,54,124,233,20.03889,3.0300338,12144533,1,1,0.0
12191090,Jonas_(téléfilm),11,11.304348,0,168,183,22.435947,14.04457,12191090,2,1,2096.0
12203704,Francis_Chouat,19,10.0,185,97,239,6.6053023,19.42001,12203704,1,5,0.0
12207744,Incident_du_détroit_de_Kertch,9,16.52174,255,42,47,-18.640667,12.764237,12207744,6,4,848.1057209350108
12231275,La_Faute,11,10.0,0,168,183,-8.054989,6.360197,12231275,1,1,0.0
12697556,Christophe_Pélissier,2,10.0,193,77,88,13.197052,-17.051842,12697556,1,4,0.0
