Id,Label,modularity_class,Degree,Eccentricity,closnesscentrality,harmonicclosnesscentrality,betweenesscentrality
57328398,Paul_J._Schlise,5,4,23,0.114369,0.146231,2132.770072
1384530,John_Wood_(English_actor),49,4,27,0.076825,0.083826,32975
45340726,Bush_shoeing_incident,8,3,27,0.076592,0.093229,5499
1546474,"Pioneertown,_California",4,2,23,0.097766,0.111663,125903.187149
679746,Independence_Stadium_(Shreveport),26,10,25,0.103652,0.128282,34410.555935
42159082,"Serginho_(footballer,_born_1995)",41,4,28,0.081619,0.097712,0
5945948,Zoran_Mami?,41,1,28,0.081389,0.096599,0
5254422,Speech_or_Debate_Clause,5,5,21,0.109253,0.131008,35301.517664
26929382,John_Curtis_(American_politician),21,6,23,0.108724,0.133131,10.308845
343782,Parliamentary_Labour_Party,43,7,22,0.11074,0.131382,32328.167055
2648856,Jane_Eyre_(1943_film),49,1,33,0.048777,0.052121,0
4014302,National_Assembly_(Armenia),54,11,23,0.095231,0.105328,12064.782304
26245190,8mm_French_Ordnance,54,1,24,0.086827,0.094068,0
308842,Robert_Muldoon,43,2,22,0.120529,0.155821,13358.734005
47936800,UEFA_Euro_2020_qualifying,28,31,29,0.072803,0.094758,90301.427697
56085920,Bharatiya_Tribal_Party,8,41,25,0.086692,0.122205,331.18628
199420,Arbusto_Energy,5,3,22,0.122845,0.159745,0.055556
57005490,List_of_Trump_administration_dismissals_and_resignations,21,11,23,0.105977,0.128374,21323.140476
6271722,"John_Coleman_(footballer,_born_1962)",28,2,31,0.066533,0.076868,5499
34879480,Darren_Mattocks,33,10,26,0.092738,0.110912,24560.771927
264920,List_of_Wimbledon_Open_Era_champions,22,3,27,0.082038,0.09162,10996
53091902,Tarana_(Vidhan_Sabha_constituency),8,3,25,0.087809,0.119256,0
5094994,Michelle_Dewberry,43,3,21,0.115036,0.133951,10996
7421180,Hugo_Gatti,41,6,26,0.089312,0.10581,5335.23225
17260462,Andrew_McCutchen,0,8,25,0.096927,0.114127,51619.416438
1754934,Water_polo_at_the_1956_Summer_Olympics,7,3,23,0.109416,0.132601,0
6859154,Jenny_Bradley,49,1,27,0.074764,0.079778,0
41647460,Pilani_(Rajasthan_Assembly_constituency),8,6,25,0.086579,0.117844,0.865095
601718,White_Night_riots,51,6,23,0.10804,0.130606,11550.900132
58594426,Hungary_in_the_Eurovision_Song_Contest_2019,25,2,26,0.083323,0.093536,5499
177326,Rebecca_West,43,2,25,0.08741,0.098363,0
908698,Frank_Leahy,26,2,26,0.091867,0.107178,0
671806,Skrull,11,11,30,0.063423,0.070916,137336.632091
42781468,Tamradhwaj_Sahu,8,25,25,0.086658,0.120441,613.247444
56983384,Louise_Thuliez,31,2,24,0.095624,0.111027,0
5571214,Election_commission,8,2,26,0.079786,0.100996,0
52154470,Josh_Reynolds_(American_football),26,8,24,0.099822,0.119861,15634.232147
9037100,South_Pars/North_Dome_Gas-Condensate_field,5,2,23,0.114328,0.145866,5499
37903894,Pinapaka_(ST)_(Assembly_constituency),19,28,25,0.086643,0.120587,19501.096074
54088,Harry_Palmer,49,4,26,0.07697,0.083346,2749
272016,Clapham_Junction_railway_station,35,4,24,0.091542,0.101921,10996
18864554,Death_and_state_funeral_of_Richard_Nixon,5,21,22,0.126213,0.174144,1529.346442
6297944,Lanny_Davis,15,5,23,0.095735,0.110053,576944.575261
38558166,Kingsley_Coman,48,2,30,0.069654,0.081279,5499
1776954,Oscar_Ruggeri,41,4,27,0.083679,0.099695,38.799749
562410,Pete_Murray_(DJ),25,2,25,0.09089,0.105286,5499
33799154,Yuri_Oganessian,50,3,24,0.085837,0.096193,1
5700312,Cliff_Fletcher,0,1,28,0.07826,0.087645,0
14356368,James_Wilson_(rugby_union),29,2,26,0.09156,0.104442,1567.428571
1140616,Tom_Gordon,0,3,24,0.102723,0.1214,3094.673613
37601302,Whitehouse_High_School,4,1,27,0.088169,0.102341,0
30579430,Romaine_Sawyers,28,5,30,0.069249,0.08306,10918.665788
26971778,Man_Wanted,3,2,26,0.079155,0.086029,11460.779263
2569570,Turf_Moor,28,4,30,0.070919,0.08609,87744
8108496,Edinburgh_Playhouse,24,5,22,0.103766,0.12175,418.389925
29503306,List_of_incidents_of_grave_disorder_in_the_British_House_of_Commons,43,3,22,0.101581,0.11911,4663.16654
43659046,Florent_Hadergjonaj,33,4,30,0.069401,0.080311,0
1893922,Anatoly_Tarasov,21,1,27,0.066661,0.070531,0
274330,Seattle_Pilots,0,2,23,0.11325,0.142917,49166.082288
17396,Kid_Rock,5,3,21,0.127868,0.167526,0
531948,China_Service_Medal,5,2,22,0.120492,0.155687,0
135304,"Decatur,_Tennessee",52,1,26,0.081942,0.091942,0
34506988,Noah_Syndergaard,0,3,27,0.082305,0.091816,6641.513696
187074,Judy_Holliday,49,6,23,0.111053,0.139395,186904.074741
36881830,Aleksander_?eferin,23,1,32,0.059302,0.066768,0
21325310,Tom?s_Rinc?n,33,2,27,0.086158,0.09957,5499
30949814,Economic_Advisory_Council,8,14,25,0.08749,0.120737,64033.018515
678896,Isaac_C._Kidd,3,4,23,0.099793,0.117223,359.337532
56213390,Arn?r_Sigur?sson,48,7,29,0.071774,0.082049,5499
376138,National_Grange_of_the_Order_of_Patrons_of_Husbandry,14,1,28,0.072608,0.078637,0
2580516,KTVA,52,3,22,0.111104,0.135523,0
39936702,Rosemary_DiCarlo,1,2,22,0.109614,0.13139,5499
492336,Peter_Brown_(historian),28,1,30,0.066835,0.075889,0
22567388,Sebastian_Vollmer,4,2,27,0.085236,0.096821,0
23025136,Strasbourg_Mosque,54,2,22,0.102255,0.114559,0
7283288,Tony_Barber_(bassist),22,24,31,0.062,0.069755,0
8587280,Wet_meadow,53,2,24,0.095924,0.112147,0
40580014,Molly_McGrath,26,2,26,0.09328,0.108324,55.133049
56732826,Riqui_Puig,28,3,25,0.086829,0.095687,43936.363143
412938,Steve_King,21,26,20,0.11622,0.138348,527997.710277
39823344,Steve_Toussaint,50,1,30,0.056866,0.06069,0
1918494,State_and_Main,44,1,25,0.093531,0.106532,0
43240,Thomas_Telford,24,1,23,0.095021,0.108588,0
4461320,Douglas_Brinkley,5,14,21,0.126324,0.169904,13952.195856
54516386,2017_Cotton_Bowl_Classic_(December),26,11,24,0.109038,0.135465,33852.623007
27261798,Chris_Skidmore,43,2,23,0.094346,0.104912,0
923814,Grammy_Award_for_Best_Pop_Vocal_Album,44,17,26,0.085016,0.096796,39941.688903
1579828,"Lorman,_Mississippi",26,2,25,0.096498,0.11122,0
971428,Kung_Lao,36,13,30,0.066531,0.073557,609.777778
18562090,El?as_Hern?ndez,41,2,27,0.081613,0.09332,5499
528116,The_Integral_Trees,36,1,27,0.074662,0.081625,0
225824,Takeo_Yoshikawa,3,1,24,0.093025,0.106931,0
38298650,Hanuma_Vihari,17,2,32,0.056727,0.06222,21984
21322928,John_Papuchis,34,1,24,0.095531,0.110055,0
695436,Milwaukee_County_Stadium,4,7,23,0.120003,0.148689,251073.790036
43238756,Oleg_Sentsov,27,1,26,0.07471,0.081468,0
27594024,1865_Memphis_earthquake,52,2,25,0.089249,0.102642,0
41600964,Sadulshahar_(Rajasthan_Assembly_constituency),8,6,25,0.086579,0.117844,0.865095
7305146,Navy_Midshipmen_football,20,15,21,0.113262,0.14371,23434.642023
6213422,TMZ,4,7,22,0.122971,0.167602,197897.953187
8682058,Lincoln_Catafalque,5,16,22,0.123269,0.170985,13107.167554
19961310,James_A._Baker_(born_1821),5,3,22,0.120678,0.161753,36.988156
267484,Synthetic_geometry,55,1,28,0.064845,0.069081,0
44136352,Pah_Wongso,35,6,25,0.093975,0.109965,389091.710278
58574936,Sky_Yen,22,3,31,0.061985,0.067846,0
2860056,United_States_District_Court_for_the_Northern_District_of_Texas,21,3,23,0.104836,0.124726,5499
37477456,Alexander_Ellis_III,5,35,22,0.125425,0.170356,153.959233
8827552,Kevin_Wilson_(American_football),4,2,26,0.095552,0.113873,2545.350926
30761966,History_of_Edinburgh,24,6,22,0.101731,0.118032,1285.531835
42864934,David_Coburn_(politician),27,2,24,0.088879,0.098641,0
69980,Second_Sino-Japanese_War,3,14,24,0.0977,0.116309,390327.263453
7047304,Company_scrip,21,1,26,0.075357,0.082123,0
29077426,Tim_Leiweke,0,1,28,0.07826,0.087645,0
1071538,The_Return_of_the_Archons,49,2,35,0.044444,0.046877,0
888,A._E._van_Vogt,36,5,24,0.096166,0.112511,2055.558333
20682654,Arena_Na?ional?,28,6,29,0.072849,0.090835,12730.445448
184806,Eurovision_Song_Contest_1965,25,4,25,0.095769,0.112761,0
236020,Elliptic_geometry,55,3,26,0.074503,0.081706,16491
31775758,Derek_Mackay,43,1,24,0.095164,0.110413,0
7871980,Call_Me_Claus,46,1,29,0.062175,0.066979,0
2332364,The_Strange_Love_of_Martha_Ivers,3,1,24,0.084886,0.095412,0
37199588,Steven_Lecefel,41,4,28,0.082193,0.098111,68.397318
45241494,Athletes_and_domestic_violence,4,3,23,0.112158,0.14067,0
7404478,Rick_Spielman,4,3,26,0.091921,0.108792,49427
25970100,Elections_in_Madhya_Pradesh,8,50,25,0.087934,0.124532,4795.588062
56285058,Jane_Teoh,47,9,31,0.062977,0.070068,0
10046360,Jimmy_Carter_rabbit_incident,5,18,22,0.121795,0.163358,41.464156
400010,Rao?Blackwell_theorem,56,68,23,0.09581,0.118425,12238.888209
19327634,I._G._Patel,13,10,27,0.076864,0.097635,4911.856325
187346,Club_Athletico_Paranaense,41,7,27,0.082579,0.096372,16446.127332
28935060,Faouzi_Ghoulam,48,5,29,0.072117,0.083232,5499
32668306,Conor_Hourihane,28,7,30,0.069397,0.085386,17752.255305
7333708,Kadapa_(Lok_Sabha_constituency),8,14,25,0.086632,0.119287,235.320926
15146430,J?nior_Moraes,48,7,28,0.079908,0.096673,52196.538764
22114132,The_Avengers_(2012_film),11,12,28,0.072455,0.081445,66048.325717
3838436,Follow_Me_Quietly,5,1,23,0.105696,0.127139,0
174262,Prescott_Bush,5,89,22,0.128298,0.18415,25422.968304
2669810,The_Clarion-Ledger,5,4,22,0.120781,0.158032,385206.732375
4329352,Darren_Emerson,32,1,26,0.089334,0.096953,0
49717982,The_Garth_Brooks_World_Tour_(1996?98),18,26,26,0.080984,0.094088,3263.586707
11665234,Presidency_of_George_H._W._Bush,5,105,21,0.133797,0.194379,97890.888255
15765690,Orgasm_Addict,22,25,31,0.062,0.069846,1.746465
780762,John_Thompson_III,34,2,30,0.063447,0.0688,0
11390548,Panzer_Dragoon,36,3,26,0.075755,0.082869,10996
12181806,Parliament_of_Andalusia,2,3,27,0.075671,0.08311,2749
238832,Am?lie_Mauresmo,22,3,27,0.085604,0.09591,328809.657528
1047002,Florence_Rice,35,1,30,0.061382,0.064678,0
37903880,Mulug_(ST)_(Assembly_constituency),19,17,25,0.08659,0.118799,1425.638815
3145578,Christine_and_L?a_Papin,16,1,27,0.070589,0.076864,0
2417140,Arena_da_Baixada,41,4,27,0.082707,0.096933,5998.323763
42518360,Chad_Laprise,0,3,28,0.078184,0.08804,1
17272938,Chandrayan_Gutta,8,2,26,0.081646,0.104956,0
42585006,The_King_of_Love_My_Shepherd_Is,5,2,22,0.119187,0.152758,0
57263836,2018?19_European_Rugby_Challenge_Cup,29,6,26,0.091567,0.104836,1571.428571
598942,Grammy_Award_for_Best_Music_Video,44,14,26,0.089174,0.102563,78425.223535
39306798,Mathieu_Deplagne,33,2,27,0.081446,0.093206,0
36501454,Shuri_(comics),11,1,31,0.059609,0.064462,0
16914128,Pork_and_Beans_(song),44,1,27,0.081874,0.090999,0
363792,Sunday_Sport,43,1,23,0.102251,0.11348,0
45222644,Ryan_Day_(American_football),26,6,26,0.095397,0.113582,3244.088799
36892904,Bradley_Sowell,4,10,25,0.098249,0.119384,48359.538475
12714970,Black_college_football_national_championship,26,8,23,0.107221,0.126177,145800.211085
3600962,Lee_Aaker,3,1,23,0.09215,0.105571,0
53465104,2018_Mizoram_Legislative_Assembly_election,8,38,25,0.08667,0.121553,2790.085677
18632382,VMS_Eve,42,15,29,0.062485,0.071152,4.955402
24704432,Victims_of_Communism_Memorial_Foundation,5,2,22,0.120255,0.157586,0
24069254,The_Glory_of_Love_(song),44,1,28,0.076805,0.083515,0
66986,Woodland,53,4,24,0.095931,0.11239,10997
57875364,Alejandra_Lara,4,2,26,0.078304,0.08642,0
2016492,Stade_Olympique_Yves-du-Manoir,48,4,29,0.072587,0.086056,4355.545311
55846,Bob_Dole,5,58,21,0.133453,0.189157,262945.260056
38173892,List_of_Navy_Midshipmen_head_football_coaches,20,5,22,0.101752,0.122009,0
14060596,Podesta_Group,5,2,23,0.103776,0.123193,0
44722256,History_of_Club_Atl?tico_River_Plate,41,7,26,0.09027,0.107818,5441.447045
21647456,"Mark_Murphy_(safety,_born_1958)",4,1,25,0.100512,0.119284,0
1223702,Franklin_Van_Valkenburgh,3,3,22,0.10195,0.120148,519.101614
10468768,List_of_diplomatic_missions_of_Turkey,54,1,22,0.102253,0.114468,0
33572368,Ricky_Ricardo_Jr.,35,1,30,0.056687,0.059811,0
13373650,"Indian_Land,_South_Carolina",21,1,24,0.095724,0.11064,0
4105584,Bill_Musgrave,26,3,25,0.099101,0.119626,11435.288361
32876652,Shelby_Miller,5,2,23,0.113036,0.142343,10996
41197882,Elections_in_Mizoram,8,12,26,0.084535,0.110809,697.251889
360120,Michael_Tilson_Thomas,36,1,25,0.087743,0.099536,0
51708344,Robert_Courts,43,7,22,0.106593,0.122313,105.469151
18693518,Pierre-Emerick_Aubameyang,23,10,30,0.071044,0.088043,72009.651143
22613616,Yuya_Osako,41,4,29,0.075791,0.088517,16493
3264388,Stadio_Artemio_Franchi,0,2,24,0.10366,0.122735,5499
41355364,Cetywayo_and_His_White_Neighbours,49,1,26,0.079319,0.087535,0
22004388,Enda_Stevens,28,4,30,0.067768,0.080312,4440.007822
24480838,Black_Swan_(film),44,2,27,0.080513,0.088744,0
30852386,Guna_(Vidhan_Sabha_constituency),8,3,26,0.080869,0.10347,0
1075914,Alexandria_Eschate,21,5,24,0.086034,0.097013,1832.333333
305010,Rahul_Gandhi,8,39,25,0.086682,0.121768,7889.892246
55140,"Madison_County,_New_York",5,2,22,0.118196,0.151642,16491
25310244,Armando_Gutierrez,5,1,23,0.107531,0.129901,0
48772506,Indore-1_(Vidhan_Sabha_constituency),8,9,25,0.087824,0.119953,82.35553
2589020,Elections_in_Kerala,8,36,25,0.086648,0.120947,16.824347
199074,Eurovision_Song_Contest_2000,25,6,24,0.104575,0.127029,848.432643
48283064,Desmond_King_(American_football),4,10,25,0.10147,0.124213,6956.015888
741018,Robin_Friday,28,1,31,0.064052,0.07291,0
39562,Geochemistry,30,5,25,0.094041,0.11026,32975
27924754,NetherRealm_Studios,36,12,30,0.06653,0.073466,0
24987244,Alan_Kelly_(referee),33,3,26,0.092061,0.107436,1.086415
5805506,Forbush_Man,11,4,30,0.063374,0.069627,0
39239578,Vince_Williams_(American_football),4,7,23,0.100954,0.120608,6084.89854
53156864,Rony_(footballer),41,2,28,0.076282,0.085966,0
1956740,Rodney_Rogers,33,2,26,0.086498,0.094634,5499
2598276,Talkback_(production_company),32,2,25,0.090531,0.099265,93739.240294
53210,Marion_Zimmer_Bradley,36,4,24,0.096167,0.112481,0
2463212,Virginia_Gregg,35,1,27,0.072748,0.078601,0
23505048,Andrzej_Fonfara,0,3,27,0.075676,0.084041,12409.226984
14055002,Rakhim_Chakhkiev,0,3,27,0.075049,0.08275,3471.325361
138252,"Cheney,_Washington",26,4,24,0.099833,0.11463,5757.560464
43595062,List_of_North_Dakota_State_Bison_in_the_NFL_Draft,26,3,24,0.098048,0.112474,0
3924940,Brett_Keisel,4,6,24,0.097623,0.118915,125.984628
34795136,Wissam_Ben_Yedder,28,1,30,0.067864,0.081986,0
1602662,Leeward_Islands_(Society_Islands),52,1,23,0.09996,0.116324,0
13503272,Place_Kl?ber,54,5,22,0.10227,0.114952,1.666667
42581360,Speyer_wine_bottle,21,2,25,0.084799,0.094626,5499
6507496,List_of_members_of_the_European_Court_of_Justice,54,1,22,0.104814,0.117671,0
1670186,Edward_J._Flanagan,49,2,32,0.051257,0.054981,5499
50446564,Austin_Blythe,26,5,25,0.093812,0.110412,121.457242
10865256,Emilio_Izaguirre,28,1,31,0.06412,0.072753,0
43169442,Deeplearning4j,56,12,24,0.087461,0.10152,0
47962650,Emma_Little-Pengelly,43,4,22,0.110415,0.126715,1236.407218
40775102,Mortal_Kombat_11,36,13,30,0.066531,0.073557,5499
9248628,Gran_Gal?_del_Calcio,33,3,29,0.073881,0.082243,21984
53088222,Josh_Pitcock,21,3,24,0.096119,0.111648,0
4967070,She_(1965_film),49,1,26,0.079319,0.087535,0
53915210,Elijah_McGuire,4,2,24,0.095298,0.109711,0
3157962,Golborne,46,2,28,0.066316,0.073119,0
1908498,Aleutian_Trench,52,5,22,0.110404,0.135153,4088.077319
51564404,UFC_206,0,6,27,0.084767,0.09723,8230.833333
2641430,Kirkliston,24,6,23,0.094067,0.107672,132.142058
557850,Premier_League_Manager_of_the_Month,28,1,31,0.064028,0.072719,0
6546744,Bill_Archer,5,5,22,0.123144,0.164613,58.112772
2836962,Estadio_Libertadores_de_Am?rica,41,3,27,0.084823,0.09935,0
28057248,Kaleb_Cowart,0,1,28,0.076047,0.083158,0
25704946,List_of_Strictly_Come_Dancing_specials,22,5,25,0.092302,0.101777,277067.79565
1905498,Butembo,3,1,25,0.085122,0.095446,0
307512,"Maldon,_Essex",53,5,26,0.080739,0.090783,180487.5
41617728,The_Casino_Murder_Case_(film),3,6,25,0.088956,0.102075,5503.333333
40951204,Roger_Mart?nez,41,13,27,0.08717,0.105044,23900.303645
20749380,Milton_Caraglio,41,7,26,0.09041,0.107834,16053.645965
52210248,Ronald_Jones_(running_back),4,3,26,0.082884,0.094643,0
2964024,Chicago_Portage,16,5,23,0.098249,0.116034,18.333333
24175110,Pali_(Rajasthan_Assembly_constituency),8,6,25,0.086579,0.117844,0.865095
1715754,Panzer_Dragoon_Orta,36,2,27,0.070423,0.07576,0
26138724,Michelle_Beisner-Buck,26,5,24,0.100653,0.118264,25434.49115
2815958,Ervin_Z?dor,7,3,23,0.109416,0.132601,0
50831016,2017_NHL_Expansion_Draft,0,12,27,0.086291,0.100383,102296.257817
6025078,Pablo_Barrera,41,7,27,0.083604,0.100783,13381.965152
28178642,Dzsenifer_Marozs?n,23,13,31,0.063353,0.075754,766.335994
24436958,"Phil_Jones_(footballer,_born_1992)",48,1,30,0.068215,0.0789,0
228432,Open_Vlaamse_Liberalen_en_Democraten,54,10,21,0.110057,0.125391,25199.441342
3333144,Terry_Baker,20,25,22,0.108066,0.134787,7257.225604
44553018,Carson_Kelly,0,3,26,0.090189,0.099484,5499
863306,Vote_counting,8,1,26,0.079778,0.100739,0
3608692,Matt_Murray_(English_footballer),28,2,31,0.064231,0.073997,5499
7056544,Patrick_Casey_(writer),50,1,32,0.051062,0.053568,0
45608342,2015_Navy_Midshipmen_football_team,20,7,22,0.101756,0.122191,4.220833
37890178,Khanapur_(Assembly_constituency),19,17,26,0.07976,0.101492,3.943745
415326,Robert_Jay_Mathews,21,1,22,0.105002,0.120538,0
17512190,List_of_Seattle_Seahawks_head_coaches,4,5,24,0.107104,0.130891,3347.302032
174638,Skull_and_Bones,5,19,22,0.124344,0.167567,19139.627542
6427010,Tim_Cain,36,11,24,0.098536,0.115762,16915.947861
25226624,Patient_Protection_and_Affordable_Care_Act,21,13,22,0.117103,0.147861,148482.037988
660440,Strasbourg_Cathedral_bombing_plot,54,5,22,0.102265,0.114877,0
5437598,Air_Force_(film),3,6,21,0.112962,0.14121,431710.632938
7675734,Second_Matabele_War,16,5,25,0.082119,0.09215,0
8430768,Globalization_and_disease,27,46,22,0.104874,0.127598,94.192118
58622516,The_Clovehitch_Killer,44,1,27,0.079441,0.087771,0
27621874,Isaac_Chilemba,0,3,27,0.077424,0.086791,5159.981036
31326034,Breast-shaped_hill,30,1,27,0.079159,0.088008,0
2294972,Operation_Pastorius,37,2,22,0.118,0.150545,2420.85171
8192520,Javier_Pinola,41,17,27,0.087289,0.107517,1850.548501
736762,"Hermitage,_Berkshire",38,2,25,0.093067,0.107626,0
8627512,Death_and_state_funeral_of_Gerald_Ford,5,53,22,0.128304,0.182052,30331.169366
23166704,Miss_Universe_2010,47,7,30,0.067167,0.075426,14704.088494
3534436,Attorney_General_of_New_York,15,3,25,0.082301,0.09272,104173
325750,"Michael_Havers,_Baron_Havers",49,2,22,0.109509,0.123876,173937.926519
56717830,J._C._Jackson,4,3,27,0.085237,0.096912,0
43701226,Tress_Way,4,2,25,0.08878,0.102031,5499
511694,George_W._Bush_military_service_controversy,5,32,22,0.126231,0.173865,1004.935174
1305596,Justin_Hoyte,33,8,27,0.086302,0.102604,20229.537448
1236610,Gigan,32,21,26,0.077792,0.087013,269.575468
314204,Chemometrics,56,64,23,0.095784,0.117712,0
87656,Strasburg,54,3,22,0.102257,0.114649,0
53898650,"Narela,_Bhopal_(Vidhan_Sabha_constituency)",8,7,25,0.08782,0.119741,36.989211
41640924,Churu_(Rajasthan_Assembly_constituency),8,5,25,0.086569,0.117572,5499
53850406,Ahmed_bin_Abdullah_Balala,8,4,26,0.081913,0.111029,10996.143519
6147914,Frank_Sesno,5,1,23,0.108548,0.13532,0
4529108,Pacific_Division_(NHL),0,12,26,0.092774,0.110911,175664.670124
28540948,Greg_Garza,33,10,26,0.093037,0.112221,50857.180353
668322,Blue_star_tattoo_legend,49,1,32,0.051221,0.054287,0
50532294,Ram?n_?bila,41,9,27,0.085671,0.100978,240.258049
13971226,Anne_Atkins,43,1,21,0.115027,0.133709,0
57550794,2018_Alcorn_State_Braves_football_team,26,7,25,0.105191,0.127211,25853.740887
21687640,Jess_Fishlock,23,10,31,0.063046,0.073686,0
1172016,"Other_Worlds,_Universe_Science_Fiction,_and_Science_Stories",36,14,23,0.106375,0.130132,80178.358333
10506098,Paul_Warne,28,1,32,0.062383,0.070232,0
31018418,Kenny_McLean,28,8,30,0.067908,0.083352,8857.802982
4173786,Mark_Bryan,40,5,24,0.101276,0.121145,0
27090320,Sherrick_McManis,4,8,26,0.089685,0.105604,10996
35410766,George_McCaskey,4,6,28,0.07767,0.087401,1833.666667
190930,Eurovision_Song_Contest_1983,25,37,24,0.099947,0.121906,2.717436
58084968,Catch_and_kill,15,6,25,0.086836,0.099829,144476.282091
1264368,Neil_Mellor,48,3,30,0.068174,0.079028,836.097908
56472,Benjamin_Netanyahu,5,7,22,0.121762,0.16574,16494
23394914,Sergey_Kislyak,21,2,23,0.100988,0.117204,5499
20132360,Harry_Smith_(athlete),46,9,28,0.066322,0.073756,0
54630036,Miss_France_2018,47,2,30,0.067126,0.074026,0
22114276,BIRCH,56,12,24,0.087461,0.10152,0
3771410,Revenge_of_the_Creature,49,4,24,0.08529,0.096464,333661.03021
27258624,Patr?cio_Freire,4,3,26,0.078305,0.086511,0.5
48995384,Jessica_Mulroney,5,2,23,0.10956,0.137568,0
50299728,Biological_reserve_(Brazil),53,1,25,0.087641,0.099615,0
24169174,Steve_Belichick,4,1,27,0.085234,0.09673,0
512936,USS_Ward_(DD-139),20,2,22,0.109079,0.131716,104609.791076
24051596,The_Kennel_Murder_Case_(film),3,10,23,0.107641,0.132622,139665.593321
20233618,Thoppil_Bhasi,9,4,25,0.086528,0.116684,21987
2241232,Murder_in_Mesopotamia,49,3,26,0.076986,0.083353,32964
18613626,Boi-1da,44,3,27,0.083028,0.092352,5499
211540,USS_Vincennes_(CG-49),5,5,22,0.121536,0.164744,5509.778879
11262088,List_of_presidents_of_the_United_States_by_age,5,29,21,0.132085,0.183742,1216.397198
4102590,Alexander_Tettey,28,3,31,0.064085,0.075571,0
11994,Destroy_All_Monsters,32,21,26,0.077792,0.087013,269.575468
504454,"F._E._Smith,_1st_Earl_of_Birkenhead",43,3,22,0.107864,0.126964,130123.190502
40186190,Pradhanmantri,8,3,25,0.086592,0.117772,7220.859486
129490,"Mentor,_Ohio",4,1,25,0.092829,0.107723,0
57221912,Leader_of_the_Christian_Democratic_Union,54,3,23,0.094906,0.104525,0.333333
5616588,Richie_Woodhall,5,1,24,0.095659,0.110537,0
3546126,Richard_Wilkins_(TV_presenter),17,2,37,0.044222,0.046972,0
30128594,Ambah_(Vidhan_Sabha_constituency),8,10,25,0.08782,0.119922,0
5815788,Otto_Kruger,3,5,24,0.091415,0.102041,57434.925346
3500202,Civil_War_(comics),11,17,29,0.067653,0.076471,68056.78085
5999658,"Strasburg,_Germany",54,3,22,0.102257,0.114649,0
650914,Tina_Charles_(singer),22,1,26,0.083402,0.089713,0
17354656,Damson_Park,28,5,32,0.062469,0.073702,20.847866
51528532,Dennis_Man,48,1,29,0.072068,0.082834,0
1614604,"N??ez,_Buenos_Aires",41,2,27,0.082814,0.094774,61.95237
18159852,Floyd_Ayit?,28,7,28,0.080583,0.098156,7925.118874
1901976,Dreamstyle_Stadium,26,9,24,0.1073,0.130098,85825.765793
39950554,Lucas_Melano,33,2,26,0.091915,0.106799,0
13034896,Larrys_Mabiala,33,4,27,0.084638,0.09704,1.074061
77770,Sky_(company),43,8,22,0.113895,0.130845,483514.735138
1537662,Bruce_Rioch,28,3,34,0.055294,0.061517,5499
2446720,Stampede_Wrestling,46,11,28,0.066323,0.073938,8
7487544,Jose_Diaz-Balart,5,2,23,0.112647,0.140781,16.749223
3512750,List_of_constituencies_of_the_Lok_Sabha,8,29,26,0.083134,0.114279,7053.749519
2561338,Harmony_in_My_Head,22,24,31,0.062,0.069755,0
166474,Fermi_(disambiguation),50,2,24,0.085834,0.096072,0
3052004,Steve_Owens_(American_football),20,23,22,0.108061,0.134606,5504.754155
556378,Irene_Hervey,4,2,30,0.06129,0.065366,5499
3445890,Nancy_Wilson/Cannonball_Adderley,49,9,25,0.08275,0.091868,0
3182072,Mervyn_S._Bennion,3,2,21,0.113839,0.141521,34286.97758
1217566,Strasbourg_Cathedral,54,7,22,0.102274,0.115134,2.916667
13346488,Twenty_Million_Sweethearts,35,2,29,0.068048,0.072449,5499
28352026,Oliver_Norwood,28,8,29,0.072625,0.089398,28842.939
33793722,Amel_Majri,23,12,31,0.063047,0.073867,0.583333
57509476,2019_Odisha_Legislative_Assembly_election,8,20,25,0.086626,0.119529,234.863084
1109114,Planetary_geology,30,2,26,0.085962,0.09772,0
53096552,Isaac_Nauta,26,1,28,0.080385,0.090993,0
2640146,The_Shiralee_(1957_film),49,2,26,0.080126,0.087556,8088.56344
744522,Alex_Webster,15,14,29,0.061992,0.067865,0
235314,Polytechnique_Montr?al,30,4,23,0.108749,0.131786,31328.87418
3920128,Kausia,25,1,26,0.083308,0.093242,0
572188,Sports_Illustrated_Sportsperson_of_the_Year,21,2,26,0.071412,0.07614,5499
867306,Stonyhurst_College,4,1,27,0.074853,0.081767,0
643298,Elstree,43,2,22,0.109385,0.123511,50817.025009
25159612,Mohamed_Abdulrahman,41,3,28,0.081645,0.097997,628.267719
47092196,Shimron_Hetmyer,17,2,29,0.068096,0.077141,5499
9753416,Antonio_McKee,4,3,23,0.097818,0.112144,121055.582824
50447052,Vicente_Luque,0,2,28,0.078182,0.087919,0
3611138,River_City_Relay,20,2,25,0.098062,0.116368,0
11441280,James_Earl_Carter_Sr.,5,17,22,0.121754,0.162858,18.145749
57717982,All_Day_Long_(Garth_Brooks_song),18,20,26,0.080975,0.093513,260.6559
856102,Adam_Garcia,22,1,28,0.075892,0.082515,0
145646,Paul_Lukas,3,4,24,0.097381,0.114721,15102.666086
22711666,Sarah_Kaufman_(fighter),0,3,29,0.072522,0.080011,5499.5
761512,New_Madrid_Seismic_Zone,52,5,23,0.108612,0.136026,38547.702977
47376142,Carlos_Gonz?lez_Esp?nola,41,3,27,0.082195,0.095629,0
41308326,2014_elections_in_India,8,49,25,0.086711,0.123165,1119.225962
1035366,British_Rail_Class_423,35,2,25,0.083867,0.09143,0
7063324,Newton_Earp,16,2,24,0.089435,0.102071,0
17723958,Beauty_for_Sale,3,3,25,0.08377,0.091672,21987
54434074,Khalil_Rountree_Jr.,0,2,28,0.078183,0.087949,0
30551644,2011_Wisconsin_Badgers_football_team,26,8,25,0.106564,0.131549,39450.259578
53804334,Bhopal_Madhya_(Vidhan_Sabha_constituency),8,4,25,0.08781,0.119347,0
4691838,Terry_Smith_(football),28,2,33,0.059065,0.067569,328.261524
38840044,Family_of_Secrets,5,55,22,0.125835,0.173966,535.815261
38904164,Heather_Childers,21,4,24,0.096067,0.111594,11314.626494
651934,Anti-incumbency,8,2,26,0.079815,0.101399,0
6994608,Concordia_University_massacre,30,1,26,0.082015,0.090627,0
17435434,Venus_Raj,47,2,31,0.062951,0.068974,0
44275912,Michael_Alsbury,42,14,29,0.062484,0.071061,9.458242
676484,Monitor_(comics),11,7,34,0.050662,0.055122,21971.75
56317784,Olasunkanmi_Adeniyi,4,5,24,0.093176,0.109139,0
1241754,Luxembourg_in_the_Eurovision_Song_Contest,25,22,24,0.099927,0.120585,12.033874
49053650,Joe_Worrall_(footballer),28,1,32,0.060198,0.06705,0
3677818,Tempest_Storm,49,2,34,0.046509,0.049316,5499
58034294,2018_Armed_Forces_Bowl,26,12,25,0.10062,0.122128,8.925592
11592914,Venetia_Stevenson,49,6,32,0.051277,0.05585,49449
36109442,Leslie_Jones_(comedian),4,1,23,0.109507,0.136928,0
57447798,Sidhi_(Vidhan_Sabha_constituency),8,2,26,0.082907,0.107804,0
631716,Mister_Miracle,11,4,31,0.059678,0.065771,147771
21221640,Xzibit,32,3,27,0.077342,0.083545,10996
5276276,Salish_Sea,16,1,25,0.082148,0.091697,0
10471624,Margaret_Mountford,43,2,22,0.103172,0.1159,0
53688146,Anthony_Atamanuik,21,2,24,0.09048,0.101904,5499
658626,Frederick_W._Sturckow,42,12,29,0.062447,0.070519,1.7
7451718,Angelo_Mathews,17,2,32,0.056736,0.062341,65856
12247268,Adri?n_Aldrete,41,10,26,0.089321,0.107305,27449.632095
16365014,Bush?Davis?Walker_family_political_line,5,40,22,0.125419,0.170629,793.157706
42907450,Australia_in_the_Eurovision_Song_Contest,25,10,25,0.092425,0.107874,10998.693085
54727972,Harmeet_Dhillon,5,2,21,0.123073,0.156802,5499
3594724,Home_Depot_Coach_of_the_Year_Award,26,10,24,0.099609,0.121716,12330.563979
48749572,2016_Citrus_Bowl_(January),26,7,25,0.100033,0.121347,595.685658
17349356,2014_Indian_general_election,8,101,25,0.088062,0.130232,37274.878935
48577410,Shooting_of_Jamar_Clark,5,1,24,0.101654,0.121431,0
3207172,Malcolm_Smith_(artist),36,2,24,0.096159,0.112208,0
55415258,"B?i_Ti?n_D?ng_(footballer,_born_1997)",41,2,31,0.066658,0.075179,0
1666590,Natural_England,53,4,24,0.095929,0.11236,2.5
9595134,Lance_Moore,4,2,25,0.096949,0.114053,163.092807
50049170,2017_Sugar_Bowl,26,7,25,0.101092,0.123052,5749.50709
41599614,Pablo_Felipe_Teixeira,41,1,28,0.076281,0.085875,0
4136278,Sunday_NFL_Countdown,4,10,25,0.100292,0.120837,9845.221027
15602282,Birthday_effect,46,1,28,0.066315,0.073028,0
195070,Hamilton_Fish_III,3,2,23,0.094466,0.108944,5499
30983922,Malhara_(Vidhan_Sabha_constituency),8,14,25,0.087845,0.120695,41.174976
25847434,2010_San_Diego_Chargers_season,4,17,24,0.107706,0.133298,9667.479421
41940244,Peg_Dixon,11,1,30,0.063334,0.068671,0
26896828,Linval_Joseph,4,3,26,0.09489,0.116587,8800.350411
135942,"Denison,_Texas",5,5,22,0.118726,0.153246,6417.275638
943522,Magda_Lupescu,5,1,23,0.105617,0.126903,0
7229236,2005_Green_Bay_Packers_season,4,12,24,0.110121,0.136074,11992.08678
56795904,Deandre_Baker,26,3,24,0.093122,0.109561,3828.85282
1798838,Cassin_Young,3,1,23,0.095385,0.110333,0
10917424,Bhupesh_Baghel,8,26,25,0.087848,0.121498,2005.748163
824196,Red_Guardian,11,3,29,0.067573,0.074273,0
868762,Virginia_Bruce,3,2,26,0.081708,0.091471,27475
52558744,Taylor_Rapp,26,5,24,0.105249,0.12767,29391.651015
4073836,Cheteshwar_Pujara,17,5,29,0.068274,0.078617,191363
1466074,Nile_Kinnick,20,27,22,0.11066,0.138416,89581.742318
2635162,Government_cheese,5,1,22,0.12004,0.156807,0
22656960,Gordon_Anderson_(director),46,1,29,0.0623,0.067723,0
1643492,Cosmic_latte,56,1,25,0.080449,0.089864,0
318450,Leopold_Kronecker,56,1,24,0.087102,0.098208,0
9053426,1999_Indian_general_election,8,46,25,0.086681,0.122332,51.704934
35815542,Amy_Kremer,21,1,23,0.10483,0.124514,0
54142384,Miles_Robinson_(soccer),33,21,26,0.09866,0.119105,61789.562064
1949968,Sprint_football,20,4,22,0.124221,0.163899,111269.451228
11321282,Taina_Elg,49,3,23,0.103879,0.123946,173010.088302
20535226,Jerry_Hughes,4,4,25,0.099795,0.122494,6572.183617
4831824,Andre_Marriner,28,2,30,0.070817,0.085126,20825.943483
10286068,Jim_Boylen,34,8,26,0.084865,0.097461,135025.775225
993926,Lauren_Bush,5,45,22,0.126509,0.174109,14057.377386
20270160,Pacific_Warriors,4,1,25,0.096434,0.112292,0
239528,Independent_Labour_Party,43,2,24,0.08575,0.092989,5499
49212546,2016_Old_Iliamna_earthquake,52,10,22,0.11151,0.137744,135.943773
45342868,Darrel_Williams,4,3,24,0.1073,0.129637,0
2468316,Trevor_Ariza,34,4,26,0.081686,0.091651,16493
44318968,2018_Florida_gubernatorial_election,21,6,22,0.106804,0.125493,18313.172124
48388068,MLS_Cup_2016,33,17,25,0.095441,0.114768,17013.460029
1555356,Herb_Jeffries,49,1,35,0.044443,0.046725,0
1457722,FoxTrax,0,7,25,0.105344,0.127147,62552.093217
726604,Social_hygiene_movement,27,46,22,0.104874,0.127598,94.192118
8141894,Chris_Wilder,28,9,30,0.068998,0.085034,13590.374274
32789150,Jonny_Williams,28,3,29,0.073502,0.089261,17792.88523
4948,Banacek,46,1,27,0.070995,0.079062,0
10233208,Jennifer_Griffin,5,1,22,0.109588,0.131105,0
23932028,Ohio_State?Penn_State_football_rivalry,26,4,24,0.108261,0.135047,76168.646449
271812,National_unity_government,43,2,26,0.078691,0.090806,3585.232295
1992924,Russia_in_the_Eurovision_Song_Contest,25,37,24,0.099947,0.121906,2.717436
976658,Tim_Burgess_(musician),22,2,27,0.081716,0.089321,281319.35156
31383664,Rashid_Magomedov,0,1,28,0.078109,0.086597,0
600,Andorra,41,5,23,0.104234,0.120154,1178704.466357
8775910,Winston_Moss,4,1,26,0.09398,0.113155,0
616598,Josef_Masopust,28,10,29,0.071946,0.087582,80051.980027
58946936,2021_UEFA_European_Under-21_Championship,48,3,28,0.076777,0.091292,5499
2860962,Susan_Page,5,2,21,0.124564,0.161925,0
413430,Jan_Oort,42,1,32,0.052672,0.05726,0
3827574,Michael_A._Hoffman_II,21,2,22,0.105241,0.121141,0
30876210,Conversion_(gridiron_football),20,10,24,0.108678,0.135562,44074.372756
247290,Marcel_Petiot,16,1,27,0.070589,0.076864,0
1272120,Will_Clark,0,2,26,0.091007,0.102308,3.181818
31809854,Law_of_Hlothhere_and_Eadric,53,7,31,0.057645,0.063025,2.016667
5653960,1971?72_UEFA_Cup,28,2,29,0.071816,0.085396,10510.925835
4576118,Western_Conference_(NHL),0,8,27,0.085361,0.099622,2143.304042
1999844,Davey_Boy_Smith_Jr.,46,9,28,0.066322,0.073756,0
3091570,Brian_Dowling_(American_football),5,1,23,0.110595,0.136483,0
5370,Category_of_being,55,5,26,0.074513,0.082042,30218
236104,Imperial_Japanese_Navy,3,16,23,0.102564,0.12318,215565.716921
1747266,Follow_That_Dream,14,2,27,0.07829,0.086053,5499
1162310,Jim_Costa,21,21,21,0.116395,0.141465,414202.80849
49310124,A._J._McKee,4,2,24,0.089629,0.101027,48012.397663
1404044,Darren_Carter,28,1,32,0.062377,0.072423,0
360448,Bush_family,5,100,22,0.127788,0.18375,21465.48442
1558004,WJBK,0,8,24,0.112728,0.138678,75063.454448
29588460,Diego_Char?,33,10,26,0.092435,0.110362,15897.818652
1065730,Vaccine_trial,27,48,22,0.104884,0.127871,18762.509489
30284,Statistical_hypothesis_testing,56,101,22,0.105358,0.133639,650004.125416
8182,Dwight_D._Eisenhower,5,87,21,0.13413,0.193881,582880.59676
22956970,Callum_McManaman,28,1,29,0.073338,0.087808,0
17286344,Page_Miss_Glory_(1935_film),35,2,28,0.072421,0.07758,0
3268292,Roy_Barraclough,49,1,27,0.074764,0.079778,0
47520290,Shipmates_Forever,4,7,27,0.075078,0.083104,59499
57174216,Jarred_Kelenic,0,2,24,0.102009,0.119101,0
41668174,Allola_Indrakaran_Reddy,8,9,25,0.086592,0.11832,5778.077457
51959184,Zach_Cunningham,4,4,25,0.100969,0.121748,5371.051672
2524124,CBS_News_Sunday_Morning,5,5,23,0.112537,0.14128,6886.080249
3228398,Zemu_Glacier,8,1,27,0.076407,0.090915,0
1780840,Bullis_School,20,1,22,0.111033,0.138192,0
20614534,List_of_Army?Navy_Game_broadcasters,20,1,23,0.103255,0.124697,0
24090330,Tom_Reed_(politician),21,11,21,0.115772,0.139841,8224.300681
17353104,Miss_Universe_Albania,47,8,30,0.067179,0.075539,2212.046206
58834328,Braden_Mann,26,3,23,0.098795,0.119038,8253.612069
475882,Samuel_K._Skinner,5,21,22,0.121946,0.16722,3002.412778
13183548,Simon_Kirby,43,3,22,0.104954,0.119777,4856.717753
1486994,Leon_Hart,20,23,22,0.108061,0.134606,19.422777
52026052,"List_of_mayors_of_Little_Rock,_Arkansas",5,2,23,0.107983,0.129849,5499
40842500,Dudu_(Rajasthan_Assembly_constituency),8,6,25,0.086579,0.117844,0.865095
5306856,Tom_Watt_(actor),43,2,26,0.079766,0.085166,0
16326880,Bakari_Sellers,21,4,23,0.113475,0.142184,72.110662
1969248,Nexstar_Media_Group,6,3,22,0.113201,0.13743,2749.5
58083412,Ysabel_Bisnath,47,9,32,0.059275,0.065544,10.813505
50089214,Asmi_Shrestha,47,1,32,0.059246,0.064247,0
816864,Rod_Liddle,43,1,22,0.104634,0.118954,0
677936,Cramton_Bowl,26,3,25,0.099742,0.118077,31.543672
1545652,Edward_M._Burke,5,1,21,0.123067,0.156681,0
25160814,Iv?n_Marcone,41,4,27,0.085534,0.101031,252.655321
3575334,VMGR-152,20,5,23,0.111073,0.13777,37079.383507
32923222,Christian_Atsu,28,4,28,0.078919,0.091081,54834.825084
177756,Ann_Harding,35,3,31,0.053657,0.056662,10997
22324534,List_of_Miami_Dolphins_broadcasters,4,4,23,0.10663,0.128726,7195.865783
5416722,Guy_Branum,16,1,27,0.070589,0.076864,0
1457212,Lord_Speaker,43,18,22,0.105914,0.129847,114021.847721
13719052,Ted_Deutch,21,18,21,0.118627,0.145,44826.64486
19827626,Kevin_Maguire_(journalist),43,2,21,0.116708,0.137257,8239.879097
28257190,Christina_Bennett_Lind,5,1,23,0.107579,0.132805,0
23993210,Adam_Matthews,28,3,29,0.073549,0.089668,14175.169007
1855342,Historical_rankings_of_presidents_of_the_United_States,5,29,21,0.132107,0.183412,1198.267617
22586948,Persona_(series),36,7,25,0.081959,0.091842,17657.629095
142792,Lewis_Stone,4,2,28,0.069843,0.076004,21984
56233872,Living_vice_presidents_of_the_United_States,5,20,22,0.123059,0.169655,233.641427
183832,Jeanne_Crain,35,3,25,0.08513,0.095021,10996
23472782,Tom_Emmer,21,17,21,0.110903,0.131,73751.747039
43930316,Reeza_Hendricks,17,1,36,0.046242,0.048921,0
3680736,Born_to_Dance,3,3,27,0.075545,0.08324,21987
51567220,Mouctar_Diakhaby,48,6,29,0.072607,0.086513,25915.36005
30871308,Greco-Bactrian_Kingdom,21,6,24,0.088724,0.100836,25416.124161
21142246,Ani*Kuri15,36,1,26,0.075749,0.082597,0
50617866,2017_Gujarat_Legislative_Assembly_election,8,51,25,0.086682,0.122614,319.564003
12135384,Sal_Zizzo,33,3,26,0.096713,0.112942,0
7445618,Mario_G?mez,41,1,29,0.075795,0.087363,0
1180892,Dorothy_Bush_Koch,5,73,22,0.125864,0.175472,3879.774121
20063612,Evisceration_Plague,15,14,29,0.061992,0.067865,0
3716250,Chris_Mortensen,4,2,26,0.091153,0.105266,0
52016268,History_of_Strasbourg,54,9,22,0.104648,0.118289,1485.47722
55830512,2017_Celebration_Bowl,26,3,24,0.098598,0.113283,0.333333
2866236,Sandy_Hume,5,2,23,0.112594,0.140889,0
412678,Rick_Larsen,21,10,21,0.115294,0.139105,5219.735685
816426,Claus_Spreckels,39,2,24,0.095699,0.110952,0
2370304,Sriperumbudur,8,1,26,0.081645,0.104865,0
58696466,Kopa_Trophy,28,1,30,0.067231,0.078877,0
6338954,Hildegarde_Withers,35,3,27,0.068271,0.073725,10996
58552816,Nahuel_Gallardo,41,15,27,0.084278,0.101539,24.863164
143834,The_Boys_from_Brazil_(film),35,2,25,0.088487,0.099061,0
43731120,Daniel_Sorensen,4,8,24,0.111199,0.13807,7776.16095
2413176,Susie_Blake,49,5,25,0.087895,0.096416,49428.5
41649404,Udaipurwati_(Rajasthan_Assembly_constituency),8,5,26,0.085277,0.11449,0.865095
450898,"Leigh,_Greater_Manchester",22,1,32,0.058388,0.063509,0
163220,Golden_Globe_Award_for_Best_Television_Series_?_Drama,44,6,26,0.083131,0.093261,0
38797348,Maximiliano_Urruti,33,4,26,0.092245,0.108492,17.865985
42605702,Digby_Tatham-Warter,25,3,26,0.083317,0.093545,16491
44049936,Michel_I_Government,54,7,22,0.105189,0.117776,0
56873772,Alya_Nurshabrina,47,9,32,0.059273,0.065554,44.56382
1149330,Edna_May_Oliver,35,3,26,0.073256,0.079836,87744
2711998,Jerry_Paris,49,5,31,0.054039,0.05926,104237
10968184,William_Gay_(cornerback),4,10,24,0.104058,0.129581,11542.983883
1056430,Jonathan_Bush,5,62,22,0.125757,0.17398,741.610422
18836222,Wilson_Ramos,0,5,26,0.089676,0.102556,13819.848931
14347820,Octavio_Meyran,0,2,25,0.088827,0.099361,0
16166136,David_Schweikert,21,11,22,0.120355,0.155092,36823.588758
44018180,Man_Against_Machine,18,31,26,0.08099,0.094543,5700.95575
2027854,Dave_Silk,21,2,25,0.0769,0.082868,10996
4826328,List_of_oldest_living_Major_League_Baseball_players,0,4,23,0.116686,0.147611,10996
25968382,Heroic_Age_(comics),11,8,29,0.067613,0.075153,1.005013
2292748,They_Do_It_with_Mirrors,49,2,29,0.062557,0.065977,10996
46799090,Jake_Layman,34,2,30,0.063442,0.068684,10996
18662226,Boxing_at_the_2008_Summer_Olympics_?_Heavyweight,0,2,28,0.071185,0.077673,0
25977670,Bryan_Oviedo,28,4,29,0.075999,0.09205,16493
44380776,2015_Kansas_City_Chiefs_season,4,25,24,0.113276,0.147179,106602.528424
394816,George_Preston_Marshall,4,4,24,0.10821,0.132505,0
2378500,Bird_(1988_film),46,4,28,0.066503,0.074454,5499
46946424,James_Pazos,0,3,24,0.102067,0.119617,0
19320,Mebyon_Kernow,43,8,23,0.103261,0.123707,15256.670446
12211762,A._Q._Shipley,26,2,25,0.089261,0.103723,0
2142996,Fiona_Phillips,43,1,21,0.115027,0.133709,0
11598774,Marty_Allen,46,2,27,0.070997,0.079183,2702.833333
24197892,Hybrid_Broadcast_Broadband_TV,43,1,24,0.092778,0.100913,0
47768816,Stephanie_A._Gallagher,5,1,21,0.123067,0.156681,0
27284572,Nadhim_Zahawi,5,2,21,0.123824,0.159938,3020.492942
2144408,Backyard_Brawl,26,3,26,0.091054,0.106227,1460.743021
9880750,United_States_Naval_Forces_Central_Command,5,3,23,0.1068,0.130345,0.333333
56822470,Tanner_Rainey,0,1,27,0.082273,0.091261,0
37722272,Peter_Handscomb,17,3,31,0.060099,0.066642,2
51697410,Fyodor_Chalov,48,7,28,0.077316,0.091057,38451
41383194,Lucas_Olaza,41,1,27,0.083011,0.09582,0
2236910,Khaw_Boon_Wan,21,1,24,0.082179,0.091864,0
57354058,Stewart_Donald,28,3,29,0.073369,0.08825,5921.740205
17579138,Alternative_versions_of_the_Green_Goblin,11,4,31,0.059577,0.064252,643.328127
12393992,K._Keshava_Rao,8,2,25,0.086543,0.116896,0
50539090,Gongidi_Suntiha_Mahender_Reddy,8,2,25,0.086543,0.116896,0
4994998,Free_(ISP),12,2,28,0.071269,0.084209,5499
2577026,Bradamante,43,4,24,0.086103,0.095084,8247.5
37892328,Yellareddy_(Assembly_constituency),19,18,25,0.086629,0.119678,1081.292174
205540,List_of_meteor_showers,42,7,32,0.052675,0.057793,5125.7
7119804,Blonde_Crazy,49,2,29,0.0666,0.070958,5499
41569462,Marcus_Smith_II,4,1,26,0.081542,0.091236,0
5811528,Corinaldo,3,3,25,0.085129,0.095704,5497
7906,Destry_Rides_Again,4,1,31,0.057751,0.061028,0
2438356,"New_Town,_Edinburgh",24,22,22,0.104996,0.125447,77869.04363
36702500,Ivan_Cavaleiro,28,7,28,0.081707,0.102284,181762.752897
20129520,Valentin_Prokopov,7,3,23,0.109416,0.132601,0
8016306,Jordan_Raskopoulos,25,1,26,0.084606,0.095054,0
10705194,Gerald_Harris_(fighter),0,3,28,0.078187,0.088116,16493
53899152,Daeshon_Hall,26,3,25,0.093783,0.109935,0
55695438,Anne_Finucane,5,2,23,0.109713,0.13623,28.898155
993430,Bob_Martinez,5,21,22,0.122889,0.169249,14421.186536
46852028,Dave_Johns,22,2,28,0.075976,0.083597,218400
5763792,Epic_in_Miami,4,5,24,0.100556,0.121278,5184.982987
56359838,Lewis_Ferguson,28,4,29,0.071946,0.087074,0
1132196,Chiba_Lotte_Marines,0,1,27,0.076643,0.082495,0
20124254,Packers_Radio_Network,4,11,24,0.110214,0.136521,35441.87549
2638000,Shane_Matthews,20,5,23,0.10374,0.126887,279.59152
31951080,Baroka_F.C.,28,3,31,0.063976,0.072348,2749
35413066,Andreas_Cornelius,28,4,31,0.063563,0.074288,16493
12396808,PlayStation_Theater,20,1,24,0.090614,0.10314,0
36746576,Men_in_Exile,4,2,29,0.065289,0.070233,16491
57406758,Dogs_of_Berlin_(TV_series),50,9,28,0.064144,0.070324,131490.25
43589266,Xande_Silva,48,1,29,0.071668,0.08224,0
149330,Bharatiya_Janata_Party,8,262,25,0.089177,0.146588,167618.165042
5158298,Metalist_Oblast_Sports_Complex,48,2,29,0.072658,0.086152,0
489962,11_Downing_Street,43,1,24,0.094064,0.107022,0
841464,Basin_Reserve,17,3,27,0.078905,0.09616,213017
17002786,List_of_earthquakes_in_the_United_States,52,12,22,0.115248,0.1442,512.924887
56312680,2018_Temple_Owls_football_team,26,8,24,0.098763,0.119808,20072.551707
5860780,Ralph_Norman,21,11,22,0.108,0.127749,11647.788831
45198244,Three_UK,21,4,24,0.082191,0.092304,0.666667
822342,British_South_Africa_Company,16,5,25,0.082119,0.09215,0
34322704,Bo_Levi_Mitchell,0,1,30,0.068557,0.074538,0
49163138,Joe_Harasymiak,26,2,24,0.101006,0.115359,5683.541999
971296,John_Prescott_Ellis,5,35,22,0.125425,0.170356,153.959233
40309652,Vodafone_Park,48,2,31,0.065812,0.075916,58.215079
6171950,Graham_Carr,28,1,35,0.052394,0.057131,0
50726288,Berasia_(Vidhan_Sabha_constituency),8,5,25,0.087813,0.119468,0.21978
2300000,A_Caribbean_Mystery,49,2,28,0.066727,0.070854,16491
57413402,Foreign_policy_of_the_George_H._W._Bush_administration,5,62,22,0.127109,0.179197,2073.725
59377502,2019_AFC_Asian_Cup_squads,41,3,28,0.078677,0.09329,721.010536
57959202,2019_Maharashtra_Legislative_Assembly_election,8,18,25,0.086618,0.119241,4.399275
115408,"Pikeville,_Kentucky",49,1,33,0.048756,0.051675,0
14071498,Attack_on_Derryard_checkpoint,43,1,22,0.108471,0.122157,0
2868934,UEFA_Euro_2008_qualifying,28,14,29,0.072271,0.091436,56600.284801
54256282,Gillian_Keegan,43,2,23,0.09775,0.110148,0
34254478,2012_Green_Bay_Packers_season,4,22,25,0.104184,0.133853,32918.405024
39298436,Jack_Marriott_(footballer),28,2,30,0.070572,0.083135,67.693957
37326570,"West_Oaks,_Houston",5,5,22,0.120556,0.161565,864.582165
1022500,David_Davis_Walker,5,35,22,0.125405,0.170174,29.019215
11589718,Bottoms_Up_(1960_film),35,1,26,0.084827,0.091927,0
39500470,Elections_in_Chhattisgarh,8,49,25,0.087916,0.124295,3723.61206
18903874,The_Heart_Is_a_Lonely_Hunter_(film),46,2,28,0.066442,0.073755,109.219398
58931856,Oliver_Skipp,48,1,29,0.071668,0.08224,0
2531700,Anita_Thigpen_Perry,5,3,22,0.123607,0.161444,0
35624910,Lisandro_Magall?n,41,5,27,0.086067,0.10167,5709.624156
26943236,Jason_Steele_(footballer),28,1,29,0.073338,0.087808,0
252272,Hume_Highway,17,1,29,0.071627,0.079734,0
541148,Larry_Storch,14,6,24,0.102219,0.120996,71113.5
363900,Canonical_correlation,56,78,23,0.095824,0.119273,65335.148248
1649526,Jonathan_Turley,21,1,23,0.093858,0.109107,0
59357242,List_of_My_Favorite_Murder_episodes,16,9,26,0.075949,0.084459,43964
17453894,Miss_Universe_Vietnam,47,9,30,0.067163,0.075381,9337.464677
4514028,Ted_Thompson,4,11,25,0.102539,0.127299,33.412645
16304960,Ben_Bradley_(politician),43,4,22,0.106515,0.12144,0
32822008,2013_Copa_Libertadores,41,17,25,0.096004,0.115687,179891.271003
3475262,Tab_Clear,5,2,23,0.106135,0.128236,0
1082824,Ajayan_(director),9,3,26,0.079642,0.098516,2749
6786558,Donald_Meek,35,2,26,0.080824,0.08908,21984
10916628,Larry_Klein,44,3,27,0.083031,0.092443,0
54023970,Steven_Kivelson,50,1,26,0.073278,0.079118,0
58561270,Marcia_Kilgore,3,1,25,0.083465,0.092424,0
2897396,Chris_McCann,33,4,26,0.092476,0.10903,80981.54274
426644,Roger_Gale,43,2,23,0.096461,0.107462,0
3347978,List_of_historical_currencies,21,2,25,0.081497,0.090399,5499
39657512,Brendan_Leipsic,0,1,28,0.079437,0.089304,0
1901120,Bush_compound,5,81,22,0.127655,0.181449,7300.691811
19479338,2008_Madhya_Pradesh_Legislative_Assembly_election,8,59,25,0.086667,0.123011,10220.662768
369186,Kathleen_Blanco,5,1,22,0.11818,0.151451,0
64314,Ingeborg_Bachmann,50,3,26,0.073436,0.080327,0.5
54319030,Marie-Eve_Dicaire,0,2,27,0.076899,0.085232,0
4262004,Virginia_Knauer,5,4,22,0.120419,0.159101,0
11329300,Yannick_Boli,33,1,26,0.087356,0.100457,0
57739996,X_Factor_Malta,25,44,24,0.100175,0.122971,2578.174264
23601844,Henry_Sutton_(inventor),27,5,25,0.079646,0.086857,27484
29950468,Mason_Foster,26,1,26,0.089095,0.10437,0
41431172,Sironj_(Vidhan_Sabha_constituency),8,9,25,0.086581,0.118087,2232.582747
9390616,Josh_Mankiewicz,5,3,23,0.115897,0.149321,0
57248378,Kim_Possible_(2019_film),44,2,27,0.079443,0.087892,5499
505806,Kay_Kendall,49,2,25,0.087365,0.096463,5499
343858,Kathie_Lee_Gifford,4,5,25,0.093971,0.107395,27701.217385
114904,"Russell,_Kansas",5,2,22,0.11797,0.150088,0
20604126,List_of_National_Basketball_Association_head_coaches_with_400_games_coached,34,4,24,0.097488,0.114514,195907.036513
1275430,Patterns_(film),49,2,29,0.060459,0.065355,10996
22327058,List_of_Tampa_Bay_Buccaneers_broadcasters,4,2,26,0.093791,0.111283,0
6544610,Red_Shirts_(United_States),10,9,22,0.098965,0.112075,71339.255556
41637072,Sangaria_(Rajasthan_Assembly_constituency),8,6,25,0.086579,0.117844,0.865095
47869728,Bryce_Callahan,4,2,27,0.082307,0.093712,5499
633896,Flight_19,5,2,23,0.108353,0.134905,0
703508,John_E._McLaughlin,5,7,22,0.123316,0.162258,278.669195
965848,Port_Sunlight,22,1,23,0.095968,0.106009,0
184482,Berton_Churchill,35,1,28,0.069584,0.074645,0
25496814,Super_Saturday,4,2,25,0.088206,0.100006,5499
602076,First_Minister_of_Wales,43,6,22,0.108381,0.125658,16973.620683
926596,Presentation_of_Mary,5,1,22,0.10966,0.131509,0
51003722,2018_Wisconsin_gubernatorial_election,21,4,23,0.096773,0.110102,2994.656414
1084636,Bret_Boone,0,6,23,0.11549,0.143922,236172.953819
42601208,Jane_Dacre,24,1,21,0.107974,0.125707,0
10264,Enrico_Fermi,50,21,23,0.09389,0.109472,400002.742032
30430970,Corey_Liuget,4,6,25,0.098836,0.11916,251.674802
17165442,Mart?n_Cauteruccio,41,7,26,0.090429,0.108131,20008.038263
9123202,Ralph_Krueger,0,1,27,0.084899,0.097437,0
624314,Drums_Along_the_Mohawk,35,3,25,0.079009,0.086975,98693
47246228,Palestinian_nationalism,5,5,22,0.123412,0.165122,133.758349
1526470,Federal_Government_of_Belgium,54,8,22,0.105195,0.117912,0.320635
425582,Democratic_Party_(Luxembourg),41,2,22,0.109006,0.123977,817629.835308
23140636,Paul_Nuttall,27,3,23,0.097545,0.111775,10996
21765396,Strasbourg_massacre,54,3,22,0.102257,0.114649,0
1998192,Latvia_in_the_Eurovision_Song_Contest,25,37,24,0.099947,0.121906,2.717436
719492,Episcopal_Diocese_of_Washington,5,6,22,0.12059,0.16199,2886.612095
529358,P-15_Termit,5,4,23,0.114355,0.146203,524.160301
56067234,Mark_Leonard_Winter,50,1,30,0.056866,0.06069,0
53465200,2018_Meghalaya_Legislative_Assembly_election,8,21,25,0.086626,0.119584,84.444823
48540258,Justin_Gulley,41,3,27,0.085084,0.101404,506.714567
44513572,Cameron_Brate,4,3,26,0.082884,0.094643,0
33447898,Eurovision_Song_Contest_winners_discography,25,22,24,0.099927,0.120585,12.033874
772876,Visual_Concepts,36,2,25,0.083333,0.092727,35229.199959
29154786,Ryan_Reaves,0,4,28,0.079445,0.089683,16491
43725628,George_Atkinson_III,4,1,27,0.085224,0.096548,0
42721064,Charles_Leno_Jr.,4,7,26,0.089682,0.105483,0
3137690,Bill_the_Goat,20,12,21,0.112518,0.141064,9843.053133
9288560,2007_Green_Bay_Packers_season,4,12,25,0.102572,0.127693,70.279633
30306658,Pedro_Martins_(footballer),48,3,29,0.073777,0.08418,0
21626530,Sanjay_Pathak,8,6,26,0.083149,0.113082,43.36539
54516600,2017_Orange_Bowl,26,9,25,0.102836,0.128451,21528.612297
1923728,Charles_Walker_(British_politician),43,9,22,0.110477,0.129131,4256.800053
30386960,MLS_Cup_2011,33,11,25,0.094061,0.111154,288.564759
2237014,Robert_Barrat,3,3,24,0.097575,0.114749,9999.707342
42784744,2019_Indian_general_election,8,77,25,0.086803,0.126505,12580.928794
8150182,Nou_Mestalla,48,1,30,0.067818,0.078289,0
58759434,Ayman_Ben_Mohamed,41,2,28,0.081391,0.096721,5499
6848086,Miss_World_2002,47,11,31,0.062982,0.070358,6.006758
766048,Jo_Van_Fleet,49,1,31,0.05394,0.057186,0
41639436,Kolayat_(Rajasthan_Assembly_constituency),8,5,25,0.086577,0.117753,0.61777
211748,Elizabeth_Dole,5,33,21,0.130927,0.181377,41744.92468
4345528,Shado_(comics),11,3,33,0.053343,0.057641,0
56317838,James_Daniels,4,9,26,0.089685,0.105665,1114.628697
45421322,Nguy?n_C?ng_Ph??ng,41,5,30,0.070801,0.081868,25686.692663
53339196,2017_MLS_Cup_Playoffs,33,18,26,0.093325,0.113583,92851.804707
2626808,Masha_Bruskina,31,1,24,0.095622,0.110937,0
190844,Eurovision_Song_Contest_1982,25,40,24,0.099949,0.122154,5.661955
27449342,List_of_CONMEBOL_club_competition_winners,41,1,27,0.08473,0.097476,0
77288,Common_nightingale,53,2,24,0.095926,0.112178,0
38068326,2013_elections_in_India,8,55,25,0.087934,0.125053,7047.005815
54182196,De-aging_in_film,11,2,28,0.072398,0.079928,0
37903456,Alampur_(SC)_(Assembly_constituency),19,18,26,0.079767,0.101662,5.748083
35851836,Yan_Gomes,0,4,23,0.11508,0.143735,103773.048305
42793834,News_Nation,12,9,26,0.080936,0.104516,5343.602586
56378548,Todd_Cantwell,28,3,31,0.064085,0.075571,0
3091680,Gene_Reynolds,49,8,30,0.057102,0.063108,191633
42523368,Badou_Ndiaye,48,1,30,0.066351,0.073046,0
12589472,AKK,54,1,23,0.0949,0.104298,0
48814132,Sterlin_Gilbert,26,1,27,0.087552,0.100138,0
4195092,Relevance_vector_machine,56,14,24,0.087474,0.101868,12.789163
41766736,Elly_Yunara,35,3,27,0.080276,0.089634,5499
2306908,Slither_(2006_film),44,1,28,0.073601,0.08008,0
1024100,Germ?n_Lux,41,17,27,0.087289,0.107517,1850.548501
38330112,Jon_Bostic,4,1,24,0.091699,0.105294,0
292698,Ron_Santo,0,9,25,0.100484,0.117018,1546.310456
44577560,Occam_learning,56,12,24,0.087461,0.10152,0
2555504,Eadbert_I_of_Kent,53,15,31,0.057653,0.063873,3.126923
8314726,Payroll_vote,43,1,22,0.104752,0.119353,0
1951358,Crowbar_(Canadian_band),21,1,25,0.082974,0.091442,0
34263386,Miss_Mexico_Organization,47,15,30,0.067196,0.076554,43581.0992
40814604,Andre_Fili,0,1,28,0.078181,0.087828,0
43077494,Ellison_Barber,21,3,22,0.110597,0.131663,15288.805136
54430328,24th_Screen_Actors_Guild_Awards,44,4,27,0.080516,0.088956,5499
1733154,John_Carpenter_(game_show_contestant),4,1,27,0.080907,0.088557,0
25950438,Elections_in_Maharashtra,8,40,25,0.086659,0.121484,149.195402
9570948,Joe_Brooks_(actor),14,1,26,0.08493,0.095053,0
2028438,Abdelbaset_al-Megrahi,43,3,22,0.105928,0.122625,0
58034436,2018_Frisco_Bowl,26,12,25,0.10062,0.122128,8.925592
54660628,How_It_Is_(Wap_Bap_?),20,2,27,0.078303,0.086805,0
57267954,Lilan_Bowden,43,1,23,0.091472,0.100537,0
50289760,Gene_DeFilippo,26,1,26,0.088885,0.103488,0
20867856,Fabr?cio_Silva_Dornellas,41,1,28,0.076281,0.085875,0
3320508,Garth_Crooks,28,1,29,0.072711,0.080511,0
18412860,Gliese_445,42,2,31,0.055576,0.060827,0.666667
909946,Harry_S._Truman_Presidential_Library_and_Museum,5,16,22,0.121044,0.161963,371.124944
46971588,Tyrell_Williams,4,5,25,0.098722,0.119786,24.27436
41052136,Gerald_Kaufman,43,4,21,0.119215,0.140179,30589.956144
503172,Michigan_Avenue_(Chicago),16,6,23,0.104275,0.123872,23.125331
42567952,2014_Indian_general_election_in_Andhra_Pradesh,8,20,25,0.086641,0.119862,868.406065
376938,Division_of_the_assembly,43,4,23,0.102808,0.12725,1246609.986932
22327122,List_of_Green_Bay_Packers_broadcasters,4,8,25,0.102404,0.126383,7190.63085
30177338,Sikkim_Legislative_Assembly,8,12,26,0.081948,0.112401,79.120109
6035170,Fountainbridge,24,12,22,0.101758,0.11879,1246.267139
2969140,Bloodthirst,15,14,29,0.061992,0.067865,0
1131886,Venera_7,42,5,33,0.050026,0.053832,0
30862970,Y._Venugopal_Reddy,13,10,27,0.076864,0.097635,4911.856325
47369980,Patrick_Wisdom,0,3,25,0.092613,0.105266,5499
290192,Betty_Ford,5,38,21,0.132655,0.185612,18347.985251
1283072,Season_pass_(video_gaming),36,1,30,0.066517,0.072284,0
2096030,USS_Sable_(IX-81),5,2,22,0.120551,0.161271,0
6158750,Sherpa_(emissary),13,1,28,0.070152,0.081161,0
396370,List_of_political_parties_in_India,8,54,25,0.088823,0.126558,14481.672975
44788648,2015_North_Dakota_State_Bison_football_team,26,6,24,0.100361,0.116015,0
1161838,League_of_the_South,21,4,21,0.109776,0.127429,76804
8221546,Vidya_Charan_Shukla,8,9,25,0.086613,0.118611,5504.992061
27709088,Eormenred_of_Kent,53,15,31,0.057653,0.063873,1.36859
15688636,Martign?-sur-Mayenne,23,1,32,0.062236,0.071544,0
54136614,2017_Army_Black_Knights_football_team,20,4,22,0.113566,0.141065,482.853608
361276,George_Baker_(actor),49,6,24,0.090954,0.102257,176275.602776
42118214,2014_Odisha_Legislative_Assembly_election,8,35,25,0.086654,0.121008,21.018823
344562,Ferlin_Husky,40,1,24,0.101269,0.120781,0
50997898,Mateus_Uribe,41,10,26,0.08954,0.107382,12494.26469
1343044,Minilla,32,21,26,0.077792,0.087013,269.575468
2423462,One_Fine_Day_(film),44,3,27,0.083193,0.092381,10997
10821192,List_of_Fresno_State_Bulldogs_bowl_games,26,4,24,0.098971,0.114987,11254.959828
5481008,Defensa_y_Justicia,41,12,27,0.086596,0.106195,20884.629474
555728,Williams_Arena,26,4,23,0.120392,0.144406,1034030.609335
357480,Basque_Nationalist_Party,2,3,24,0.09786,0.114904,38461
48802718,List_of_Medal_of_Honor_recipients_for_the_Attack_on_Pearl_Harbor,3,12,22,0.105441,0.127421,59297.696343
3880050,Klerksdorp_sphere,52,1,24,0.091195,0.103689,0
2059612,John_Tobias,36,9,31,0.062389,0.068069,0
33419580,Rodrigo_Mora,41,4,26,0.088106,0.105168,5436.186482
24986622,Carlos_Santana_(disambiguation),0,1,25,0.092682,0.105436,0
33353272,Tony_Podesta,5,2,23,0.103776,0.123193,0
23619322,Chloe_Smith,43,2,23,0.096756,0.107729,0
2169886,Executive_Action_(film),5,4,22,0.118259,0.152379,5503.606136
11961518,Mathias_J?rgensen,28,3,30,0.067872,0.082365,21984
2398954,United_First_Parish_Church,5,4,22,0.119516,0.154167,393.437086
7566384,Standing_Outside_the_Fire,18,25,26,0.080981,0.093967,603.606186
17400932,Government_of_Madhya_Pradesh,8,16,26,0.082968,0.110016,643.657913
36202032,Pernille_Harder_(footballer),23,4,31,0.063345,0.07489,15.914207
34308518,"John_Egan_(footballer,_born_1992)",28,2,31,0.063956,0.074162,25.435392
33982832,Bryan_Cristante,28,1,31,0.063553,0.073806,0
56177730,Blockade_of_Yemen,5,1,21,0.123067,0.156681,0
921304,Billy_Bush,5,40,21,0.129641,0.176522,5539.397395
3154884,Bird_hide,53,2,24,0.095926,0.112178,0
48416590,John_Craven,22,1,28,0.075892,0.082515,0
4471598,Leonard_Marshall,4,2,27,0.085789,0.098755,0
1998138,Albania_in_the_Eurovision_Song_Contest,25,26,24,0.101724,0.12262,15227.633971
41507502,Brian_Gutekunst,4,5,25,0.10235,0.125865,0
3675438,Boreham_Wood_F.C.,28,3,31,0.064623,0.076514,3177.600645
56412898,Charlie_Mullins,43,2,21,0.115031,0.13383,5499
50316748,Plug-in_principle,56,64,23,0.095784,0.117712,0
5474642,Raid_on_Entebbe_(film),5,1,23,0.108548,0.13532,0
34822538,List_of_Georgia_Bulldogs_head_football_coaches,26,4,26,0.093173,0.111996,7464.930415
19076004,Strictly_Come_Dancing_(series_6),22,4,26,0.08702,0.094615,820.177179
408144,Maastricht_Rebels,43,8,22,0.109279,0.125174,16408.109764
31757456,MLS_Cup_2013,33,13,25,0.094117,0.111804,1176.027062
414936,"Michael_Spicer,_Baron_Spicer",43,9,21,0.116889,0.139253,25586.197928
1191260,Norway_Debate,43,1,23,0.096391,0.108494,0
56113742,Yan_Valery,28,4,31,0.066876,0.079459,14525.038566
9305384,Kalanithi_Maran,8,2,27,0.075573,0.09206,0
58946958,33rd_Goya_Awards,44,1,26,0.086123,0.096173,0
3550878,AEK_Larnaca_FC,48,3,27,0.082599,0.097528,13658.697435
575030,Crystal_Pepsi,5,3,22,0.118277,0.151566,1817.046127
48794014,2018_Democratic_Republic_of_the_Congo_general_election,43,2,27,0.07537,0.090324,1300.99094
2843960,Paul_Hartman,14,2,26,0.084933,0.095266,0
29661230,Jim_McGuinness,33,1,27,0.08845,0.100089,0
21852632,Richard_Pankhurst_(academic),43,3,25,0.087411,0.098454,0
3831716,Mizoram_(Lok_Sabha_constituency),8,15,25,0.086633,0.119393,229.785355
2372060,"William_Campbell_(actor,_born_1923)",49,2,33,0.048777,0.052202,16491
58687430,Darrell_Henderson,26,7,25,0.093592,0.109928,7871.868652
22292608,Britton_Colquitt,4,3,24,0.105548,0.129461,6958.832382
347784,Distinguished_Flying_Cross_(United_States),5,10,22,0.12102,0.163522,3576.777904
56308434,Dalton_Schultz,4,4,26,0.089,0.104782,0.333333
30027574,2012_Copa_Libertadores,41,14,26,0.090921,0.109046,11716.155952
559878,Margaret_Lockwood,44,3,24,0.095734,0.107865,155573.725756
52918562,Dewas_(Vidhan_Sabha_constituency),8,1,25,0.086517,0.116275,0
18292460,Hush_money,15,4,25,0.082259,0.092454,0.333333
1789722,Wayne_Routledge,28,2,30,0.068407,0.079381,5499
56896374,Wine_Country_(film),50,1,30,0.05686,0.060454,0
50833108,David_Letele,28,1,32,0.062476,0.071038,0
1997564,Protestant_Episcopal_Cathedral_Foundation,5,2,23,0.108057,0.134192,0.333333
58662538,Sasna_Tsrer_Pan-Armenian_Party,54,7,23,0.090248,0.098705,0
424550,2001_Nisqually_earthquake,52,11,22,0.123098,0.161955,27120.836033
84148,"Upland,_California",4,4,22,0.107573,0.126381,320326.328793
450952,Archie_Hamilton,43,7,22,0.108304,0.126402,410.830381
1345780,Richard_III_(1955_film),35,7,25,0.089469,0.101134,2964.614249
6414082,Francis_E._Meloy_Jr.,5,3,22,0.120903,0.162808,15.659625
3867574,Cyprus_in_the_Eurovision_Song_Contest,25,41,24,0.099955,0.12227,5503.722617
13210086,Ryan_White_CARE_Act,5,2,22,0.124215,0.165219,0
34839100,Red_Star_Stadium,48,6,28,0.077931,0.094359,17318.18387
57447892,Jabalpur_Paschim_(Vidhan_Sabha_constituency),8,10,25,0.087829,0.120104,81.872745
44397850,List_of_Georgia_Bulldogs_starting_quarterbacks,26,4,27,0.08741,0.102075,48.005743
432536,Great_Lakes_region,16,2,23,0.098256,0.11581,65856
3705490,Mortal_Kombat,36,16,30,0.066534,0.073829,8856.277778
18036482,Salish_Sea_human_foot_discoveries,16,2,25,0.08217,0.092181,49419
33596980,Ra?l_Jim?nez,33,13,27,0.08777,0.108915,241975.144088
55845850,Jefry_Rodr?guez,0,1,24,0.103205,0.121932,0
1603702,Steve_Sailer,21,4,21,0.123885,0.158976,68377.29645
436870,Peter_Pace,5,6,21,0.125402,0.165017,151853.208762
1671784,Nobuaki_Iwatake,5,2,22,0.120537,0.161171,0
82862,HBO_World_Championship_Boxing,0,5,24,0.09738,0.111791,13711.156926
12104554,Campe?n_de_Campeones,41,10,26,0.093863,0.112851,47411.821949
456058,Director_of_Central_Intelligence,5,51,22,0.129047,0.182226,14689.200542
58814564,Konstantin_Nikolaev,15,1,24,0.078301,0.08585,0
11751480,John_M._Walker,5,24,22,0.12483,0.168761,70.746359
5030380,Gerald_Ford,5,129,21,0.134966,0.199531,180625.292036
36709900,P._L._Punia,8,2,25,0.08656,0.117184,0
13406070,Connie_Ray,44,1,28,0.073597,0.079989,0
38803838,Joe_Davis_(sportscaster),26,3,26,0.093366,0.110546,1353.605976
21765156,Fred_McNair_(gridiron_football),26,1,26,0.09518,0.110007,0
78326,Flag_of_Luxembourg,27,1,27,0.068705,0.072904,0
3147620,Karyn_Bryant,0,2,26,0.091318,0.105313,59375.687698
1796538,Stuart_Pearson,28,3,33,0.058517,0.065803,783.964286
12251068,John_Dukakis,5,3,23,0.11608,0.148955,0
7916544,Walter_Terence_Stace,55,4,27,0.069357,0.075321,21991
53284730,Tomahawk_chop,4,7,24,0.111673,0.138848,44.461045
25767218,Christopher_Nixon_Cox,5,6,22,0.12004,0.160032,76.784341
50719528,Vikramaditya_Singh_(politician),8,1,25,0.086517,0.116275,0
34423330,2012_Andalusian_regional_election,2,3,26,0.081861,0.091373,16491
59119328,UEFA_Euro_2020_qualifying_Group_I,28,15,29,0.072117,0.089812,5651.081915
1720890,Gloria_Carter_Spann,5,17,22,0.121754,0.162858,18.145749
36082320,Mariann_Budde,5,4,22,0.117776,0.151789,286.137098
38609126,Artie_Burns,4,12,23,0.102457,0.126005,22207.223657
571704,Frontbencher,43,3,23,0.103354,0.12107,3030.007233
21034082,Iv?n_Nova,0,1,26,0.089581,0.101281,0
256686,South_Queensferry,24,16,22,0.103807,0.123022,6281.853384
5800118,Liam_Halligan,43,2,21,0.115031,0.13383,5499
948444,Operation_Wigwam,3,2,24,0.093802,0.107784,417.528615
1190590,Thirty_Seconds_Over_Tokyo,35,2,23,0.091546,0.104207,39328.76694
27291024,Richard_Drax,43,6,22,0.1071,0.12292,0
28969620,E._Henry_Knoche,5,7,22,0.12219,0.165641,112.918836
9008820,Patrick_Nix,20,1,23,0.097528,0.114838,0
4455358,Mark_Turgeon,34,3,29,0.067735,0.07433,27455
2543338,Punt_(boat),24,2,23,0.092378,0.10435,5499
7005328,L?o_Silva,41,5,28,0.081637,0.098019,12.952381
1210446,The_Ring_magazine_Fighter_of_the_Year,0,1,28,0.072822,0.079948,0
2155864,Points_of_Light,5,51,22,0.126942,0.177726,44797.731911
4717786,Bidvest_Wits_F.C.,28,4,29,0.073352,0.088332,38465
53543860,Gianluca_Mancini,28,2,30,0.067865,0.082107,5499
41493538,"Brad_Smith_(footballer,_born_1994)",33,2,27,0.085428,0.099603,3060.701543
1103590,"Sydney_Olivier,_1st_Baron_Olivier",43,2,23,0.100394,0.115369,118116.357122
23467978,Jake_Hyde,28,2,30,0.067431,0.080399,4378.302051
2345826,Lyndon_B._Johnson_National_Historical_Park,5,8,22,0.120384,0.158251,1942.187509
38391132,Alex_Pritchard,33,5,29,0.074016,0.085831,23236.762668
2639058,Josh_Sawyer,36,11,24,0.098536,0.115762,16915.947861
17372326,Robert_McWade,3,2,24,0.097571,0.114628,4500.707342
3703816,Marc_Colombo,20,2,23,0.106717,0.130418,5045.021503
24982,Psychometrics,56,65,23,0.095785,0.117803,272.129733
17399684,Government_of_Chhattisgarh,8,13,25,0.086606,0.118717,1656.188657
29782158,Jay_Lawrence_(actor),14,2,25,0.092755,0.105969,5471.333333
13340684,Alison_Mitchell,17,3,33,0.053674,0.058303,16493
2233834,Ron_Wolf,4,17,24,0.111741,0.140745,42382.115976
269882,Scottish_Episcopal_Church,24,4,23,0.094069,0.107566,4.123687
38380920,Tavarres_King,26,1,27,0.086372,0.098928,0
3328890,List_of_Phillips_Academy_alumni,5,5,22,0.12508,0.167259,11033.068237
54626144,Happy!,11,1,35,0.048204,0.050872,0
3618680,Trackdown_(TV_series),49,3,30,0.057065,0.061845,21988
2906058,Black_Dog_(film),18,2,24,0.096456,0.114179,191275
3352128,Erik_Kuselias,4,1,27,0.084184,0.096165,0
334826,National_Hockey_Association,0,6,26,0.089403,0.104413,6358.006965
48847474,Matt_Feiler,4,8,23,0.100956,0.120699,3082.467775
5068188,Porter_Goss,5,12,22,0.124601,0.167763,6605.506951
47413310,Lucas_Alario,41,7,26,0.089368,0.106595,201.55358
5405066,Neil_Brand,22,1,25,0.088395,0.095389,0
1736940,Downtown_Athletic_Club,20,3,23,0.099641,0.117557,5499
58034460,2018_Boca_Raton_Bowl,26,14,25,0.103131,0.125924,3077.525324
8250592,2007_Florida_Gators_football_team,26,6,25,0.100506,0.122133,2315.601954
676482,Battleship_Row,3,9,22,0.104531,0.125206,81518.999318
101136,Riccardo_Giacconi,50,2,24,0.085899,0.096531,0
458262,Gowanus_Canal,5,1,21,0.123067,0.156681,0
57654318,P._Indra_Reddy,19,3,25,0.086539,0.116865,5499
13499036,Larry_Johnson_(American_football_coach),4,2,24,0.10511,0.128229,3426.749559
19987830,Shameless_(song),18,25,26,0.080981,0.093967,603.621067
7105256,Sholam_Weiss,15,2,26,0.076015,0.083653,0
755932,Manuel_Lujan_Jr.,5,16,22,0.121689,0.16618,1697.559357
57449784,Parasia_(Vidhan_Sabha_constituency),8,9,25,0.087826,0.119983,81.249974
44478026,Denison_Barracks,38,3,24,0.102614,0.123387,2749
1784446,Apophasis,5,2,22,0.120802,0.157867,0
20310820,James_Pattinson,17,5,30,0.063919,0.072105,19226.5
2485986,Jackie_Joseph,14,3,24,0.10221,0.120662,43744
1853498,Gordon_Hill_(footballer),28,4,34,0.055294,0.061608,4.383333
42721720,Brock_Jensen,4,1,25,0.095263,0.109286,0
1546828,Lou_Savarese,0,3,25,0.088916,0.099775,110.571429
27701630,Oppenheimer_security_hearing,50,6,24,0.08627,0.097597,2339.624677
40490058,Michiel_Hazewinkel,56,6,23,0.095357,0.111586,0
4647594,Encyclopedia_of_Mathematics,56,6,23,0.095357,0.111586,0
5023510,Royal_Infirmary_of_Edinburgh,24,4,22,0.100947,0.116691,1128.641022
25807172,Bobby_Green_(fighter),0,4,27,0.084726,0.096339,21952
849454,Pete_Shelley,22,36,31,0.062008,0.070846,16552.829798
1009140,Larry_Harvey,55,1,27,0.069343,0.07473,0
54962410,Juan_Miranda_(footballer),48,3,28,0.076496,0.08824,21984
37534026,Esteban_Andrada,41,10,26,0.088925,0.105077,4993.257777
1873658,Peter_Bone,43,7,22,0.108312,0.12656,2141.129873
386136,Little_Caesars_Pizza_Bowl,26,5,23,0.118471,0.146476,44894.949076
46799714,Bruno_Valdez,41,10,27,0.085811,0.10316,5036.476506
29331648,Jasper_Cillessen,48,6,30,0.06893,0.083377,7586.835654
6975696,Cristi?n_Zapata,41,10,27,0.085336,0.102223,49723.195587
8183396,List_of_Southeastern_Conference_national_championships,26,1,26,0.095231,0.111285,0
3747178,North_to_Alaska,44,2,24,0.102623,0.119867,10996
1563494,Carolyn_Hennesy,15,2,26,0.076297,0.085312,0
