,Id,Label,modularity_class,Degree,Eccentricity,closnesscentrality,harmonicclosnesscentrality,betweenesscentrality,Qid
0,57328398,Paul J. Schlise,5,4.0,23.0,0.11436900000000001,0.146231,2132.770072,Q52637548
1,1384530,John Wood (English actor),49,4.0,27.0,0.076825,0.083826,32975.0,Q599439
2,45340726,Bush shoeing incident,8,3.0,27.0,0.076592,0.09322899999999999,5499.0,Q18236869
3,1546474,"Pioneertown, California",4,2.0,23.0,0.09776599999999999,0.11166300000000001,125903.187149,Q7196874
4,679746,Independence Stadium (Shreveport),26,10.0,25.0,0.103652,0.128282,34410.555935000004,Q3150014
5,42159082,"Serginho (footballer, born 1995)",41,4.0,28.0,0.08161900000000001,0.09771200000000001,0.0,Q15964397
6,5945948,Zoran Mamić,41,1.0,28.0,0.081389,0.096599,0.0,Q220538
7,5254422,Speech or Debate Clause,5,5.0,21.0,0.109253,0.13100799999999999,35301.517664,Q7575398
8,26929382,John Curtis (Utah politician),21,6.0,23.0,0.108724,0.133131,10.308845,Q6253810
9,343782,Parliamentary Labour Party,43,7.0,22.0,0.11074,0.131382,32328.167055,Q14472169
10,2648856,Jane Eyre (1943 film),49,1.0,33.0,0.048777,0.052121,0.0,Q1217369
11,4014302,National Assembly (Armenia),54,11.0,23.0,0.095231,0.10532799999999999,12064.782304,Q1337463
12,26245190,8mm French Ordnance,54,1.0,24.0,0.086827,0.094068,0.0,Q2818599
13,308842,Robert Muldoon,43,2.0,22.0,0.120529,0.15582100000000002,13358.734005,Q737739
14,47936800,UEFA Euro 2020 qualifying,28,31.0,29.0,0.07280299999999999,0.09475800000000001,90301.427697,Q23688132
15,56085920,Bharatiya Tribal Party,8,41.0,25.0,0.08669199999999999,0.122205,331.18627999999995,Q46885851
16,199420,Arbusto Energy,5,3.0,22.0,0.12284500000000001,0.159745,0.055555999999999994,Q2700243
17,57005490,List of Trump administration dismissals and resignations,21,11.0,23.0,0.105977,0.128374,21323.140476,Q52458850
18,6271722,"John Coleman (footballer, born 1962)",28,2.0,31.0,0.06653300000000001,0.07686799999999999,5499.0,Q10379999
19,34879480,Darren Mattocks,33,10.0,26.0,0.092738,0.11091199999999998,24560.771927,Q3016527
20,264920,List of Wimbledon Open Era champions,22,3.0,27.0,0.082038,0.09162000000000001,10996.0,Q2058656
21,53091902,Tarana (Vidhan Sabha constituency),8,3.0,25.0,0.087809,0.119256,0.0,Q30598756
22,5094994,Michelle Dewberry,43,3.0,21.0,0.11503599999999999,0.133951,10996.0,Q6836992
23,7421180,Hugo Gatti,41,6.0,26.0,0.089312,0.10580999999999999,5335.23225,Q116650
24,17260462,Andrew McCutchen,0,8.0,25.0,0.096927,0.11412699999999999,51619.416438,Q574689
25,1754934,Water polo at the 1956 Summer Olympics,7,3.0,23.0,0.10941600000000001,0.132601,0.0,Q268907
26,6859154,Jenny Bradley,49,1.0,27.0,0.074764,0.079778,0.0,Q19650331
27,41647460,Pilani (Rajasthan Assembly constituency),8,6.0,25.0,0.086579,0.117844,0.8650950000000001,Q15654895
28,601718,White Night riots,51,6.0,23.0,0.10804000000000001,0.130606,11550.900131999999,Q2916092
29,58594426,Hungary in the Eurovision Song Contest 2019,25,2.0,26.0,0.08332300000000001,0.09353600000000001,5499.0,Q56772855
30,177326,Rebecca West,43,2.0,25.0,0.08741,0.098363,0.0,Q236669
31,908698,Frank Leahy,26,2.0,26.0,0.09186699999999999,0.107178,0.0,Q5487887
32,671806,Skrull,11,11.0,30.0,0.06342300000000001,0.07091599999999999,137336.632091,Q637245
33,42781468,Tamradhwaj Sahu,8,25.0,25.0,0.086658,0.120441,613.2474440000001,Q16901285
34,56983384,Louise Thuliez,31,2.0,24.0,0.095624,0.111027,0.0,Q3263834
35,5571214,Election commission,8,2.0,26.0,0.079786,0.100996,0.0,Q935741
36,52154470,Josh Reynolds (American football),26,8.0,24.0,0.09982200000000001,0.119861,15634.232147,Q27830869
37,9037100,South Pars/North Dome Gas-Condensate field,5,2.0,23.0,0.114328,0.145866,5499.0,Q1513795
38,37903894,Pinapaka (ST) (Assembly constituency),19,28.0,25.0,0.086643,0.12058699999999999,19501.096074,Q7194831
39,54088,Harry Palmer,49,4.0,26.0,0.07697000000000001,0.083346,2749.0,Q1749168
40,272016,Clapham Junction railway station,35,4.0,24.0,0.091542,0.101921,10996.0,Q719530
41,18864554,Death and state funeral of Richard Nixon,5,21.0,22.0,0.12621300000000002,0.174144,1529.346442,Q5247273
42,6297944,Lanny Davis,15,5.0,23.0,0.095735,0.110053,576944.575261,Q1805535
43,38558166,Kingsley Coman,48,2.0,30.0,0.069654,0.08127899999999999,5499.0,Q6413296
44,1776954,Oscar Ruggeri,41,4.0,27.0,0.08367899999999999,0.099695,38.799749,Q346942
45,562410,Pete Murray (DJ),25,2.0,25.0,0.09089,0.10528599999999999,5499.0,Q7172170
46,33799154,Yuri Oganessian,50,3.0,24.0,0.085837,0.096193,1.0,Q1144326
47,5700312,Cliff Fletcher,0,1.0,28.0,0.07826,0.087645,0.0,Q5132600
48,14356368,James Wilson (rugby union),29,2.0,26.0,0.09156,0.10444200000000001,1567.4285710000001,Q6145710
49,1140616,Tom Gordon,0,3.0,24.0,0.10272300000000001,0.1214,3094.673613,Q3110725
50,37601302,Whitehouse High School,4,1.0,27.0,0.08816900000000001,0.102341,0.0,Q17065069
51,30579430,Romaine Sawyers,28,5.0,30.0,0.069249,0.08306000000000001,10918.665788,Q3940507
52,26971778,Man Wanted,3,2.0,26.0,0.07915499999999999,0.086029,11460.779263,Q1888508
53,2569570,Turf Moor,28,4.0,30.0,0.07091900000000001,0.08609,87744.0,Q683112
54,8108496,Edinburgh Playhouse,24,5.0,22.0,0.10376600000000001,0.12175,418.389925,Q5338244
55,29503306,List of incidents of grave disorder in the British House of Commons,43,3.0,22.0,0.10158099999999999,0.11911,4663.16654,Q6623933
56,43659046,Florent Hadergjonaj,33,4.0,30.0,0.069401,0.08031100000000001,0.0,Q17612369
57,1893922,Anatoly Tarasov,21,1.0,27.0,0.066661,0.070531,0.0,Q264127
58,274330,Seattle Pilots,0,2.0,23.0,0.11325,0.14291700000000002,49166.082288,Q7442149
59,17396,Kid Rock,5,3.0,21.0,0.127868,0.167526,0.0,Q158175
60,531948,China Service Medal,5,2.0,22.0,0.120492,0.155687,0.0,Q1073493
61,135304,"Decatur, Tennessee",52,1.0,26.0,0.081942,0.091942,0.0,Q2405042
62,34506988,Noah Syndergaard,0,3.0,27.0,0.08230499999999999,0.091816,6641.513696,Q15831560
63,187074,Judy Holliday,49,6.0,23.0,0.111053,0.139395,186904.07474100002,Q253298
64,36881830,Aleksander Čeferin,23,1.0,32.0,0.059302,0.066768,0.0,Q26819142
65,21325310,Tomás Rincón,33,2.0,27.0,0.086158,0.09957,5499.0,Q210279
66,30949814,Economic Advisory Council,8,14.0,25.0,0.08749,0.12073699999999998,64033.018514999996,Q4530455
67,678896,Isaac C. Kidd,3,4.0,23.0,0.09979299999999999,0.11722300000000001,359.337532,Q1357828
68,56213390,Arnór Sigurðsson,48,7.0,29.0,0.071774,0.082049,5499.0,Q47067187
69,376138,National Grange of the Order of Patrons of Husbandry,14,1.0,28.0,0.072608,0.078637,0.0,Q7753183
70,2580516,KTVA,52,3.0,22.0,0.111104,0.135523,0.0,Q6339252
71,39936702,Rosemary DiCarlo,1,2.0,22.0,0.109614,0.13139,5499.0,Q15429937
72,492336,Peter Brown (historian),28,1.0,30.0,0.066835,0.075889,0.0,Q962080
73,22567388,Sebastian Vollmer,4,2.0,27.0,0.085236,0.096821,0.0,Q124879
74,23025136,Strasbourg Mosque,54,2.0,22.0,0.102255,0.114559,0.0,Q3115094
75,7283288,Tony Barber (bassist),22,24.0,31.0,0.062,0.069755,0.0,Q3993188
76,8587280,Wet meadow,53,2.0,24.0,0.095924,0.112147,0.0,Q759978
77,40580014,Molly McGrath,26,2.0,26.0,0.09328,0.108324,55.133049,Q26436130
78,56732826,Riqui Puig,28,3.0,25.0,0.08682899999999999,0.095687,43936.363143,Q50315237
79,412938,Steve King,21,26.0,20.0,0.11622,0.138348,527997.7102770001,Q749710
80,39823344,Steve Toussaint,50,1.0,30.0,0.056866,0.06069,0.0,Q2347359
81,1918494,State and Main,44,1.0,25.0,0.09353099999999999,0.10653199999999999,0.0,Q960668
82,43240,Thomas Telford,24,1.0,23.0,0.09502100000000001,0.10858800000000002,0.0,Q380875
83,4461320,Douglas Brinkley,5,14.0,21.0,0.126324,0.169904,13952.195856,Q5301276
84,54516386,2017 Cotton Bowl Classic (December),26,11.0,24.0,0.10903800000000001,0.135465,33852.623007,Q39070796
85,27261798,Chris Skidmore,43,2.0,23.0,0.094346,0.10491199999999999,0.0,Q391526
86,923814,Grammy Award for Best Pop Vocal Album,44,17.0,26.0,0.085016,0.09679600000000001,39941.688902999995,Q1027891
87,1579828,"Lorman, Mississippi",26,2.0,25.0,0.096498,0.11122,0.0,Q6681316
88,971428,Kung Lao,36,13.0,30.0,0.06653099999999999,0.07355700000000001,609.777778,Q691782
89,18562090,Elías Hernández,41,2.0,27.0,0.081613,0.09332,5499.0,Q539660
90,528116,The Integral Trees,36,1.0,27.0,0.074662,0.081625,0.0,Q3521397
91,225824,Takeo Yoshikawa,3,1.0,24.0,0.093025,0.106931,0.0,Q3138838
92,38298650,Hanuma Vihari,17,2.0,32.0,0.056727,0.062220000000000004,21984.0,Q5651344
93,21322928,John Papuchis,34,1.0,24.0,0.09553099999999999,0.110055,0.0,Q6251864
94,695436,Milwaukee County Stadium,4,7.0,23.0,0.120003,0.14868900000000002,251073.79003600002,Q3314569
95,43238756,Oleg Sentsov,27,1.0,26.0,0.07471,0.081468,0.0,Q17128150
96,27594024,1865 Memphis earthquake,52,2.0,25.0,0.089249,0.10264200000000001,0.0,Q4555152
97,41600964,Sadulshahar (Rajasthan Assembly constituency),8,6.0,25.0,0.086579,0.117844,0.8650950000000001,Q17088088
98,7305146,Navy Midshipmen football,20,15.0,21.0,0.11326199999999999,0.14371,23434.642023,Q6982660
99,6213422,TMZ,4,7.0,22.0,0.122971,0.167602,197897.95318699998,Q2630118
100,8682058,Lincoln Catafalque,5,16.0,22.0,0.123269,0.170985,13107.167554000001,Q1825688
101,19961310,James A. Baker (born 1821),5,3.0,22.0,0.120678,0.161753,36.988156,Q6128383
102,267484,Synthetic geometry,55,1.0,28.0,0.064845,0.06908099999999999,0.0,Q249148
103,44136352,Pah Wongso,35,6.0,25.0,0.093975,0.10996500000000001,389091.71027800004,Q18325159
104,58574936,Sky Yen,22,3.0,31.0,0.061985000000000005,0.067846,0.0,Q60745461
105,2860056,United States District Court for the Northern District of Texas,21,3.0,23.0,0.10483599999999998,0.124726,5499.0,Q7889831
106,37477456,Alexander Ellis III,5,35.0,22.0,0.125425,0.170356,153.959233,Q4718801
107,8827552,Kevin Wilson (American football),4,2.0,26.0,0.095552,0.113873,2545.350926,Q6397297
108,30761966,History of Edinburgh,24,6.0,22.0,0.10173099999999999,0.118032,1285.531835,Q5775999
109,42864934,David Coburn (politician),27,2.0,24.0,0.088879,0.09864099999999999,0.0,Q16979872
110,69980,Second Sino-Japanese War,3,14.0,24.0,0.0977,0.116309,390327.263453,Q170314
111,7047304,Company scrip,21,1.0,26.0,0.07535700000000001,0.082123,0.0,Q5155573
112,29077426,Tim Leiweke,0,1.0,28.0,0.07826,0.087645,0.0,Q7803826
113,1071538,The Return of the Archons,49,2.0,35.0,0.044444,0.046876999999999995,0.0,Q3487430
114,888,A. E. van Vogt,36,5.0,24.0,0.096166,0.11251099999999999,2055.558333,Q315059
115,20682654,Arena Națională,28,6.0,29.0,0.072849,0.090835,12730.445448,Q338602
116,184806,Eurovision Song Contest 1965,25,4.0,25.0,0.095769,0.11276099999999999,0.0,Q203975
117,236020,Elliptic geometry,55,3.0,26.0,0.074503,0.081706,16491.0,Q1332450
118,31775758,Derek Mackay,43,1.0,24.0,0.095164,0.11041300000000001,0.0,Q1200058
119,7871980,Call Me Claus,46,1.0,29.0,0.062175,0.066979,0.0,Q2238556
120,2332364,The Strange Love of Martha Ivers,3,1.0,24.0,0.084886,0.095412,0.0,Q971265
121,37199588,Steven Lecefel,41,4.0,28.0,0.08219299999999999,0.098111,68.397318,Q7614968
122,45241494,Athletes and domestic violence,4,3.0,23.0,0.112158,0.14067000000000002,0.0,Q24963099
123,7404478,Rick Spielman,4,3.0,26.0,0.091921,0.10879200000000001,49427.0,Q2151622
124,25970100,Elections in Madhya Pradesh,8,50.0,25.0,0.087934,0.12453199999999999,4795.588062,Q5354747
125,56285058,Jane Teoh,47,9.0,31.0,0.06297699999999999,0.07006799999999999,0.0,Q47251066
126,10046360,Jimmy Carter rabbit incident,5,18.0,22.0,0.121795,0.163358,41.464156,Q2297768
127,400010,Rao–Blackwell theorem,56,68.0,23.0,0.09581,0.118425,12238.888209,Q579515
128,19327634,I. G. Patel,13,10.0,27.0,0.076864,0.097635,4911.856325,Q5967978
129,187346,Club Athletico Paranaense,41,7.0,27.0,0.082579,0.096372,16446.127332,Q506832
130,28935060,Faouzi Ghoulam,48,5.0,29.0,0.072117,0.083232,5499.0,Q2484011
131,32668306,Conor Hourihane,28,7.0,30.0,0.069397,0.085386,17752.255305000002,Q3687117
132,7333708,Kadapa (Lok Sabha constituency),8,14.0,25.0,0.086632,0.11928699999999999,235.320926,Q3764405
133,15146430,Júnior Moraes,48,7.0,28.0,0.079908,0.096673,52196.538764,Q2529972
134,22114132,The Avengers (2012 film),11,12.0,28.0,0.07245499999999999,0.081445,66048.325717,Q182218
135,3838436,Follow Me Quietly,5,1.0,23.0,0.105696,0.127139,0.0,Q3954440
136,174262,Prescott Bush,5,89.0,22.0,0.128298,0.18415,25422.968303999998,Q324742
137,2669810,The Clarion-Ledger,5,4.0,22.0,0.120781,0.158032,385206.732375,Q7723273
138,4329352,Darren Emerson,32,1.0,26.0,0.089334,0.096953,0.0,Q3016505
139,49717982,The Garth Brooks World Tour (1996–98),18,26.0,26.0,0.080984,0.094088,3263.586707,Q25352053
140,11665234,Presidency of George H. W. Bush,5,105.0,21.0,0.133797,0.194379,97890.888255,Q1719914
141,15765690,Orgasm Addict,22,25.0,31.0,0.062,0.069846,1.7464650000000002,Q3885748
142,780762,John Thompson III,34,2.0,30.0,0.063447,0.0688,0.0,Q6260682
143,11390548,Panzer Dragoon,36,3.0,26.0,0.07575499999999999,0.08286900000000001,10996.0,Q3362548
144,12181806,Parliament of Andalusia,2,3.0,27.0,0.075671,0.08311,2749.0,Q2743388
145,238832,Amélie Mauresmo,22,3.0,27.0,0.085604,0.09591000000000001,328809.657528,Q180872
146,1047002,Florence Rice,35,1.0,30.0,0.061382000000000006,0.064678,0.0,Q3074028
147,37903880,Mulug (ST) (Assembly constituency),19,17.0,25.0,0.08659,0.118799,1425.638815,Q6935203
148,3145578,Christine and Léa Papin,16,1.0,27.0,0.070589,0.076864,0.0,Q771306
149,2417140,Arena da Baixada,41,4.0,27.0,0.082707,0.096933,5998.323763,Q606803
150,42518360,Chad Laprise,0,3.0,28.0,0.078184,0.08804,1.0,Q16337150
151,17272938,Chandrayan Gutta,8,2.0,26.0,0.08164600000000001,0.104956,0.0,Q5071478
152,42585006,The King of Love My Shepherd Is,5,2.0,22.0,0.11918699999999999,0.152758,0.0,Q17052810
153,57263836,2018–19 European Rugby Challenge Cup,29,6.0,26.0,0.091567,0.10483599999999998,1571.4285710000001,Q52378833
154,598942,Grammy Award for Best Music Video,44,14.0,26.0,0.089174,0.10256300000000002,78425.223535,Q2976730
155,39306798,Mathieu Deplagne,33,2.0,27.0,0.081446,0.093206,0.0,Q3298701
156,36501454,Shuri (comics),11,1.0,31.0,0.059609,0.064462,0.0,Q7505397
157,16914128,Pork and Beans (song),44,1.0,27.0,0.081874,0.090999,0.0,Q2535952
158,363792,Sunday Sport,43,1.0,23.0,0.102251,0.11348,0.0,Q7639552
159,45222644,Ryan Day (American football),26,6.0,26.0,0.09539700000000001,0.11358199999999999,3244.0887989999997,Q18921628
160,36892904,Bradley Sowell,4,10.0,25.0,0.098249,0.11938399999999999,48359.538475,Q14951475
161,12714970,Black college football national championship,26,8.0,23.0,0.107221,0.126177,145800.211085,Q4922296
162,3600962,Lee Aaker,3,1.0,23.0,0.09215,0.105571,0.0,Q685709
163,53465104,2018 Mizoram Legislative Assembly election,8,38.0,25.0,0.08667000000000001,0.121553,2790.085677,Q30594391
164,18632382,VMS Eve,42,15.0,29.0,0.062485,0.07115199999999999,4.955401999999999,Q7907305
165,24704432,Victims of Communism Memorial Foundation,5,2.0,22.0,0.120255,0.157586,0.0,Q7925611
166,24069254,The Glory of Love (song),44,1.0,28.0,0.076805,0.08351499999999999,0.0,Q7736844
167,66986,Woodland,53,4.0,24.0,0.09593099999999999,0.11239,10997.0,Q3241565
168,57875364,Alejandra Lara,4,2.0,26.0,0.078304,0.08642000000000001,0.0,Q55603559
169,2016492,Stade Olympique Yves-du-Manoir,48,4.0,29.0,0.072587,0.086056,4355.545311,Q754502
170,55846,Bob Dole,5,58.0,21.0,0.133453,0.189157,262945.26005599997,Q319079
171,38173892,List of Navy Midshipmen head football coaches,20,5.0,22.0,0.101752,0.12200899999999999,0.0,Q16973690
172,14060596,Podesta Group,5,2.0,23.0,0.103776,0.12319300000000001,0.0,Q7206708
173,44722256,History of Club Atlético River Plate,41,7.0,26.0,0.09027,0.10781800000000001,5441.447045,Q5899979
174,21647456,"Mark Murphy (safety, born 1958)",4,1.0,25.0,0.100512,0.11928399999999999,0.0,Q6768973
175,1223702,Franklin Van Valkenburgh,3,3.0,22.0,0.10195,0.120148,519.1016139999999,Q1445298
176,10468768,List of diplomatic missions of Turkey,54,1.0,22.0,0.102253,0.114468,0.0,Q1863035
177,33572368,Ricky Ricardo Jr.,35,1.0,30.0,0.056687,0.059811,0.0,Q7332175
178,13373650,"Indian Land, South Carolina",21,1.0,24.0,0.095724,0.11064,0.0,Q6020877
179,4105584,Bill Musgrave,26,3.0,25.0,0.099101,0.119626,11435.288361,Q2904669
180,32876652,Shelby Miller,5,2.0,23.0,0.11303599999999998,0.142343,10996.0,Q3481793
181,41197882,Elections in Mizoram,8,12.0,26.0,0.084535,0.11080899999999999,697.251889,Q16962272
182,360120,Michael Tilson Thomas,36,1.0,25.0,0.087743,0.099536,0.0,Q520493
183,51708344,Robert Courts,43,7.0,22.0,0.10659300000000001,0.122313,105.469151,Q27671735
184,18693518,Pierre-Emerick Aubameyang,23,10.0,30.0,0.07104400000000001,0.088043,72009.651143,Q44977
185,22613616,Yuya Osako,41,4.0,29.0,0.075791,0.088517,16493.0,Q195620
186,3264388,Stadio Artemio Franchi,0,2.0,24.0,0.10365999999999999,0.122735,5499.0,Q270474
187,41355364,Cetywayo and His White Neighbours,49,1.0,26.0,0.079319,0.087535,0.0,Q16385256
188,22004388,Enda Stevens,28,4.0,30.0,0.067768,0.080312,4440.007822,Q218987
189,24480838,Black Swan (film),44,2.0,27.0,0.080513,0.088744,0.0,Q180214
190,30852386,Guna (Vidhan Sabha constituency),8,3.0,26.0,0.08086900000000001,0.10347,0.0,Q5618456
191,1075914,Alexandria Eschate,21,5.0,24.0,0.086034,0.097013,1832.3333329999998,Q2280882
192,305010,Rahul Gandhi,8,39.0,25.0,0.08668200000000001,0.121768,7889.892245999999,Q10218
193,55140,"Madison County, New York",5,2.0,22.0,0.11819600000000001,0.151642,16491.0,Q115166
194,25310244,Armando Gutierrez,5,1.0,23.0,0.10753099999999999,0.129901,0.0,Q4792776
195,48772506,Indore-1 (Vidhan Sabha constituency),8,9.0,25.0,0.087824,0.119953,82.35553,Q25241401
196,2589020,Elections in Kerala,8,36.0,25.0,0.086648,0.120947,16.824347,Q5354727
197,199074,Eurovision Song Contest 2000,25,6.0,24.0,0.104575,0.127029,848.432643,Q11113
198,48283064,Desmond King (American football),4,10.0,25.0,0.10147,0.12421300000000002,6956.015888,Q21621699
199,741018,Robin Friday,28,1.0,31.0,0.064052,0.07291,0.0,Q3753906
200,39562,Geochemistry,30,5.0,25.0,0.094041,0.11026,32975.0,Q161764
201,27924754,NetherRealm Studios,36,12.0,30.0,0.06652999999999999,0.073466,0.0,Q2696696
202,24987244,Alan Kelly (referee),33,3.0,26.0,0.092061,0.10743599999999999,1.086415,Q575385
203,5805506,Forbush Man,11,4.0,30.0,0.063374,0.069627,0.0,Q5467404
204,39239578,Vince Williams (American football),4,7.0,23.0,0.100954,0.12060799999999999,6084.89854,Q14918317
205,53156864,Rony (footballer),41,2.0,28.0,0.076282,0.085966,0.0,Q28748046
206,1956740,Rodney Rogers,33,2.0,26.0,0.086498,0.09463400000000001,5499.0,Q634812
207,2598276,Talkback (production company),32,2.0,25.0,0.090531,0.09926499999999999,93739.240294,Q7679723
208,53210,Marion Zimmer Bradley,36,4.0,24.0,0.096167,0.112481,0.0,Q465179
209,2463212,Virginia Gregg,35,1.0,27.0,0.07274800000000001,0.078601,0.0,Q3560678
210,23505048,Andrzej Fonfara,0,3.0,27.0,0.075676,0.08404099999999999,12409.226984,Q4491798
211,14055002,Rakhim Chakhkiev,0,3.0,27.0,0.075049,0.08275,3471.325361,Q556061
212,138252,"Cheney, Washington",26,4.0,24.0,0.099833,0.11463,5757.560464,Q1065488
213,43595062,List of North Dakota State Bison in the NFL Draft,26,3.0,24.0,0.098048,0.112474,0.0,Q18148195
214,3924940,Brett Keisel,4,6.0,24.0,0.097623,0.118915,125.984628,Q2481576
215,34795136,Wissam Ben Yedder,28,1.0,30.0,0.067864,0.081986,0.0,Q137128
216,1602662,Leeward Islands (Society Islands),52,1.0,23.0,0.09996000000000001,0.116324,0.0,Q1999082
217,13503272,Place Kléber,54,5.0,22.0,0.10227,0.114952,1.666667,Q1753950
218,42581360,Speyer wine bottle,21,2.0,25.0,0.084799,0.094626,5499.0,Q17069410
219,6507496,List of members of the European Court of Justice,54,1.0,22.0,0.104814,0.117671,0.0,Q944234
220,1670186,Edward J. Flanagan,49,2.0,32.0,0.051257000000000004,0.054980999999999995,5499.0,Q1292211
221,50446564,Austin Blythe,26,5.0,25.0,0.093812,0.11041199999999998,121.457242,Q24053943
222,10865256,Emilio Izaguirre,28,1.0,31.0,0.06412000000000001,0.072753,0.0,Q350415
223,43169442,Deeplearning4j,56,12.0,24.0,0.087461,0.10152,0.0,Q18206387
224,47962650,Emma Little-Pengelly,43,4.0,22.0,0.11041500000000001,0.12671500000000002,1236.407218,Q21234823
225,40775102,Mortal Kombat 11,36,13.0,30.0,0.06653099999999999,0.07355700000000001,5499.0,Q59511757
226,9248628,Gran Galà del Calcio,33,3.0,29.0,0.07388099999999999,0.082243,21984.0,Q3774320
227,53088222,Josh Pitcock,21,3.0,24.0,0.09611900000000001,0.111648,0.0,Q28655388
228,4967070,She (1965 film),49,1.0,26.0,0.079319,0.087535,0.0,Q1614501
229,53915210,Elijah McGuire,4,2.0,24.0,0.09529800000000001,0.10971099999999999,0.0,Q29622261
230,3157962,Golborne,46,2.0,28.0,0.066316,0.073119,0.0,Q1615957
231,1908498,Aleutian Trench,52,5.0,22.0,0.110404,0.135153,4088.077319,Q119177
232,51564404,UFC 206,0,6.0,27.0,0.084767,0.09723,8230.833333,Q27894132
233,2641430,Kirkliston,24,6.0,23.0,0.094067,0.107672,132.14205800000002,Q239193
234,557850,Premier League Manager of the Month,28,1.0,31.0,0.064028,0.072719,0.0,Q890787
235,6546744,Bill Archer,5,5.0,22.0,0.123144,0.164613,58.112772,Q364679
236,2836962,Estadio Libertadores de América,41,3.0,27.0,0.084823,0.09935,0.0,Q1192458
237,28057248,Kaleb Cowart,0,1.0,28.0,0.076047,0.08315800000000001,0.0,Q6351865
238,25704946,List of Strictly Come Dancing specials,22,5.0,25.0,0.092302,0.10177699999999999,277067.79565,Q7623655
239,1905498,Butembo,3,1.0,25.0,0.085122,0.095446,0.0,Q518785
240,307512,"Maldon, Essex",53,5.0,26.0,0.080739,0.090783,180487.5,Q1011062
241,41617728,The Casino Murder Case (film),3,6.0,25.0,0.088956,0.102075,5503.333333,Q16249116
242,40951204,Roger Martínez,41,13.0,27.0,0.08717000000000001,0.10504400000000001,23900.303645,Q15130650
243,20749380,Milton Caraglio,41,7.0,26.0,0.09041,0.10783399999999999,16053.645965,Q2347346
244,52210248,Ronald Jones (running back),4,3.0,26.0,0.082884,0.09464299999999999,0.0,Q27804609
245,2964024,Chicago Portage,16,5.0,23.0,0.098249,0.116034,18.333333,Q5095748
246,24175110,Pali (Rajasthan Assembly constituency),8,6.0,25.0,0.086579,0.117844,0.8650950000000001,Q7127502
247,1715754,Panzer Dragoon Orta,36,2.0,27.0,0.070423,0.07576000000000001,0.0,Q335056
248,26138724,Michelle Beisner-Buck,26,5.0,24.0,0.10065299999999999,0.11826400000000001,25434.49115,Q6836919
249,2815958,Ervin Zádor,7,3.0,23.0,0.10941600000000001,0.132601,0.0,Q704459
250,50831016,2017 NHL Expansion Draft,0,12.0,27.0,0.08629099999999999,0.100383,102296.25781699999,Q24731937
251,6025078,Pablo Barrera,41,7.0,27.0,0.083604,0.100783,13381.965151999999,Q310226
252,28178642,Dzsenifer Marozsán,23,13.0,31.0,0.06335299999999999,0.075754,766.335994,Q450592
253,24436958,"Phil Jones (footballer, born 1992)",48,1.0,30.0,0.068215,0.0789,0.0,Q206641
254,228432,Open Vlaamse Liberalen en Democraten,54,10.0,21.0,0.11005699999999999,0.125391,25199.441342,Q1160192
255,3333144,Terry Baker,20,25.0,22.0,0.10806600000000001,0.134787,7257.225604,Q7704079
256,44553018,Carson Kelly,0,3.0,26.0,0.090189,0.099484,5499.0,Q18637556
257,863306,Vote counting,8,1.0,26.0,0.079778,0.100739,0.0,Q2672742
258,3608692,Matt Murray (English footballer),28,2.0,31.0,0.064231,0.07399700000000001,5499.0,Q1367644
259,7056544,Patrick Casey (writer),50,1.0,32.0,0.051062,0.053568,0.0,Q7146216
260,45608342,2015 Navy Midshipmen football team,20,7.0,22.0,0.101756,0.12219100000000001,4.220833,Q19865685
261,37890178,Khanapur (Assembly constituency),19,17.0,26.0,0.07976,0.101492,3.943745,Q6400165
262,415326,Robert Jay Mathews,21,1.0,22.0,0.105002,0.120538,0.0,Q550237
263,17512190,List of Seattle Seahawks head coaches,4,5.0,24.0,0.10710399999999999,0.130891,3347.302032,Q6596620
264,174638,Skull and Bones,5,19.0,22.0,0.12434400000000001,0.167567,19139.627542,Q195604
265,6427010,Tim Cain,36,11.0,24.0,0.098536,0.11576199999999999,16915.947861,Q129618
266,25226624,Patient Protection and Affordable Care Act,21,13.0,22.0,0.117103,0.147861,148482.03798800003,Q1414593
267,660440,Strasbourg Cathedral bombing plot,54,5.0,22.0,0.102265,0.11487699999999999,0.0,Q7621692
268,5437598,Air Force (film),3,6.0,21.0,0.11296199999999999,0.14121,431710.632938,Q1425082
269,7675734,Second Matabele War,16,5.0,25.0,0.08211900000000001,0.09215,0.0,Q233657
270,8430768,Globalization and disease,27,46.0,22.0,0.104874,0.127598,94.19211800000001,Q4118143
271,58622516,The Clovehitch Killer,44,1.0,27.0,0.079441,0.087771,0.0,Q56826909
272,27621874,Isaac Chilemba,0,3.0,27.0,0.077424,0.086791,5159.981036,Q4140048
273,31326034,Breast-shaped hill,30,1.0,27.0,0.07915900000000001,0.088008,0.0,Q4959757
274,2294972,Operation Pastorius,37,2.0,22.0,0.11800000000000001,0.150545,2420.8517100000004,Q1065729
275,8192520,Javier Pinola,41,17.0,27.0,0.087289,0.107517,1850.5485010000002,Q950154
276,736762,"Hermitage, Berkshire",38,2.0,25.0,0.093067,0.107626,0.0,Q1813871
277,8627512,Death and state funeral of Gerald Ford,5,53.0,22.0,0.128304,0.182052,30331.169366000002,Q3090984
278,23166704,Miss Universe 2010,47,7.0,30.0,0.06716699999999999,0.07542599999999999,14704.088494,Q855543
279,3534436,Attorney General of New York,15,3.0,25.0,0.082301,0.09272000000000001,104173.0,Q7013056
280,325750,"Michael Havers, Baron Havers",49,2.0,22.0,0.109509,0.123876,173937.926519,Q333350
281,56717830,J. C. Jackson,4,3.0,27.0,0.08523700000000001,0.096912,0.0,Q50283035
282,43701226,Tress Way,4,2.0,25.0,0.08878,0.102031,5499.0,Q18011309
283,511694,George W. Bush military service controversy,5,32.0,22.0,0.12623099999999998,0.17386500000000002,1004.9351740000001,Q5545549
284,1305596,Justin Hoyte,33,8.0,27.0,0.086302,0.102604,20229.537448,Q319164
285,1236610,Gigan,32,21.0,26.0,0.077792,0.087013,269.575468,Q948488
286,314204,Chemometrics,56,64.0,23.0,0.09578400000000001,0.11771199999999998,0.0,Q910067
287,87656,Strasburg,54,3.0,22.0,0.102257,0.114649,0.0,Q122686
288,53898650,"Narela, Bhopal (Vidhan Sabha constituency)",8,7.0,25.0,0.08782000000000001,0.11974100000000001,36.989211,Q30678411
289,41640924,Churu (Rajasthan Assembly constituency),8,5.0,25.0,0.08656900000000001,0.117572,5499.0,Q15647648
290,53850406,Ahmed bin Abdullah Balala,8,4.0,26.0,0.081913,0.111029,10996.143519,Q29536453
291,6147914,Frank Sesno,5,1.0,23.0,0.108548,0.13532,0.0,Q5489500
292,4529108,Pacific Division (NHL),0,12.0,26.0,0.092774,0.110911,175664.670124,Q834546
293,28540948,Greg Garza,33,10.0,26.0,0.093037,0.112221,50857.180352999996,Q2083727
294,668322,Blue star tattoo legend,49,1.0,32.0,0.051221,0.054287,0.0,Q1798332
295,50532294,Ramón Ábila,41,9.0,27.0,0.085671,0.100978,240.25804900000003,Q6100150
296,13971226,Anne Atkins,43,1.0,21.0,0.115027,0.133709,0.0,Q4768136
297,57550794,2018 Alcorn State Braves football team,26,7.0,25.0,0.105191,0.127211,25853.740887,Q55264389
298,21687640,Jess Fishlock,23,10.0,31.0,0.063046,0.073686,0.0,Q2318784
299,1172016,"Other Worlds, Universe Science Fiction, and Science Stories",36,14.0,23.0,0.106375,0.130132,80178.35833300001,Q3887092
300,10506098,Paul Warne,28,1.0,32.0,0.062383,0.070232,0.0,Q7154234
301,31018418,Kenny McLean,28,8.0,30.0,0.06790800000000001,0.083352,8857.802982,Q6391158
302,4173786,Mark Bryan,40,5.0,24.0,0.101276,0.121145,0.0,Q6766895
303,27090320,Sherrick McManis,4,8.0,26.0,0.089685,0.10560399999999999,10996.0,Q3481974
304,35410766,George McCaskey,4,6.0,28.0,0.07767,0.08740099999999999,1833.6666670000002,Q5542279
305,190930,Eurovision Song Contest 1983,25,37.0,24.0,0.09994700000000001,0.121906,2.717436,Q153578
306,58084968,Catch and kill,15,6.0,25.0,0.086836,0.099829,144476.282091,Q56276678
307,1264368,Neil Mellor,48,3.0,30.0,0.068174,0.079028,836.097908,Q2469707
308,56472,Benjamin Netanyahu,5,7.0,22.0,0.121762,0.16574,16494.0,Q43723
309,23394914,Sergey Kislyak,21,2.0,23.0,0.100988,0.117204,5499.0,Q460281
310,20132360,Harry Smith (runner),46,9.0,28.0,0.066322,0.07375599999999999,0.0,Q9286627
311,54630036,Miss France 2018,47,2.0,30.0,0.067126,0.074026,0.0,Q28495191
312,22114276,BIRCH,56,12.0,24.0,0.087461,0.10152,0.0,Q4835721
313,3771410,Revenge of the Creature,49,4.0,24.0,0.08528999999999999,0.096464,333661.03021,Q2419344
314,27258624,Patrício Freire,4,3.0,26.0,0.078305,0.086511,0.5,Q7145945
315,48995384,Jessica Mulroney,5,2.0,23.0,0.10955999999999999,0.137568,0.0,Q22905984
316,50299728,Biological reserve (Brazil),53,1.0,25.0,0.087641,0.099615,0.0,Q10359762
317,24169174,Steve Belichick,4,1.0,27.0,0.085234,0.09673,0.0,Q7611909
318,512936,USS Ward,20,2.0,22.0,0.109079,0.131716,104609.791076,Q623576
319,24051596,The Kennel Murder Case (film),3,10.0,23.0,0.10764100000000001,0.132622,139665.593321,Q3795374
320,20233618,Thoppil Bhasi,9,4.0,25.0,0.086528,0.116684,21987.0,Q7796018
321,2241232,Murder in Mesopotamia,49,3.0,26.0,0.076986,0.083353,32964.0,Q642911
322,18613626,Boi-1da,44,3.0,27.0,0.08302799999999999,0.092352,5499.0,Q2669601
323,211540,USS Vincennes (CG-49),5,5.0,22.0,0.12153599999999999,0.164744,5509.7788789999995,Q385541
324,11262088,List of presidents of the United States by age,5,29.0,21.0,0.13208499999999998,0.18374200000000002,1216.3971980000001,Q3099823
325,4102590,Alexander Tettey,28,3.0,31.0,0.064085,0.075571,0.0,Q714282
326,11994,Destroy All Monsters,32,21.0,26.0,0.077792,0.087013,269.575468,Q1444720
327,504454,"F. E. Smith, 1st Earl of Birkenhead",43,3.0,22.0,0.10786400000000002,0.12696400000000002,130123.190502,Q333683
328,40186190,Pradhanmantri,8,3.0,25.0,0.086592,0.117772,7220.859486,Q15030932
329,129490,"Mentor, Ohio",4,1.0,25.0,0.092829,0.107723,0.0,Q543780
330,57221912,Leader of the Christian Democratic Union,54,3.0,23.0,0.09490599999999999,0.104525,0.333333,Q58905315
331,5616588,Richie Woodhall,5,1.0,24.0,0.09565900000000001,0.11053699999999998,0.0,Q3431458
332,3546126,Richard Wilkins (TV presenter),17,2.0,37.0,0.044222000000000004,0.046972,0.0,Q7329977
333,30128594,Ambah (Vidhan Sabha constituency),8,10.0,25.0,0.08782000000000001,0.119922,0.0,Q4740949
334,5815788,Otto Kruger,3,5.0,24.0,0.091415,0.10204099999999999,57434.925346,Q204013
335,3500202,Civil War (comics),11,17.0,29.0,0.06765299999999999,0.076471,68056.78085,Q726495
336,5999658,"Strasburg, Germany",54,3.0,22.0,0.102257,0.114649,0.0,Q565624
337,650914,Tina Charles (singer),22,1.0,26.0,0.083402,0.089713,0.0,Q261365
338,17354656,Damson Park,28,5.0,32.0,0.062469000000000004,0.073702,20.847866,Q5212976
339,51528532,Dennis Man,48,1.0,29.0,0.072068,0.082834,0.0,Q26821326
340,1614604,"Núñez, Buenos Aires",41,2.0,27.0,0.082814,0.094774,61.952369999999995,Q2007015
341,18159852,Floyd Ayité,28,7.0,28.0,0.080583,0.098156,7925.118874,Q218730
342,1901976,Dreamstyle Stadium,26,9.0,24.0,0.1073,0.130098,85825.765793,Q936242
343,39950554,Lucas Melano,33,2.0,26.0,0.091915,0.106799,0.0,Q3560220
344,13034896,Larrys Mabiala,33,4.0,27.0,0.084638,0.09704,1.0740610000000002,Q922393
345,77770,Sky Group,43,8.0,22.0,0.11389500000000001,0.13084500000000002,483514.735138,Q918390
346,1537662,Bruce Rioch,28,3.0,34.0,0.055294,0.061516999999999995,5499.0,Q373052
347,2446720,Stampede Wrestling,46,11.0,28.0,0.06632300000000001,0.073938,8.0,Q1189642
348,7487544,José Díaz-Balart,5,2.0,23.0,0.112647,0.140781,16.749223,Q9013810
349,3512750,List of constituencies of the Lok Sabha,8,29.0,26.0,0.083134,0.11427899999999999,7053.749519,Q3429959
350,2561338,Harmony in My Head,22,24.0,31.0,0.062,0.069755,0.0,Q5659633
351,166474,Fermi (disambiguation),50,2.0,24.0,0.08583400000000001,0.096072,0.0,Q225915
352,3052004,Steve Owens (American football),20,23.0,22.0,0.10806099999999999,0.134606,5504.754155,Q7613529
353,556378,Irene Hervey,4,2.0,30.0,0.06129,0.065366,5499.0,Q531339
354,3445890,Nancy Wilson/Cannonball Adderley,49,9.0,25.0,0.08275,0.09186799999999999,0.0,Q6963082
355,3182072,Mervyn S. Bennion,3,2.0,21.0,0.11383900000000001,0.141521,34286.97758,Q552630
356,1217566,Strasbourg Cathedral,54,7.0,22.0,0.102274,0.11513399999999999,2.916667,Q745460
357,13346488,Twenty Million Sweethearts,35,2.0,29.0,0.068048,0.072449,5499.0,Q12129881
358,28352026,Oliver Norwood,28,8.0,29.0,0.072625,0.089398,28842.939,Q920425
359,33793722,Amel Majri,23,12.0,31.0,0.063047,0.073867,0.583333,Q2733405
360,57509476,2019 Odisha Legislative Assembly election,8,20.0,25.0,0.086626,0.119529,234.863084,Q55388426
361,1109114,Planetary geology,30,2.0,26.0,0.085962,0.09772,0.0,Q751439
362,53096552,Isaac Nauta,26,1.0,28.0,0.080385,0.09099299999999999,0.0,Q28673789
363,2640146,The Shiralee (1957 film),49,2.0,26.0,0.080126,0.087556,8088.563440000001,Q7763858
364,744522,Alex Webster,15,14.0,29.0,0.061992,0.067865,0.0,Q201716
365,235314,Polytechnique Montréal,30,4.0,23.0,0.108749,0.131786,31328.874180000003,Q273619
366,3920128,Kausia,25,1.0,26.0,0.08330800000000001,0.09324199999999999,0.0,Q525651
367,572188,Sports Illustrated Sportsperson of the Year,21,2.0,26.0,0.071412,0.07614,5499.0,Q1653207
368,867306,Stonyhurst College,4,1.0,27.0,0.074853,0.08176699999999999,0.0,Q2274271
369,643298,Elstree,43,2.0,22.0,0.109385,0.123511,50817.025009,Q19931
370,25159612,Mohamed Abdulrahman,41,3.0,28.0,0.08164500000000001,0.097997,628.267719,Q3860127
371,47092196,Shimron Hetmyer,17,2.0,29.0,0.068096,0.077141,5499.0,Q20631208
372,9753416,Antonio McKee,4,3.0,23.0,0.09781799999999999,0.11214400000000001,121055.582824,Q4776797
373,50447052,Vicente Luque,0,2.0,28.0,0.078182,0.08791900000000001,0.0,Q24053947
374,3611138,River City Relay,20,2.0,25.0,0.098062,0.11636800000000001,0.0,Q7337258
375,11441280,James Earl Carter Sr.,5,17.0,22.0,0.121754,0.162858,18.145749,Q6133272
376,57717982,All Day Long (Garth Brooks song),18,20.0,26.0,0.080975,0.093513,260.6559,Q55158531
377,856102,Adam Garcia,22,1.0,28.0,0.075892,0.08251499999999999,0.0,Q349488
378,145646,Paul Lukas,3,4.0,24.0,0.097381,0.114721,15102.666086000001,Q182057
379,22711666,Sarah Kaufman,0,3.0,29.0,0.072522,0.080011,5499.5,Q2060995
380,761512,New Madrid Seismic Zone,52,5.0,23.0,0.10861199999999999,0.136026,38547.702977,Q3575947
381,47376142,Carlos González Espínola,41,3.0,27.0,0.082195,0.09562899999999999,0.0,Q16543245
382,41308326,2014 elections in India,8,49.0,25.0,0.086711,0.12316500000000001,1119.225962,Q15410145
383,1035366,British Rail Class 423,35,2.0,25.0,0.083867,0.09143,0.0,Q4970807
384,7063324,Newton Earp,16,2.0,24.0,0.089435,0.10207100000000001,0.0,Q7020219
385,17723958,Beauty for Sale,3,3.0,25.0,0.08377000000000001,0.091672,21987.0,Q4877938
386,54434074,Khalil Rountree Jr.,0,2.0,28.0,0.078183,0.087949,0.0,Q31270277
387,30551644,2011 Wisconsin Badgers football team,26,8.0,25.0,0.106564,0.131549,39450.259578,Q4622894
388,53804334,Bhopal Madhya (Vidhan Sabha constituency),8,4.0,25.0,0.08781,0.11934700000000001,0.0,Q30717000
389,4691838,Terry Smith (football),28,2.0,33.0,0.059065,0.067569,328.261524,Q7705023
390,38840044,Family of Secrets,5,55.0,22.0,0.125835,0.173966,535.8152610000001,Q16156115
391,38904164,Heather Childers,21,4.0,24.0,0.096067,0.111594,11314.626494,Q16198110
392,651934,Anti-incumbency,8,2.0,26.0,0.079815,0.101399,0.0,Q4774382
393,6994608,Concordia University massacre,30,1.0,26.0,0.082015,0.090627,0.0,Q3541871
394,17435434,Venus Raj,47,2.0,31.0,0.062951,0.06897400000000001,0.0,Q734362
395,44275912,Michael Alsbury,42,14.0,29.0,0.062484000000000005,0.071061,9.458242,Q18420502
396,676484,Monitor (comics),11,7.0,34.0,0.050662,0.055122000000000004,21971.75,Q3543698
397,56317784,Olasunkanmi Adeniyi,4,5.0,24.0,0.093176,0.10913900000000001,0.0,Q47429181
398,1241754,Luxembourg in the Eurovision Song Contest,25,22.0,24.0,0.099927,0.120585,12.033874,Q730471
399,49053650,Joe Worrall (footballer),28,1.0,32.0,0.060198,0.06705,0.0,Q22087181
400,3677818,Tempest Storm,49,2.0,34.0,0.046508999999999995,0.049316000000000006,5499.0,Q276621
401,58034294,2018 Armed Forces Bowl,26,12.0,25.0,0.10062,0.122128,8.925592,Q56062883
402,11592914,Venetia Stevenson,49,6.0,32.0,0.051276999999999996,0.05585,49449.0,Q7919721
403,36109442,Leslie Jones (comedian),4,1.0,23.0,0.109507,0.136928,0.0,Q6530936
404,57447798,Sidhi (Vidhan Sabha constituency),8,2.0,26.0,0.08290700000000001,0.107804,0.0,Q54245096
405,631716,Mister Miracle,11,4.0,31.0,0.059677999999999995,0.06577100000000001,147771.0,Q2365204
406,21221640,Xzibit,32,3.0,27.0,0.077342,0.08354500000000001,10996.0,Q189078
407,5276276,Salish Sea,16,1.0,25.0,0.082148,0.091697,0.0,Q2097617
408,10471624,Margaret Mountford,43,2.0,22.0,0.103172,0.1159,0.0,Q6759746
409,53688146,Anthony Atamanuik,21,2.0,24.0,0.09047999999999999,0.101904,5499.0,Q29588878
410,658626,Frederick W. Sturckow,42,12.0,29.0,0.062447,0.07051900000000001,1.7,Q706978
411,7451718,Angelo Mathews,17,2.0,32.0,0.056736,0.062340999999999994,65856.0,Q3531300
412,12247268,Adrián Aldrete,41,10.0,26.0,0.089321,0.107305,27449.632094999997,Q377714
413,16365014,Bush–Davis–Walker family political line,5,40.0,22.0,0.125419,0.170629,793.157706,Q5001629
414,42907450,Australia in the Eurovision Song Contest,25,10.0,25.0,0.092425,0.107874,10998.693084999999,Q12713601
415,54727972,Harmeet Dhillon,5,2.0,21.0,0.123073,0.156802,5499.0,Q34413987
416,3594724,Home Depot Coach of the Year Award,26,10.0,24.0,0.099609,0.121716,12330.563979,Q5888318
417,48749572,2016 Citrus Bowl (January),26,7.0,25.0,0.10003300000000001,0.121347,595.685658,Q22022104
418,17349356,2014 Indian general election,8,101.0,25.0,0.088062,0.130232,37274.878935,Q3587169
419,48577410,Shooting of Jamar Clark,5,1.0,24.0,0.101654,0.121431,0.0,Q22022106
420,3207172,Malcolm Smith (artist),36,2.0,24.0,0.09615900000000001,0.11220799999999999,0.0,Q6742637
421,55415258,"Bùi Tiến Dũng (footballer, born 1997)",41,2.0,31.0,0.06665800000000001,0.075179,0.0,Q30025810
422,1666590,Natural England,53,4.0,24.0,0.095929,0.11235999999999999,2.5,Q1699627
423,9595134,Lance Moore,4,2.0,25.0,0.09694900000000001,0.114053,163.092807,Q542422
424,50049170,2017 Sugar Bowl,26,7.0,25.0,0.101092,0.123052,5749.50709,Q24260995
425,41599614,Pablo Felipe Teixeira,41,1.0,28.0,0.07628099999999999,0.085875,0.0,Q15831136
426,4136278,Sunday NFL Countdown,4,10.0,25.0,0.10029199999999999,0.12083699999999999,9845.221027,Q7639480
427,15602282,Birthday effect,46,1.0,28.0,0.066315,0.073028,0.0,Q25047688
428,195070,Hamilton Fish III,3,2.0,23.0,0.094466,0.108944,5499.0,Q1573501
429,30983922,Malhara (Vidhan Sabha constituency),8,14.0,25.0,0.087845,0.12069500000000001,41.174976,Q6743239
430,25847434,2010 San Diego Chargers season,4,17.0,24.0,0.107706,0.133298,9667.479421,Q4618320
431,41940244,Peg Dixon,11,1.0,30.0,0.063334,0.06867100000000001,0.0,Q3374208
432,26896828,Linval Joseph,4,3.0,26.0,0.09489,0.11658699999999998,8800.350411,Q3833138
433,135942,"Denison, Texas",5,5.0,22.0,0.118726,0.153246,6417.275638,Q534669
434,943522,Magda Lupescu,5,1.0,23.0,0.105617,0.126903,0.0,Q434493
435,7229236,2005 Green Bay Packers season,4,12.0,24.0,0.11012100000000001,0.136074,11992.08678,Q4604362
436,56795904,Deandre Baker,26,3.0,24.0,0.093122,0.10956099999999999,3828.8528200000005,Q50379287
437,1798838,Cassin Young,3,1.0,23.0,0.095385,0.11033299999999999,0.0,Q63451
438,10917424,Bhupesh Baghel,8,26.0,25.0,0.087848,0.121498,2005.748163,Q4902181
439,824196,Red Guardian,11,3.0,29.0,0.06757300000000001,0.074273,0.0,Q2298436
440,868762,Virginia Bruce,3,2.0,26.0,0.081708,0.091471,27475.0,Q242462
441,52558744,Taylor Rapp,26,5.0,24.0,0.105249,0.12767,29391.651014999996,Q27995803
442,4073836,Cheteshwar Pujara,17,5.0,29.0,0.068274,0.07861699999999999,191363.0,Q142613
443,1466074,Nile Kinnick,20,27.0,22.0,0.11066,0.138416,89581.74231799999,Q321573
444,2635162,Government cheese,5,1.0,22.0,0.12004000000000001,0.156807,0.0,Q5589145
445,22656960,Gordon Anderson (director),46,1.0,29.0,0.0623,0.067723,0.0,Q5584800
446,1643492,Cosmic latte,56,1.0,25.0,0.080449,0.089864,0.0,Q2510690
447,318450,Leopold Kronecker,56,1.0,24.0,0.087102,0.098208,0.0,Q76410
448,9053426,1999 Indian general election,8,46.0,25.0,0.086681,0.122332,51.704934,Q10968265
449,35815542,Amy Kremer,21,1.0,23.0,0.10482999999999999,0.12451400000000001,0.0,Q4749272
450,54142384,Miles Robinson (soccer),33,21.0,26.0,0.09866,0.11910499999999999,61789.562064,Q30122953
451,1949968,Sprint football,20,4.0,22.0,0.124221,0.163899,111269.45122799999,Q7581310
452,11321282,Taina Elg,49,3.0,23.0,0.103879,0.123946,173010.088302,Q276179
453,20535226,Jerry Hughes,4,4.0,25.0,0.09979500000000001,0.122494,6572.183617000001,Q964378
454,4831824,Andre Marriner,28,2.0,30.0,0.07081699999999999,0.085126,20825.943483000003,Q742755
455,10286068,Jim Boylen,34,8.0,26.0,0.084865,0.097461,135025.775225,Q3178740
456,993926,Lauren Bush,5,45.0,22.0,0.12650899999999998,0.17410899999999999,14057.377386000002,Q456169
457,20270160,Pacific Warriors,4,1.0,25.0,0.096434,0.112292,0.0,Q7122761
458,239528,Independent Labour Party,43,2.0,24.0,0.08575,0.092989,5499.0,Q1507913
459,49212546,2016 Old Iliamna earthquake,52,10.0,22.0,0.11150999999999998,0.137744,135.943773,Q22273718
460,45342868,Darrel Williams,4,3.0,24.0,0.1073,0.129637,0.0,Q19578250
461,2468316,Trevor Ariza,34,4.0,26.0,0.081686,0.091651,16493.0,Q358108
462,44318968,2018 Florida gubernatorial election,21,6.0,22.0,0.106804,0.125493,18313.172124,Q25021343
463,48388068,MLS Cup 2016,33,17.0,25.0,0.095441,0.11476800000000001,17013.460028999998,Q27947813
464,1555356,Herb Jeffries,49,1.0,35.0,0.044443,0.046725,0.0,Q126958
465,1457722,FoxTrax,0,7.0,25.0,0.10534400000000001,0.127147,62552.093216999994,Q5476541
466,726604,Social hygiene movement,27,46.0,22.0,0.104874,0.127598,94.19211800000001,Q3326551
467,8141894,Chris Wilder,28,9.0,30.0,0.068998,0.085034,13590.374274000002,Q5108471
468,32789150,Jonny Williams,28,3.0,29.0,0.073502,0.08926100000000001,17792.88523,Q2066985
469,4948,Banacek,46,1.0,27.0,0.070995,0.07906200000000001,0.0,Q2071571
470,10233208,Jennifer Griffin,5,1.0,22.0,0.109588,0.131105,0.0,Q4149763
471,23932028,Ohio State–Penn State football rivalry,26,4.0,24.0,0.108261,0.135047,76168.646449,Q7080975
472,271812,National unity government,43,2.0,26.0,0.078691,0.090806,3585.2322950000002,Q327922
473,1992924,Russia in the Eurovision Song Contest,25,37.0,24.0,0.09994700000000001,0.121906,2.717436,Q221295
474,976658,Tim Burgess (musician),22,2.0,27.0,0.081716,0.089321,281319.35156,Q2433840
475,31383664,Rashid Magomedov,0,1.0,28.0,0.078109,0.08659700000000001,0.0,Q4274176
476,600,Andorra,41,5.0,23.0,0.104234,0.120154,1178704.466357,Q228
477,8775910,Winston Moss,4,1.0,26.0,0.09398,0.11315499999999999,0.0,Q3569390
478,616598,Josef Masopust,28,10.0,29.0,0.07194600000000001,0.08758200000000001,80051.980027,Q223158
479,58946936,2021 UEFA European Under-21 Championship,48,3.0,28.0,0.076777,0.091292,5499.0,Q59338085
480,2860962,Susan Page,5,2.0,21.0,0.12456400000000001,0.161925,0.0,Q7648265
481,413430,Jan Oort,42,1.0,32.0,0.052672000000000004,0.057260000000000005,0.0,Q309861
482,3827574,Michael A. Hoffman II,21,2.0,22.0,0.10524100000000002,0.12114100000000001,0.0,Q3307979
483,30876210,Conversion (gridiron football),20,10.0,24.0,0.108678,0.135562,44074.372756,Q2603777
484,247290,Marcel Petiot,16,1.0,27.0,0.070589,0.076864,0.0,Q706812
485,1272120,Will Clark,0,2.0,26.0,0.091007,0.10230800000000001,3.181818,Q3568281
486,31809854,Law of Hlothhere and Eadric,53,7.0,31.0,0.057645,0.063025,2.016667,Q6503396
487,5653960,1971–72 UEFA Cup,28,2.0,29.0,0.07181599999999999,0.085396,10510.925835,Q726709
488,4576118,Western Conference (NHL),0,8.0,27.0,0.085361,0.099622,2143.304042,Q834457
489,1999844,Davey Boy Smith Jr.,46,9.0,28.0,0.066322,0.07375599999999999,0.0,Q379471
490,3091570,Brian Dowling (American football),5,1.0,23.0,0.110595,0.136483,0.0,Q4963602
491,5370,Category of being,55,5.0,26.0,0.074513,0.08204199999999999,30218.0,Q714737
492,236104,Imperial Japanese Navy,3,16.0,23.0,0.10256400000000002,0.12318,215565.716921,Q219712
493,1747266,Follow That Dream,14,2.0,27.0,0.07829,0.08605299999999999,5499.0,Q1953523
494,1162310,Jim Costa,21,21.0,21.0,0.116395,0.141465,414202.80849,Q675869
495,49310124,A. J. McKee,4,2.0,24.0,0.089629,0.10102699999999999,48012.397662999996,Q23008208
496,1404044,Darren Carter,28,1.0,32.0,0.062376999999999995,0.072423,0.0,Q5224831
497,360448,Bush family,5,100.0,22.0,0.127788,0.18375,21465.484419999997,Q2743830
498,1558004,WJBK,0,8.0,24.0,0.112728,0.138678,75063.454448,Q3564701
499,29588460,Diego Chará,33,10.0,26.0,0.092435,0.11036199999999999,15897.818652000002,Q2467202
500,1065730,Vaccine trial,27,48.0,22.0,0.10488399999999999,0.127871,18762.509489,Q7907956
501,30284,Statistical hypothesis testing,56,101.0,22.0,0.105358,0.133639,650004.125416,Q210832
502,8182,Dwight D. Eisenhower,5,87.0,21.0,0.13413,0.193881,582880.59676,Q9916
503,22956970,Callum McManaman,28,1.0,29.0,0.073338,0.087808,0.0,Q113561
504,17286344,Page Miss Glory (1935 film),35,2.0,28.0,0.072421,0.07758,0.0,Q7124254
505,3268292,Roy Barraclough,49,1.0,27.0,0.074764,0.079778,0.0,Q7372548
506,47520290,Shipmates Forever,4,7.0,27.0,0.07507799999999999,0.083104,59499.0,Q2843555
507,57174216,Jarred Kelenic,0,2.0,24.0,0.102009,0.119101,0.0,Q52008335
508,41668174,Allola Indrakaran Reddy,8,9.0,25.0,0.086592,0.11832000000000001,5778.077457,Q15709482
509,51959184,Zach Cunningham,4,4.0,25.0,0.100969,0.121748,5371.051672,Q27662843
510,2524124,CBS News Sunday Morning,5,5.0,23.0,0.11253699999999998,0.14128,6886.080249,Q5009252
511,3228398,Zemu Glacier,8,1.0,27.0,0.076407,0.090915,0.0,Q2594853
512,1780840,Bullis School,20,1.0,22.0,0.11103299999999999,0.138192,0.0,Q4996949
513,20614534,List of Army–Navy Game broadcasters,20,1.0,23.0,0.103255,0.124697,0.0,Q11811823
514,24090330,Tom Reed (politician),21,11.0,21.0,0.115772,0.13984100000000002,8224.300681,Q2440035
515,17353104,Miss Universe Albania,47,8.0,30.0,0.067179,0.075539,2212.046206,Q2973791
516,58834328,Braden Mann,26,3.0,23.0,0.09879500000000001,0.119038,8253.612068999999,Q57586344
517,475882,Samuel K. Skinner,5,21.0,22.0,0.121946,0.16722,3002.4127780000003,Q464774
518,13183548,Simon Kirby,43,3.0,22.0,0.10495399999999999,0.119777,4856.717753,Q750228
519,1486994,Leon Hart,20,23.0,22.0,0.10806099999999999,0.134606,19.422777,Q1818883
520,52026052,"List of mayors of Little Rock, Arkansas",5,2.0,23.0,0.107983,0.129849,5499.0,Q27916968
521,40842500,Dudu (Rajasthan Assembly constituency),8,6.0,25.0,0.086579,0.117844,0.8650950000000001,Q17052120
522,5306856,Tom Watt (actor),43,2.0,26.0,0.079766,0.08516599999999999,0.0,Q15490192
523,16326880,Bakari Sellers,21,4.0,23.0,0.113475,0.142184,72.110662,Q4849014
524,1969248,Nexstar Media Group,6,3.0,22.0,0.113201,0.13743,2749.5,Q7020906
525,58083412,Ysabel Bisnath,47,9.0,32.0,0.059275,0.065544,10.813505000000001,Q56043498
526,50089214,Asmi Shrestha,47,1.0,32.0,0.05924600000000001,0.064247,0.0,Q23765629
527,816864,Rod Liddle,43,1.0,22.0,0.10463399999999999,0.11895399999999999,0.0,Q7356281
528,677936,Cramton Bowl,26,3.0,25.0,0.099742,0.118077,31.543671999999997,Q5181871
529,1545652,Edward M. Burke,5,1.0,21.0,0.12306700000000001,0.156681,0.0,Q5344252
530,25160814,Iván Marcone,41,4.0,27.0,0.085534,0.101031,252.655321,Q5408414
531,3575334,VMGR-152,20,5.0,23.0,0.111073,0.13777,37079.383507,Q7907255
532,32923222,Christian Atsu,28,4.0,28.0,0.078919,0.091081,54834.825084000004,Q919182
533,177756,Ann Harding,35,3.0,31.0,0.053657,0.056662,10997.0,Q270390
534,22324534,List of Miami Dolphins broadcasters,4,4.0,23.0,0.10662999999999999,0.128726,7195.865783,Q16211713
535,5416722,Guy Branum,16,1.0,27.0,0.070589,0.076864,0.0,Q5622119
536,1457212,Lord Speaker,43,18.0,22.0,0.10591400000000001,0.129847,114021.847721,Q1449039
537,13719052,Ted Deutch,21,18.0,21.0,0.118627,0.145,44826.64486,Q245724
538,19827626,Kevin Maguire (journalist),43,2.0,21.0,0.11670799999999999,0.137257,8239.879097,Q6396833
539,28257190,Christina Bennett Lind,5,1.0,23.0,0.107579,0.132805,0.0,Q5110747
540,23993210,Adam Matthews,28,3.0,29.0,0.073549,0.089668,14175.169006999999,Q350383
541,1855342,Historical rankings of presidents of the United States,5,29.0,21.0,0.132107,0.183412,1198.267617,Q3243931
542,22586948,Persona (series),36,7.0,25.0,0.081959,0.091842,17657.629095,Q1083352
543,142792,Lewis Stone,4,2.0,28.0,0.06984299999999999,0.076004,21984.0,Q457220
544,56233872,Living vice presidents of the United States,5,20.0,22.0,0.12305899999999999,0.169655,233.641427,Q60740651
545,183832,Jeanne Crain,35,3.0,25.0,0.08513,0.09502100000000001,10996.0,Q238032
546,23472782,Tom Emmer,21,17.0,21.0,0.110903,0.131,73751.747039,Q7815723
547,43930316,Reeza Hendricks,17,1.0,36.0,0.046242,0.048921,0.0,Q18125532
548,3680736,Born to Dance,3,3.0,27.0,0.075545,0.08324,21987.0,Q229547
549,51567220,Mouctar Diakhaby,48,6.0,29.0,0.072607,0.08651299999999999,25915.36005,Q26897360
550,30871308,Greco-Bactrian Kingdom,21,6.0,24.0,0.088724,0.100836,25416.124161,Q488880
551,21142246,Ani*Kuri15,36,1.0,26.0,0.075749,0.082597,0.0,Q2580218
552,50617866,2017 Gujarat Legislative Assembly election,8,51.0,25.0,0.08668200000000001,0.12261400000000001,319.56400299999996,Q24952221
553,12135384,Sal Zizzo,33,3.0,26.0,0.096713,0.112942,0.0,Q749354
554,7445618,Mario Gómez,41,1.0,29.0,0.075795,0.087363,0.0,Q45766
555,1180892,Dorothy Bush Koch,5,73.0,22.0,0.125864,0.175472,3879.774121,Q3305438
556,20063612,Evisceration Plague,15,14.0,29.0,0.061992,0.067865,0.0,Q520715
557,3716250,Chris Mortensen,4,2.0,26.0,0.091153,0.10526600000000001,0.0,Q5107516
558,52016268,History of Strasbourg,54,9.0,22.0,0.104648,0.118289,1485.47722,Q3136816
559,55830512,2017 Celebration Bowl,26,3.0,24.0,0.098598,0.113283,0.333333,Q48841101
560,2866236,Sandy Hume,5,2.0,23.0,0.112594,0.14088900000000001,0.0,Q7417309
561,412678,Rick Larsen,21,10.0,21.0,0.11529400000000001,0.139105,5219.735685000001,Q503529
562,816426,Claus Spreckels,39,2.0,24.0,0.095699,0.110952,0.0,Q214228
563,2370304,Thiruperumbudur,8,1.0,26.0,0.08164500000000001,0.10486500000000001,0.0,Q2547993
564,58696466,Kopa Trophy,28,1.0,30.0,0.067231,0.078877,0.0,Q57083219
565,6338954,Hildegarde Withers,35,3.0,27.0,0.068271,0.073725,10996.0,Q3077128
566,58552816,Nahuel Gallardo,41,15.0,27.0,0.08427799999999999,0.101539,24.863164,Q42407980
567,143834,The Boys from Brazil (film),35,2.0,25.0,0.088487,0.099061,0.0,Q464111
568,43731120,Daniel Sorensen,4,8.0,24.0,0.111199,0.13807,7776.16095,Q18158206
569,2413176,Susie Blake,49,5.0,25.0,0.087895,0.096416,49428.5,Q7649006
570,41649404,Udaipurwati (Rajasthan Assembly constituency),8,5.0,26.0,0.08527699999999999,0.11449000000000001,0.8650950000000001,Q15645256
571,450898,"Leigh, Greater Manchester",22,1.0,32.0,0.058388,0.06350900000000001,0.0,Q2588021
572,163220,Golden Globe Award for Best Television Series – Drama,44,6.0,26.0,0.083131,0.093261,0.0,Q1255198
573,38797348,Maximiliano Urruti,33,4.0,26.0,0.09224500000000001,0.108492,17.865985000000002,Q3853122
574,42605702,Digby Tatham-Warter,25,3.0,26.0,0.083317,0.093545,16491.0,Q16750156
575,44049936,Michel I Government,54,7.0,22.0,0.105189,0.117776,0.0,Q18196354
576,56873772,Alya Nurshabrina,47,9.0,32.0,0.059273,0.065554,44.56382,Q50759989
577,1149330,Edna May Oliver,35,3.0,26.0,0.07325599999999999,0.079836,87744.0,Q242548
578,2711998,Jerry Paris,49,5.0,31.0,0.054039,0.05926,104237.0,Q1381411
579,10968184,William Gay (cornerback),4,10.0,24.0,0.104058,0.129581,11542.983882999999,Q8009737
580,1056430,Jonathan Bush,5,62.0,22.0,0.12575699999999998,0.17398,741.610422,Q1703111
581,18836222,Wilson Ramos,0,5.0,26.0,0.089676,0.102556,13819.848931,Q730395
582,14347820,Octavio Meyran,0,2.0,25.0,0.088827,0.099361,0.0,Q768980
583,16166136,David Schweikert,21,11.0,22.0,0.12035499999999999,0.155092,36823.588758,Q1176561
584,44018180,Man Against Machine,18,31.0,26.0,0.08098999999999999,0.09454299999999999,5700.95575,Q18177179
585,2027854,Dave Silk,21,2.0,25.0,0.0769,0.082868,10996.0,Q1173342
586,4826328,List of oldest living Major League Baseball players,0,4.0,23.0,0.11668599999999998,0.147611,10996.0,Q11722299
587,25968382,Heroic Age (comics),11,8.0,29.0,0.067613,0.075153,1.005013,Q4040601
588,2292748,They Do It with Mirrors,49,2.0,29.0,0.062557,0.065977,10996.0,Q568210
589,46799090,Jake Layman,34,2.0,30.0,0.063442,0.06868400000000001,10996.0,Q20711278
590,18662226,Boxing at the 2008 Summer Olympics – Heavyweight,0,2.0,28.0,0.071185,0.077673,0.0,Q675266
591,25977670,Bryan Oviedo,28,4.0,29.0,0.075999,0.09205,16493.0,Q325997
592,44380776,2015 Kansas City Chiefs season,4,25.0,24.0,0.113276,0.147179,106602.528424,Q18702287
593,394816,George Preston Marshall,4,4.0,24.0,0.10820999999999999,0.13250499999999998,0.0,Q3032368
594,2378500,Bird (1988 film),46,4.0,28.0,0.06650299999999999,0.07445399999999999,5499.0,Q865056
595,46946424,James Pazos,0,3.0,24.0,0.10206699999999999,0.119617,0.0,Q20936781
596,19320,Mebyon Kernow,43,8.0,23.0,0.10326099999999999,0.123707,15256.670446,Q161957
597,12211762,A. Q. Shipley,26,2.0,25.0,0.08926100000000001,0.103723,0.0,Q4648273
598,2142996,Fiona Phillips,43,1.0,21.0,0.115027,0.133709,0.0,Q5063101
599,11598774,Marty Allen,46,2.0,27.0,0.070997,0.079183,2702.833333,Q6777353
600,24197892,Hybrid Broadcast Broadband TV,43,1.0,24.0,0.092778,0.100913,0.0,Q1568577
601,47768816,Stephanie A. Gallagher,5,1.0,21.0,0.12306700000000001,0.156681,0.0,Q21066772
602,27284572,Nadhim Zahawi,5,2.0,21.0,0.123824,0.15993800000000002,3020.4929420000003,Q259361
603,2144408,Backyard Brawl,26,3.0,26.0,0.091054,0.106227,1460.743021,Q798560
604,9880750,United States Naval Forces Central Command,5,3.0,23.0,0.1068,0.13034500000000002,0.333333,Q3684018
605,56822470,Tanner Rainey,0,1.0,27.0,0.082273,0.091261,0.0,Q50414135
606,37722272,Peter Handscomb,17,3.0,31.0,0.060099,0.06664199999999999,2.0,Q7174504
607,51697410,Fyodor Chalov,48,7.0,28.0,0.077316,0.091057,38451.0,Q27049164
608,41383194,Lucas Olaza,41,1.0,27.0,0.083011,0.09582,0.0,Q15117644
609,2236910,Khaw Boon Wan,21,1.0,24.0,0.082179,0.091864,0.0,Q4354964
610,57354058,Stewart Donald,28,3.0,29.0,0.073369,0.08825,5921.740205,Q52753686
611,17579138,Alternative versions of the Green Goblin,11,4.0,31.0,0.059577,0.064252,643.328127,Q4736597
612,12393992,K. Keshava Rao,8,2.0,25.0,0.086543,0.116896,0.0,Q6323500
613,50539090,Gongidi Suntiha Mahender Reddy,8,2.0,25.0,0.086543,0.116896,0.0,Q24263602
614,4994998,Free (ISP),12,2.0,28.0,0.071269,0.084209,5499.0,Q2467627
615,2577026,Bradamante,43,4.0,24.0,0.086103,0.095084,8247.5,Q1163427
616,37892328,Yellareddy (Assembly constituency),19,18.0,25.0,0.086629,0.11967799999999999,1081.292174,Q8051565
617,205540,List of meteor showers,42,7.0,32.0,0.052675,0.057793,5125.7,Q828027
618,7119804,Blonde Crazy,49,2.0,29.0,0.0666,0.07095800000000001,5499.0,Q3821468
619,41569462,Marcus Smith II,4,1.0,26.0,0.08154199999999999,0.091236,0.0,Q16235030
620,5811528,Corinaldo,3,3.0,25.0,0.085129,0.095704,5497.0,Q123965
621,7906,Destry Rides Again,4,1.0,31.0,0.057751,0.061028,0.0,Q607524
622,2438356,"New Town, Edinburgh",24,22.0,22.0,0.104996,0.125447,77869.04363,Q590710
623,36702500,Ivan Cavaleiro,28,7.0,28.0,0.081707,0.102284,181762.752897,Q6096043
624,20129520,Valentin Prokopov,7,3.0,23.0,0.10941600000000001,0.132601,0.0,Q2340271
625,8016306,Jordan Raskopoulos,25,1.0,26.0,0.084606,0.095054,0.0,Q12955895
626,10705194,Gerald Harris (fighter),0,3.0,28.0,0.078187,0.088116,16493.0,Q5549222
627,53899152,Daeshon Hall,26,3.0,25.0,0.093783,0.10993499999999999,0.0,Q29582873
628,55695438,Anne Finucane,5,2.0,23.0,0.109713,0.13623,28.898155,Q42571366
629,993430,Bob Martinez,5,21.0,22.0,0.12288900000000001,0.169249,14421.186536000001,Q362969
630,46852028,Dave Johns,22,2.0,28.0,0.075976,0.083597,218400.0,Q20684254
631,5763792,Epic in Miami,4,5.0,24.0,0.10055599999999999,0.121278,5184.982986999999,Q5382472
632,56359838,Lewis Ferguson,28,4.0,29.0,0.07194600000000001,0.087074,0.0,Q47467341
633,1132196,Chiba Lotte Marines,0,1.0,27.0,0.07664299999999999,0.082495,0.0,Q484151
634,20124254,Packers Radio Network,4,11.0,24.0,0.110214,0.136521,35441.87549,Q7122982
635,2638000,Shane Matthews,20,5.0,23.0,0.10374000000000001,0.126887,279.59152,Q4309938
636,31951080,Baroka F.C.,28,3.0,31.0,0.063976,0.072348,2749.0,Q4862073
637,35413066,Andreas Cornelius,28,4.0,31.0,0.063563,0.07428799999999999,16493.0,Q84077
638,12396808,PlayStation Theater,20,1.0,24.0,0.090614,0.10314000000000001,0.0,Q4896607
639,36746576,Men in Exile,4,2.0,29.0,0.065289,0.070233,16491.0,Q6816261
640,57406758,Dogs of Berlin,50,9.0,28.0,0.064144,0.070324,131490.25,Q47087923
641,43589266,Xande Silva,48,1.0,29.0,0.071668,0.08224,0.0,Q18128074
642,149330,Bharatiya Janata Party,8,262.0,25.0,0.08917699999999999,0.14658800000000002,167618.165042,Q10230
643,5158298,Metalist Oblast Sports Complex,48,2.0,29.0,0.072658,0.08615199999999999,0.0,Q3585
644,489962,11 Downing Street,43,1.0,24.0,0.094064,0.107022,0.0,Q2403633
645,841464,Basin Reserve,17,3.0,27.0,0.07890499999999999,0.09616,213017.0,Q4867501
646,17002786,List of earthquakes in the United States,52,12.0,22.0,0.115248,0.1442,512.924887,Q6617623
647,56312680,2018 Temple Owls football team,26,8.0,24.0,0.098763,0.119808,20072.551707,Q48851285
648,5860780,Ralph Norman,21,11.0,22.0,0.10800000000000001,0.127749,11647.788831,Q7287914
649,45198244,Three UK,21,4.0,24.0,0.082191,0.092304,0.666667,Q19840922
650,822342,British South Africa Company,16,5.0,25.0,0.08211900000000001,0.09215,0.0,Q918320
651,34322704,Bo Levi Mitchell,0,1.0,30.0,0.068557,0.074538,0.0,Q4931121
652,49163138,Joe Harasymiak,26,2.0,24.0,0.101006,0.11535899999999999,5683.541999,Q22278123
653,971296,John Prescott Ellis,5,35.0,22.0,0.125425,0.170356,153.959233,Q6253359
654,40309652,Vodafone Park,48,2.0,31.0,0.065812,0.075916,58.215079,Q14914703
655,6171950,Graham Carr,28,1.0,35.0,0.052394,0.057130999999999994,0.0,Q5592710
656,50726288,Berasia (Vidhan Sabha constituency),8,5.0,25.0,0.087813,0.119468,0.21978000000000003,Q25209162
657,2300000,A Caribbean Mystery,49,2.0,28.0,0.066727,0.070854,16491.0,Q729812
658,57413402,Foreign policy of the George H. W. Bush administration,5,62.0,22.0,0.127109,0.179197,2073.725,Q55611891
659,59377502,2019 AFC Asian Cup squads,41,3.0,28.0,0.078677,0.09329,721.010536,Q59729240
660,57959202,2019 Maharashtra Legislative Assembly election,8,18.0,25.0,0.086618,0.11924100000000001,4.399275,Q55696556
661,115408,"Pikeville, Kentucky",49,1.0,33.0,0.048756,0.051675,0.0,Q2855088
662,14071498,Attack on Derryard checkpoint,43,1.0,22.0,0.108471,0.12215699999999999,0.0,Q4817990
663,2868934,UEFA Euro 2008 qualifying,28,14.0,29.0,0.072271,0.091436,56600.284801,Q29185
664,54256282,Gillian Keegan,43,2.0,23.0,0.09775,0.110148,0.0,Q30232942
665,34254478,2012 Green Bay Packers season,4,22.0,25.0,0.10418399999999998,0.133853,32918.405024,Q4625709
666,39298436,Jack Marriott (footballer),28,2.0,30.0,0.070572,0.083135,67.693957,Q16236329
667,37326570,"West Oaks, Houston",5,5.0,22.0,0.120556,0.16156500000000001,864.582165,Q7986102
668,1022500,David Davis Walker,5,35.0,22.0,0.125405,0.170174,29.019215000000003,Q5232867
669,11589718,Bottoms Up (1960 film),35,1.0,26.0,0.084827,0.091927,0.0,Q12103666
670,39500470,Elections in Chhattisgarh,8,49.0,25.0,0.087916,0.124295,3723.61206,Q16962260
671,18903874,The Heart Is a Lonely Hunter (film),46,2.0,28.0,0.066442,0.073755,109.219398,Q1334782
672,58931856,Oliver Skipp,48,1.0,29.0,0.071668,0.08224,0.0,Q55956041
673,2531700,Anita Thigpen Perry,5,3.0,22.0,0.123607,0.161444,0.0,Q4765651
674,35624910,Lisandro Magallán,41,5.0,27.0,0.08606699999999999,0.10167000000000001,5709.624156,Q2913439
675,26943236,Jason Steele (footballer),28,1.0,29.0,0.073338,0.087808,0.0,Q509809
676,252272,Hume Highway,17,1.0,29.0,0.071627,0.079734,0.0,Q1372588
677,541148,Larry Storch,14,6.0,24.0,0.102219,0.120996,71113.5,Q1399557
678,363900,Canonical correlation,56,78.0,23.0,0.095824,0.119273,65335.148248000005,Q115542
679,1649526,Jonathan Turley,21,1.0,23.0,0.09385800000000001,0.109107,0.0,Q16194371
680,59357242,List of My Favorite Murder episodes,16,9.0,26.0,0.075949,0.084459,43964.0,Q60519326
681,17453894,Miss Universe Vietnam,47,9.0,30.0,0.067163,0.07538099999999999,9337.464677,Q5016107
682,4514028,Ted Thompson,4,11.0,25.0,0.102539,0.127299,33.412645,Q7693798
683,16304960,Ben Bradley (politician),43,4.0,22.0,0.10651500000000001,0.12144,0.0,Q30223599
684,32822008,2013 Copa Libertadores,41,17.0,25.0,0.09600399999999999,0.11568699999999998,179891.271003,Q1279521
685,3475262,Tab Clear,5,2.0,23.0,0.106135,0.128236,0.0,Q7672843
686,1082824,Ajayan (director),9,3.0,26.0,0.07964199999999999,0.09851599999999999,2749.0,Q4699671
687,6786558,Donald Meek,35,2.0,26.0,0.08082400000000001,0.08907999999999999,21984.0,Q718735
688,10916628,Larry Klein,44,3.0,27.0,0.083031,0.092443,0.0,Q1806079
689,54023970,Steven Kivelson,50,1.0,26.0,0.073278,0.079118,0.0,Q29904494
690,58561270,Marcia Kilgore,3,1.0,25.0,0.083465,0.092424,0.0,Q56855415
691,2897396,Chris McCann,33,4.0,26.0,0.092476,0.10903,80981.54274,Q861192
692,426644,Roger Gale,43,2.0,23.0,0.096461,0.10746199999999999,0.0,Q391094
693,3347978,List of historical currencies,21,2.0,25.0,0.081497,0.09039900000000001,5499.0,Q2042322
694,39657512,Brendan Leipsic,0,1.0,28.0,0.079437,0.089304,0.0,Q16229475
695,1901120,Walker's Point Estate,5,81.0,22.0,0.127655,0.181449,7300.691811,Q1017467
696,19479338,2008 Madhya Pradesh Legislative Assembly election,8,59.0,25.0,0.086667,0.123011,10220.662768,Q6727601
697,369186,Kathleen Blanco,5,1.0,22.0,0.11818,0.151451,0.0,Q237786
698,64314,Ingeborg Bachmann,50,3.0,26.0,0.073436,0.080327,0.5,Q78506
699,54319030,Marie-Eve Dicaire,0,2.0,27.0,0.076899,0.085232,0.0,Q30325705
700,4262004,Virginia Knauer,5,4.0,22.0,0.12041900000000001,0.159101,0.0,Q7934351
701,11329300,Yannick Boli,33,1.0,26.0,0.08735599999999999,0.100457,0.0,Q1358908
702,57739996,X Factor Malta,25,44.0,24.0,0.100175,0.122971,2578.174264,Q55637980
703,23601844,Henry Sutton (inventor),27,5.0,25.0,0.07964600000000001,0.086857,27484.0,Q22672074
704,29950468,Mason Foster,26,1.0,26.0,0.08909500000000001,0.10437,0.0,Q3850831
705,41431172,Sironj (Vidhan Sabha constituency),8,9.0,25.0,0.08658099999999999,0.11808699999999998,2232.582747,Q17090616
706,9390616,Josh Mankiewicz,5,3.0,23.0,0.115897,0.149321,0.0,Q6289142
707,57248378,Kim Possible (2019 film),44,2.0,27.0,0.079443,0.087892,5499.0,Q54801207
708,505806,Kay Kendall,49,2.0,25.0,0.087365,0.096463,5499.0,Q269153
709,343858,Kathie Lee Gifford,4,5.0,25.0,0.093971,0.107395,27701.217385000004,Q465695
710,114904,"Russell, Kansas",5,2.0,22.0,0.11797,0.150088,0.0,Q1931592
711,20604126,List of National Basketball Association head coaches with 400 games coached,34,4.0,24.0,0.097488,0.114514,195907.036513,Q6591317
712,1275430,Patterns (film),49,2.0,29.0,0.060459000000000006,0.065355,10996.0,Q7148402
713,22327058,List of Tampa Bay Buccaneers broadcasters,4,2.0,26.0,0.093791,0.11128299999999999,0.0,Q6599091
714,6544610,Red Shirts (United States),10,9.0,22.0,0.098965,0.112075,71339.25555599999,Q7305032
715,41637072,Sangaria (Rajasthan Assembly constituency),8,6.0,25.0,0.086579,0.117844,0.8650950000000001,Q17088543
716,47869728,Bryce Callahan,4,2.0,27.0,0.082307,0.093712,5499.0,Q21005255
717,633896,Flight 19,5,2.0,23.0,0.10835299999999999,0.134905,0.0,Q1332211
718,703508,John E. McLaughlin,5,7.0,22.0,0.12331600000000001,0.16225799999999999,278.669195,Q224481
719,965848,Port Sunlight,22,1.0,23.0,0.095968,0.10600899999999999,0.0,Q2756002
720,184482,Berton Churchill,35,1.0,28.0,0.06958400000000001,0.074645,0.0,Q828391
721,25496814,Super Saturday,4,2.0,25.0,0.08820599999999999,0.100006,5499.0,Q1523556
722,602076,First Minister of Wales,43,6.0,22.0,0.10838099999999999,0.125658,16973.620683,Q18996
723,926596,Presentation of Mary,5,1.0,22.0,0.10966,0.131509,0.0,Q1124234
724,51003722,2018 Wisconsin gubernatorial election,21,4.0,23.0,0.096773,0.11010199999999999,2994.656414,Q28220811
725,1084636,Bret Boone,0,6.0,23.0,0.11549000000000001,0.143922,236172.95381900002,Q4961922
726,42601208,Jane Dacre,24,1.0,21.0,0.107974,0.12570699999999999,0.0,Q16728331
727,10264,Enrico Fermi,50,21.0,23.0,0.09389,0.109472,400002.74203200004,Q8753
728,30430970,Corey Liuget,4,6.0,25.0,0.09883600000000001,0.11915999999999999,251.674802,Q3693516
729,17165442,Martín Cauteruccio,41,7.0,26.0,0.090429,0.10813099999999999,20008.038263,Q955465
730,9123202,Ralph Krueger,0,1.0,27.0,0.084899,0.097437,0.0,Q320003
731,624314,Drums Along the Mohawk,35,3.0,25.0,0.07900900000000001,0.086975,98693.0,Q2038577
732,47246228,Palestinian nationalism,5,5.0,22.0,0.123412,0.165122,133.758349,Q1616403
733,1526470,Federal Government of Belgium,54,8.0,22.0,0.10519500000000001,0.11791199999999999,0.320635,Q390947
734,425582,Democratic Party (Luxembourg),41,2.0,22.0,0.10900599999999999,0.123977,817629.835308,Q1029792
735,23140636,Paul Nuttall,27,3.0,23.0,0.097545,0.111775,10996.0,Q546131
736,21765396,Strasbourg massacre,54,3.0,22.0,0.102257,0.114649,0.0,Q476345
737,1998192,Latvia in the Eurovision Song Contest,25,37.0,24.0,0.09994700000000001,0.121906,2.717436,Q507221
738,719492,Episcopal Diocese of Washington,5,6.0,22.0,0.12059,0.16199000000000002,2886.612095,Q1347319
739,529358,P-15 Termit,5,4.0,23.0,0.114355,0.146203,524.160301,Q177218
740,56067234,Mark Leonard Winter,50,1.0,30.0,0.056866,0.06069,0.0,Q47658535
741,53465200,2018 Meghalaya Legislative Assembly election,8,21.0,25.0,0.086626,0.119584,84.444823,Q30594393
742,48540258,Justin Gulley,41,3.0,27.0,0.085084,0.101404,506.714567,Q16300592
743,44513572,Cameron Brate,4,3.0,26.0,0.082884,0.09464299999999999,0.0,Q18631824
744,33447898,Eurovision Song Contest winners discography,25,22.0,24.0,0.099927,0.120585,12.033874,Q118585
745,772876,Visual Concepts,36,2.0,25.0,0.083333,0.092727,35229.199959,Q133482
746,29154786,Ryan Reaves,0,4.0,28.0,0.079445,0.089683,16491.0,Q2178104
747,43725628,George Atkinson III,4,1.0,27.0,0.085224,0.096548,0.0,Q17859779
748,42721064,Charles Leno,4,7.0,26.0,0.08968200000000001,0.105483,0.0,Q16841845
749,3137690,Bill the Goat,20,12.0,21.0,0.112518,0.14106400000000002,9843.053133,Q467273
750,9288560,2007 Green Bay Packers season,4,12.0,25.0,0.102572,0.127693,70.27963299999999,Q4608564
751,30306658,Pedro Martins (footballer),48,3.0,29.0,0.073777,0.08417999999999999,0.0,Q7159755
752,21626530,Sanjay Pathak,8,6.0,26.0,0.083149,0.11308199999999999,43.365390000000005,Q7418459
753,54516600,2017 Orange Bowl,26,9.0,25.0,0.102836,0.128451,21528.612297,Q38806279
754,1923728,Charles Walker (British politician),43,9.0,22.0,0.11047699999999999,0.129131,4256.800053,Q262539
755,30386960,MLS Cup 2011,33,11.0,25.0,0.094061,0.111154,288.564759,Q576565
756,2237014,Robert Barrat,3,3.0,24.0,0.097575,0.114749,9999.707342,Q556990
757,42784744,2019 Indian general election,8,77.0,25.0,0.08680299999999999,0.126505,12580.928794,Q28164181
758,8150182,Nou Mestalla,48,1.0,30.0,0.06781799999999999,0.078289,0.0,Q1138274
759,58759434,Ayman Ben Mohamed,41,2.0,28.0,0.08139099999999999,0.096721,5499.0,Q56878248
760,6848086,Miss World 2002,47,11.0,31.0,0.06298200000000001,0.070358,6.0067580000000005,Q2532381
761,766048,Jo Van Fleet,49,1.0,31.0,0.053939999999999995,0.057186,0.0,Q233832
762,41639436,Kolayat (Rajasthan Assembly constituency),8,5.0,25.0,0.086577,0.117753,0.6177699999999999,Q17067648
763,211748,Elizabeth Dole,5,33.0,21.0,0.130927,0.181377,41744.924680000004,Q239571
764,4345528,Shado (comics),11,3.0,33.0,0.053342999999999995,0.057641,0.0,Q796767
765,56317838,James Daniels,4,9.0,26.0,0.089685,0.10566500000000001,1114.628697,Q47429859
766,45421322,Nguyễn Công Phượng,41,5.0,30.0,0.070801,0.081868,25686.692662999998,Q18045362
767,53339196,2017 MLS Cup Playoffs,33,18.0,26.0,0.093325,0.11358299999999999,92851.804707,Q42322842
768,2626808,Masha Bruskina,31,1.0,24.0,0.095622,0.110937,0.0,Q2915595
769,190844,Eurovision Song Contest 1982,25,40.0,24.0,0.099949,0.122154,5.661955,Q211469
770,27449342,List of CONMEBOL club competition winners,41,1.0,27.0,0.08473,0.097476,0.0,Q1523610
771,77288,Common nightingale,53,2.0,24.0,0.095926,0.112178,0.0,Q25393
772,38068326,2013 elections in India,8,55.0,25.0,0.087934,0.125053,7047.005815,Q15289920
773,54182196,De-aging in film,11,2.0,28.0,0.072398,0.079928,0.0,Q30325377
774,37903456,Alampur (SC) (Assembly constituency),19,18.0,26.0,0.07976699999999999,0.101662,5.748083,Q4706008
775,35851836,Yan Gomes,0,4.0,23.0,0.11508,0.143735,103773.04830499999,Q3077014
776,42793834,News Nation,12,9.0,26.0,0.08093600000000001,0.10451600000000001,5343.602586,Q17079254
777,56378548,Todd Cantwell,28,3.0,31.0,0.064085,0.075571,0.0,Q47484996
778,3091680,Gene Reynolds,49,8.0,30.0,0.057102,0.063108,191633.0,Q540613
779,42523368,Badou Ndiaye,48,1.0,30.0,0.066351,0.073046,0.0,Q11994721
780,12589472,AKK,54,1.0,23.0,0.0949,0.104298,0.0,Q294215
781,48814132,Sterlin Gilbert,26,1.0,27.0,0.087552,0.100138,0.0,Q21964778
782,4195092,Relevance vector machine,56,14.0,24.0,0.087474,0.101868,12.789163,Q7310972
783,41766736,Elly Yunara,35,3.0,27.0,0.080276,0.089634,5499.0,Q15726120
784,2306908,Slither (2006 film),44,1.0,28.0,0.073601,0.08008,0.0,Q2092936
785,1024100,Germán Lux,41,17.0,27.0,0.087289,0.107517,1850.5485010000002,Q313441
786,38330112,Jon Bostic,4,1.0,24.0,0.091699,0.105294,0.0,Q12110321
787,292698,Ron Santo,0,9.0,25.0,0.100484,0.11701800000000001,1546.3104560000002,Q934446
788,44577560,Occam learning,56,12.0,24.0,0.087461,0.10152,0.0,Q25048571
789,2555504,Eadbert I of Kent,53,15.0,31.0,0.057652999999999996,0.063873,3.126923,Q887678
790,8314726,Payroll vote,43,1.0,22.0,0.104752,0.119353,0.0,Q7156887
791,1951358,Crowbar (Canadian band),21,1.0,25.0,0.082974,0.091442,0.0,Q5189138
792,34263386,Miss Mexico Organization,47,15.0,30.0,0.067196,0.076554,43581.0992,Q17008497
793,40814604,Andre Fili,0,1.0,28.0,0.078181,0.087828,0.0,Q16233140
794,43077494,Ellison Barber,21,3.0,22.0,0.110597,0.131663,15288.805136,Q17305667
795,54430328,24th Screen Actors Guild Awards,44,4.0,27.0,0.08051599999999999,0.088956,5499.0,Q37998098
796,1733154,John Carpenter (game show contestant),4,1.0,27.0,0.080907,0.08855700000000001,0.0,Q3486565
797,25950438,Elections in Maharashtra,8,40.0,25.0,0.086659,0.121484,149.195402,Q5354748
798,9570948,Joe Brooks (actor),14,1.0,26.0,0.08492999999999999,0.095053,0.0,Q1411217
799,2028438,Abdelbaset al-Megrahi,43,3.0,22.0,0.105928,0.122625,0.0,Q307773
800,58034436,2018 Frisco Bowl,26,12.0,25.0,0.10062,0.122128,8.925592,Q56062888
801,54660628,How It Is (Wap Bap …),20,2.0,27.0,0.078303,0.086805,0.0,Q31842440
802,57267954,Lilan Bowden,43,1.0,23.0,0.091472,0.100537,0.0,Q46993258
803,50289760,Gene DeFilippo,26,1.0,26.0,0.088885,0.10348800000000001,0.0,Q24053459
804,20867856,Fabrício Silva Dornellas,41,1.0,28.0,0.07628099999999999,0.085875,0.0,Q1390921
805,3320508,Garth Crooks,28,1.0,29.0,0.072711,0.080511,0.0,Q737899
806,18412860,Gliese 445,42,2.0,31.0,0.055576,0.060827,0.666667,Q1341818
807,909946,Harry S. Truman Presidential Library and Museum,5,16.0,22.0,0.121044,0.16196300000000002,371.12494399999997,Q525981
808,46971588,Tyrell Williams,4,5.0,25.0,0.098722,0.11978599999999999,24.27436,Q20712705
809,41052136,Gerald Kaufman,43,4.0,21.0,0.11921500000000002,0.140179,30589.956144,Q750345
810,503172,Michigan Avenue (Chicago),16,6.0,23.0,0.104275,0.123872,23.125331,Q1867529
811,42567952,2014 Indian general election in Andhra Pradesh,8,20.0,25.0,0.086641,0.11986199999999998,868.406065,Q16874523
812,376938,Division of the assembly,43,4.0,23.0,0.102808,0.12725,1246609.986932,Q896791
813,22327122,List of Green Bay Packers broadcasters,4,8.0,25.0,0.102404,0.126383,7190.63085,Q6572471
814,30177338,Sikkim Legislative Assembly,8,12.0,26.0,0.08194800000000001,0.112401,79.120109,Q7513808
815,6035170,Fountainbridge,24,12.0,22.0,0.101758,0.11879,1246.267139,Q5474828
816,2969140,Bloodthirst,15,14.0,29.0,0.061992,0.067865,0.0,Q804546
817,1131886,Venera 7,42,5.0,33.0,0.050026,0.053832000000000005,0.0,Q152800
818,30862970,Y. Venugopal Reddy,13,10.0,27.0,0.076864,0.097635,4911.856325,Q3690865
819,47369980,Patrick Wisdom,0,3.0,25.0,0.092613,0.10526600000000001,5499.0,Q56073223
820,290192,Betty Ford,5,38.0,21.0,0.132655,0.185612,18347.985251,Q213122
821,1283072,Season pass (video games),36,1.0,30.0,0.06651699999999999,0.072284,0.0,Q55632755
822,2096030,USS Sable (IX-81),5,2.0,22.0,0.120551,0.161271,0.0,Q1807601
823,6158750,Sherpa (emissary),13,1.0,28.0,0.07015199999999999,0.081161,0.0,Q535645
824,396370,List of political parties in India,8,54.0,25.0,0.088823,0.126558,14481.672975,Q1369087
825,44788648,2015 North Dakota State Bison football team,26,6.0,24.0,0.100361,0.11601500000000001,0.0,Q19866756
826,1161838,League of the South,21,4.0,21.0,0.109776,0.127429,76804.0,Q3240534
827,8221546,Vidya Charan Shukla,8,9.0,25.0,0.086613,0.118611,5504.992061,Q7928167
828,27709088,Eormenred of Kent,53,15.0,31.0,0.057652999999999996,0.063873,1.36859,Q265276
829,15688636,Martigné-sur-Mayenne,23,1.0,32.0,0.062236,0.07154400000000001,0.0,Q545598
830,54136614,2017 Army Black Knights football team,20,4.0,22.0,0.11356600000000001,0.141065,482.853608,Q30641634
831,361276,George Baker (actor),49,6.0,24.0,0.090954,0.102257,176275.60277599999,Q1506941
832,42118214,2014 Odisha Legislative Assembly election,8,35.0,25.0,0.086654,0.12100799999999999,21.018823,Q15894572
833,344562,Ferlin Husky,40,1.0,24.0,0.10126900000000001,0.120781,0.0,Q322275
834,50997898,Mateus Uribe,41,10.0,26.0,0.08954,0.10738199999999999,12494.26469,Q20017202
835,1343044,Minilla,32,21.0,26.0,0.077792,0.087013,269.575468,Q516231
836,2423462,One Fine Day (film),44,3.0,27.0,0.08319299999999999,0.09238099999999999,10997.0,Q743487
837,10821192,List of Fresno State Bulldogs bowl games,26,4.0,24.0,0.098971,0.11498699999999999,11254.959828000001,Q6571448
838,5481008,Defensa y Justicia,41,12.0,27.0,0.086596,0.106195,20884.629474,Q1024338
839,555728,Williams Arena,26,4.0,23.0,0.12039200000000001,0.144406,1034030.609335,Q8020979
840,357480,Basque Nationalist Party,2,3.0,24.0,0.09786,0.11490399999999999,38461.0,Q43093
841,48802718,List of Medal of Honor recipients for the Attack on Pearl Harbor,3,12.0,22.0,0.10544100000000001,0.127421,59297.696342999996,Q22082176
842,3880050,Klerksdorp sphere,52,1.0,24.0,0.091195,0.103689,0.0,Q1291094
843,2059612,John Tobias,36,9.0,31.0,0.062389,0.068069,0.0,Q664637
844,33419580,Rodrigo Mora,41,4.0,26.0,0.08810599999999999,0.10516800000000001,5436.186482,Q965316
845,24986622,Carlos Santana (disambiguation),0,1.0,25.0,0.092682,0.10543599999999999,0.0,Q1043218
846,33353272,Tony Podesta,5,2.0,23.0,0.103776,0.12319300000000001,0.0,Q7823193
847,23619322,Chloe Smith,43,2.0,23.0,0.096756,0.10772899999999999,0.0,Q333680
848,2169886,Executive Action (film),5,4.0,22.0,0.11825899999999999,0.152379,5503.606136,Q2990575
849,11961518,Mathias Jørgensen,28,3.0,30.0,0.067872,0.082365,21984.0,Q248938
850,2398954,United First Parish Church,5,4.0,22.0,0.11951600000000001,0.154167,393.43708599999997,Q7212319
851,7566384,Standing Outside the Fire,18,25.0,26.0,0.080981,0.093967,603.606186,Q7598506
852,17400932,Government of Madhya Pradesh,8,16.0,26.0,0.082968,0.110016,643.657913,Q5589237
853,36202032,Pernille Harder (footballer),23,4.0,31.0,0.063345,0.07489,15.914207000000001,Q7169410
854,34308518,"John Egan (footballer, born 1992)",28,2.0,31.0,0.063956,0.074162,25.435392,Q150332
855,33982832,Bryan Cristante,28,1.0,31.0,0.063553,0.073806,0.0,Q4241246
856,56177730,Blockade of Yemen,5,1.0,21.0,0.12306700000000001,0.156681,0.0,Q47526737
857,921304,Billy Bush,5,40.0,21.0,0.129641,0.176522,5539.397395,Q863042
858,3154884,Bird hide,53,2.0,24.0,0.095926,0.112178,0.0,Q2244608
859,48416590,John Craven,22,1.0,28.0,0.075892,0.08251499999999999,0.0,Q6227523
860,4471598,Leonard Marshall,4,2.0,27.0,0.085789,0.098755,0.0,Q6525541
861,1998138,Albania in the Eurovision Song Contest,25,26.0,24.0,0.101724,0.12262,15227.633971000001,Q203863
862,41507502,Brian Gutekunst,4,5.0,25.0,0.10235,0.125865,0.0,Q16214432
863,3675438,Boreham Wood F.C.,28,3.0,31.0,0.064623,0.076514,3177.600645,Q4094837
864,56412898,Charlie Mullins,43,2.0,21.0,0.115031,0.13383,5499.0,Q47498295
865,50316748,Plug-in principle,56,64.0,23.0,0.09578400000000001,0.11771199999999998,0.0,Q25104768
866,5474642,Raid on Entebbe (film),5,1.0,23.0,0.108548,0.13532,0.0,Q2305094
867,34822538,List of Georgia Bulldogs head football coaches,26,4.0,26.0,0.093173,0.111996,7464.930415000001,Q6571737
868,19076004,Strictly Come Dancing (series 6),22,4.0,26.0,0.08702,0.094615,820.177179,Q7623653
869,408144,Maastricht Rebels,43,8.0,22.0,0.109279,0.125174,16408.109763999997,Q6721256
870,31757456,MLS Cup 2013,33,13.0,25.0,0.09411699999999999,0.111804,1176.027062,Q15063388
871,414936,Michael Spicer,43,9.0,21.0,0.116889,0.139253,25586.197928,Q334646
872,1191260,Norway Debate,43,1.0,23.0,0.09639099999999999,0.10849400000000001,0.0,Q128535
873,56113742,Yan Valery,28,4.0,31.0,0.066876,0.079459,14525.038566,Q59268317
874,9305384,Kalanithi Maran,8,2.0,27.0,0.075573,0.09206,0.0,Q3519776
875,58946958,33rd Goya Awards,44,1.0,26.0,0.086123,0.09617300000000001,0.0,Q59242744
876,3550878,AEK Larnaca FC,48,3.0,27.0,0.082599,0.097528,13658.697435,Q291447
877,575030,Crystal Pepsi,5,3.0,22.0,0.118277,0.151566,1817.0461269999998,Q3006006
878,48794014,2018 Democratic Republic of the Congo general election,43,2.0,27.0,0.07537,0.090324,1300.9909400000001,Q22341301
879,2843960,Paul Hartman,14,2.0,26.0,0.08493300000000001,0.095266,0.0,Q7151167
880,29661230,Jim McGuinness,33,1.0,27.0,0.08845,0.100089,0.0,Q6196834
881,21852632,Richard Pankhurst (Ethiopianist),43,3.0,25.0,0.087411,0.098454,0.0,Q585460
882,3831716,Mizoram (Lok Sabha constituency),8,15.0,25.0,0.086633,0.11939300000000001,229.78535499999998,Q1659299
883,2372060,"William Campbell (actor, born 1923)",49,2.0,33.0,0.048777,0.052202,16491.0,Q179393
884,58687430,Darrell Henderson,26,7.0,25.0,0.093592,0.109928,7871.868651999999,Q57242192
885,22292608,Britton Colquitt,4,3.0,24.0,0.105548,0.129461,6958.832382,Q4971683
886,347784,Distinguished Flying Cross (United States),5,10.0,22.0,0.12102,0.163522,3576.777904,Q1754110
887,56308434,Dalton Schultz,4,4.0,26.0,0.08900000000000001,0.104782,0.333333,Q47379760
888,30027574,2012 Copa Libertadores,41,14.0,26.0,0.090921,0.109046,11716.155952,Q1130337
889,559878,Margaret Lockwood,44,3.0,24.0,0.095734,0.107865,155573.725756,Q269202
890,52918562,Dewas (Vidhan Sabha constituency),8,1.0,25.0,0.086517,0.116275,0.0,Q28419685
891,18292460,Hush money,15,4.0,25.0,0.082259,0.092454,0.333333,Q5949242
892,1789722,Wayne Routledge,28,2.0,30.0,0.06840700000000001,0.079381,5499.0,Q370688
893,56896374,Wine Country (film),50,1.0,30.0,0.05686,0.060453999999999994,0.0,Q55637796
894,50833108,David Letele,28,1.0,32.0,0.062476,0.071038,0.0,Q21170721
895,1997564,Protestant Episcopal Cathedral Foundation,5,2.0,23.0,0.108057,0.134192,0.333333,Q7251602
896,58662538,Sasna Tsrer Pan-Armenian Party,54,7.0,23.0,0.090248,0.098705,0.0,Q57505004
897,424550,2001 Nisqually earthquake,52,11.0,22.0,0.123098,0.161955,27120.836033,Q3510577
898,84148,"Upland, California",4,4.0,22.0,0.107573,0.126381,320326.32879299996,Q747466
899,450952,Archie Hamilton,43,7.0,22.0,0.108304,0.126402,410.830381,Q332870
900,1345780,Richard III (1955 film),35,7.0,25.0,0.089469,0.101134,2964.6142489999997,Q1968853
901,6414082,Francis E. Meloy Jr.,5,3.0,22.0,0.120903,0.16280799999999998,15.659625,Q5480803
902,3867574,Cyprus in the Eurovision Song Contest,25,41.0,24.0,0.099955,0.12227,5503.722617,Q245829
903,13210086,Ryan White CARE Act,5,2.0,22.0,0.124215,0.165219,0.0,Q7384638
904,34839100,Red Star Stadium,48,6.0,28.0,0.077931,0.094359,17318.183869999997,Q478000
905,57447892,Jabalpur Paschim (Vidhan Sabha constituency),8,10.0,25.0,0.08782899999999999,0.120104,81.872745,Q55442612
906,44397850,List of Georgia Bulldogs starting quarterbacks,26,4.0,27.0,0.08741,0.102075,48.005743,Q18630967
907,432536,Great Lakes region,16,2.0,23.0,0.098256,0.11581,65856.0,Q1548416
908,3705490,Mortal Kombat,36,16.0,30.0,0.06653400000000001,0.07382899999999999,8856.277778,Q241163
909,18036482,Salish Sea human foot discoveries,16,2.0,25.0,0.08217,0.092181,49419.0,Q2261030
910,33596980,Raúl Jiménez,33,13.0,27.0,0.08777,0.10891500000000001,241975.144088,Q1925465
911,55845850,Jefry Rodríguez,0,1.0,24.0,0.10320499999999999,0.121932,0.0,Q50824683
912,1603702,Steve Sailer,21,4.0,21.0,0.123885,0.158976,68377.29645,Q16192913
913,436870,Peter Pace,5,6.0,21.0,0.12540199999999999,0.165017,151853.208762,Q540453
914,1671784,Nobuaki Iwatake,5,2.0,22.0,0.12053699999999999,0.161171,0.0,Q7046109
915,82862,HBO World Championship Boxing,0,5.0,24.0,0.09738,0.111791,13711.156926,Q5629052
916,12104554,Campeón de Campeones,41,10.0,26.0,0.093863,0.11285099999999999,47411.821949,Q1031000
917,456058,Director of Central Intelligence,5,51.0,22.0,0.129047,0.182226,14689.200541999999,Q1227524
918,58814564,Konstantin Nikolaev,15,1.0,24.0,0.078301,0.08585,0.0,Q56307440
919,11751480,John M. Walker,5,24.0,22.0,0.12483,0.168761,70.746359,Q6245987
920,5030380,Gerald Ford,5,129.0,21.0,0.134966,0.199531,180625.292036,Q9582
921,36709900,P. L. Punia,8,2.0,25.0,0.08656,0.117184,0.0,Q7119702
922,13406070,Connie Ray,44,1.0,28.0,0.07359700000000001,0.079989,0.0,Q731628
923,38803838,Joe Davis (sportscaster),26,3.0,26.0,0.09336599999999999,0.110546,1353.605976,Q16206181
924,21765156,Fred McNair (gridiron football),26,1.0,26.0,0.09518,0.110007,0.0,Q5495922
925,78326,Flag of Luxembourg,27,1.0,27.0,0.068705,0.072904,0.0,Q133022
926,3147620,Karyn Bryant,0,2.0,26.0,0.091318,0.10531300000000002,59375.687698,Q6373854
927,1796538,Stuart Pearson,28,3.0,33.0,0.05851699999999999,0.065803,783.964286,Q716239
928,12251068,John Dukakis,5,3.0,23.0,0.11607999999999999,0.148955,0.0,Q6230322
929,7916544,Walter Terence Stace,55,4.0,27.0,0.069357,0.075321,21991.0,Q433728
930,53284730,Tomahawk chop,4,7.0,24.0,0.11167300000000001,0.138848,44.461045,Q29093777
931,25767218,Christopher Nixon Cox,5,6.0,22.0,0.12004000000000001,0.16003199999999998,76.784341,Q5112961
932,50719528,Vikramaditya Singh (politician),8,1.0,25.0,0.086517,0.116275,0.0,Q25190101
933,34423330,2012 Andalusian regional election,2,3.0,26.0,0.081861,0.091373,16491.0,Q4753545
934,59119328,UEFA Euro 2020 qualifying Group I,28,15.0,29.0,0.072117,0.089812,5651.081915,Q59348850
935,1720890,Gloria Carter Spann,5,17.0,22.0,0.121754,0.162858,18.145749,Q5571337
936,36082320,Mariann Budde,5,4.0,22.0,0.117776,0.151789,286.137098,Q6762148
937,38609126,Artie Burns,4,12.0,23.0,0.10245699999999999,0.126005,22207.223657,Q14950188
938,571704,Frontbencher,43,3.0,23.0,0.103354,0.12107000000000001,3030.007233,Q16981489
939,21034082,Iván Nova,0,1.0,26.0,0.089581,0.101281,0.0,Q1189671
940,256686,South Queensferry,24,16.0,22.0,0.103807,0.123022,6281.853384,Q767798
941,5800118,Liam Halligan,43,2.0,21.0,0.115031,0.13383,5499.0,Q6539617
942,948444,Operation Wigwam,3,2.0,24.0,0.093802,0.10778399999999999,417.528615,Q1549008
943,1190590,Thirty Seconds Over Tokyo,35,2.0,23.0,0.091546,0.104207,39328.766939999994,Q1258295
944,27291024,Richard Drax,43,6.0,22.0,0.1071,0.12292,0.0,Q302187
945,28969620,E. Henry Knoche,5,7.0,22.0,0.12219000000000001,0.165641,112.91883600000001,Q5321918
946,9008820,Patrick Nix,20,1.0,23.0,0.097528,0.11483800000000001,0.0,Q7147333
947,4455358,Mark Turgeon,34,3.0,29.0,0.067735,0.07433,27455.0,Q6770057
948,2543338,Punt (boat),24,2.0,23.0,0.092378,0.10435,5499.0,Q572738
949,7005328,Léo Silva,41,5.0,28.0,0.081637,0.09801900000000001,12.952380999999999,Q1530829
950,1210446,The Ring magazine Fighter of the Year,0,1.0,28.0,0.072822,0.079948,0.0,Q929175
951,2155864,Points of Light,5,51.0,22.0,0.126942,0.177726,44797.731911,Q4270138
952,4717786,Bidvest Wits F.C.,28,4.0,29.0,0.073352,0.08833200000000001,38465.0,Q857048
953,53543860,Gianluca Mancini,28,2.0,30.0,0.067865,0.082107,5499.0,Q28973528
954,41493538,"Brad Smith (footballer, born 1994)",33,2.0,27.0,0.085428,0.099603,3060.701543,Q15477554
955,1103590,"Sydney Olivier, 1st Baron Olivier",43,2.0,23.0,0.10039400000000001,0.115369,118116.357122,Q1810503
956,23467978,Jake Hyde,28,2.0,30.0,0.06743099999999999,0.080399,4378.302051,Q10475570
957,2345826,Lyndon B. Johnson National Historical Park,5,8.0,22.0,0.12038399999999999,0.158251,1942.187509,Q637458
958,38391132,Alex Pritchard,33,5.0,29.0,0.074016,0.08583099999999999,23236.762668,Q4717654
959,2639058,Josh Sawyer,36,11.0,24.0,0.098536,0.11576199999999999,16915.947861,Q846794
960,17372326,Robert McWade,3,2.0,24.0,0.097571,0.114628,4500.707342000001,Q1833058
961,3703816,Marc Colombo,20,2.0,23.0,0.106717,0.130418,5045.021503,Q6755479
962,24982,Psychometrics,56,65.0,23.0,0.09578500000000001,0.11780299999999999,272.129733,Q506132
963,17399684,Government of Chhattisgarh,8,13.0,25.0,0.08660599999999999,0.118717,1656.188657,Q17053839
964,29782158,Jay Lawrence (actor),14,2.0,25.0,0.09275499999999999,0.10596900000000001,5471.333333,Q6166835
965,13340684,Alison Mitchell,17,3.0,33.0,0.053674,0.058303,16493.0,Q4727145
966,2233834,Ron Wolf,4,17.0,24.0,0.11174100000000001,0.140745,42382.115976,Q7364555
967,269882,Scottish Episcopal Church,24,4.0,23.0,0.094069,0.10756600000000001,4.123687,Q1205829
968,38380920,Tavarres King,26,1.0,27.0,0.086372,0.098928,0.0,Q7689038
969,3328890,List of Phillips Academy alumni,5,5.0,22.0,0.12508,0.167259,11033.068237000001,Q6594084
970,54626144,Happy!,11,1.0,35.0,0.048204000000000004,0.050872,0.0,Q33152672
971,3618680,Trackdown (TV series),49,3.0,30.0,0.057065,0.061845000000000004,21988.0,Q4489470
972,2906058,Black Dog (film),18,2.0,24.0,0.096456,0.114179,191275.0,Q880226
973,3352128,Erik Kuselias,4,1.0,27.0,0.08418400000000001,0.096165,0.0,Q5388678
974,334826,National Hockey Association,0,6.0,26.0,0.089403,0.104413,6358.006965,Q641900
975,48847474,Matt Feiler,4,8.0,23.0,0.10095599999999999,0.120699,3082.467775,Q22096224
976,5068188,Porter Goss,5,12.0,22.0,0.124601,0.16776300000000002,6605.506950999999,Q455698
977,47413310,Lucas Alario,41,7.0,26.0,0.08936799999999999,0.10659500000000001,201.55358,Q5981833
978,5405066,Neil Brand,22,1.0,25.0,0.088395,0.095389,0.0,Q6988311
979,1736940,Downtown Athletic Club,20,3.0,23.0,0.099641,0.117557,5499.0,Q5303357
980,58034460,2018 Boca Raton Bowl,26,14.0,25.0,0.103131,0.125924,3077.5253239999997,Q56062889
981,8250592,2007 Florida Gators football team,26,6.0,25.0,0.100506,0.12213299999999999,2315.6019539999998,Q4608491
982,676482,Battleship Row,3,9.0,22.0,0.104531,0.12520599999999998,81518.999318,Q4873243
983,101136,Riccardo Giacconi,50,2.0,24.0,0.085899,0.09653099999999999,0.0,Q186481
984,458262,Gowanus Canal,5,1.0,21.0,0.12306700000000001,0.156681,0.0,Q1540491
985,57654318,P. Indra Reddy,19,3.0,25.0,0.086539,0.11686500000000001,5499.0,Q55417891
986,13499036,Larry Johnson (American football coach),4,2.0,24.0,0.10511,0.128229,3426.7495590000003,Q6490583
987,19987830,Shameless (Billy Joel song),18,25.0,26.0,0.080981,0.093967,603.621067,Q7487532
988,7105256,Sholam Weiss,15,2.0,26.0,0.076015,0.08365299999999999,0.0,Q571315
989,755932,Manuel Lujan Jr.,5,16.0,22.0,0.121689,0.16618,1697.559357,Q445980
990,57449784,Parasia (Vidhan Sabha constituency),8,9.0,25.0,0.087826,0.11998299999999999,81.249974,Q55442641
991,44478026,Denison Barracks,38,3.0,24.0,0.10261400000000001,0.12338699999999998,2749.0,Q19872618
992,1784446,Apophasis,5,2.0,22.0,0.12080199999999999,0.157867,0.0,Q1376885
993,20310820,James Pattinson,17,5.0,30.0,0.063919,0.07210499999999999,19226.5,Q6141051
994,2485986,Jackie Joseph,14,3.0,24.0,0.10221000000000001,0.12066199999999999,43744.0,Q526365
995,1853498,Gordon Hill (footballer),28,4.0,34.0,0.055294,0.061608,4.383333,Q1179023
996,42721720,Brock Jensen,4,1.0,25.0,0.095263,0.109286,0.0,Q16971345
997,1546828,Lou Savarese,0,3.0,25.0,0.088916,0.099775,110.57142900000001,Q707139
998,27701630,Oppenheimer security hearing,50,6.0,24.0,0.08627,0.097597,2339.624677,Q7098557
999,40490058,Michiel Hazewinkel,56,6.0,23.0,0.09535700000000001,0.11158599999999999,0.0,Q1931225
1000,4647594,Encyclopedia of Mathematics,56,6.0,23.0,0.09535700000000001,0.11158599999999999,0.0,Q1340196
1001,5023510,Royal Infirmary of Edinburgh,24,4.0,22.0,0.10094700000000001,0.116691,1128.641022,Q3822734
1002,25807172,Bobby Green (fighter),0,4.0,27.0,0.084726,0.096339,21952.0,Q4935065
1003,849454,Pete Shelley,22,36.0,31.0,0.06200800000000001,0.070846,16552.829798,Q1141280
1004,1009140,Larry Harvey,55,1.0,27.0,0.069343,0.07472999999999999,0.0,Q3218058
1005,54962410,Juan Miranda (footballer),48,3.0,28.0,0.07649600000000001,0.08824,21984.0,Q38198371
1006,37534026,Esteban Andrada,41,10.0,26.0,0.088925,0.105077,4993.257777000001,Q3733379
1007,1873658,Peter Bone,43,7.0,22.0,0.10831199999999999,0.12655999999999998,2141.129873,Q264426
1008,386136,Little Caesars Pizza Bowl,26,5.0,23.0,0.118471,0.146476,44894.949076,Q3325279
1009,46799714,Bruno Valdez,41,10.0,27.0,0.085811,0.10315999999999999,5036.476506,Q17364536
1010,29331648,Jasper Cillessen,48,6.0,30.0,0.06892999999999999,0.08337699999999999,7586.835654,Q128719
1011,6975696,Cristián Zapata,41,10.0,27.0,0.085336,0.10222300000000001,49723.195587,Q316762
1012,8183396,List of Southeastern Conference national championships,26,1.0,26.0,0.095231,0.111285,0.0,Q6597618
1013,3747178,North to Alaska,44,2.0,24.0,0.102623,0.119867,10996.0,Q921764
1014,1563494,Carolyn Hennesy,15,2.0,26.0,0.076297,0.085312,0.0,Q441935
