,Unnamed: 0,Label,Id,Degree,modularity_class,betweenesscentrality,Qid
0,1091,Epigrafía,1091,4,9,8109.200149539337,Q181260
1,1356,Guerra civil española,1356,26,5,309278.3998733376,Q10859
2,1578,John Ford (director de cine),1578,7,2,14145.326567368671,Q51114
3,3519,Siglo II,3519,8,9,31121.647235011864,Q8103
4,7032,Batalla de Chacabuco,7032,1,13,0.0,Q1425658
5,12210,Eminem,12210,10,3,25333.84838364582,Q5608
6,17545,Agnès Varda,17545,3,11,3815.232683173212,Q229990
7,18519,William Holden,18519,3,2,3051.0,Q95002
8,18595,Oscar,18595,2,11,1526.0,Q223983
9,23518,Deborah Kerr,23518,6,2,30474.186153429917,Q104146
10,25303,Elizabeth McGovern,25303,1,11,0.0,Q233868
11,26306,A.I. Inteligencia Artificial,26306,4,11,9130.723245930662,Q221113
12,26775,Gilda (película),26775,2,2,3158.193893141791,Q382307
13,26777,Veinte mil leguas de viaje submarino (película de 1954),26777,1,2,0.0,Q64110
14,26858,Kim Novak,26858,1,2,0.0,Q212879
15,26944,Annie Hall,26944,4,11,14589.377507051762,Q233464
16,26962,Stewart Granger,26962,2,2,0.0,Q310150
17,26990,Midnight Cowboy,26990,1,11,0.0,Q61696
18,27145,Espartaco (película),27145,14,2,26582.319351361275,Q108297
19,27684,Las minas del rey Salomón (película),27684,3,2,31602.726492680562,Q1471671
20,27696,Shane,27696,4,2,8102.347165103043,Q1045165
21,27707,Alicia ya no vive aquí,27707,2,11,364.0985320406389,Q916431
22,27790,Atracción fatal,27790,2,2,1526.0,Q504157
23,27792,Lethal Weapon,27792,2,15,1525.9999999999998,Q462447
24,27828,Marea roja (película),27828,1,11,0.0,Q1140085
25,27836,El final de la cuenta atrás,27836,1,2,0.0,Q503033
26,27857,Los puentes de Toko-Ri,27857,1,2,0.0,Q561982
27,27890,The Firm (película),27890,1,11,0.0,Q821692
28,28149,Sabrina (película de 1995),28149,1,2,0.0,Q900708
29,28296,Ordinary People,28296,3,11,3050.9999999999995,Q503313
30,28317,The Adventures of Robin Hood,28317,1,11,0.0,Q201234
31,28495,Siete días de mayo,28495,1,2,0.0,Q1754611
32,28524,Alien³,28524,1,11,0.0,Q108543
33,28640,Broken Lance,28640,1,2,0.0,Q1218313
34,28696,When Harry Met Sally...,28696,3,11,3049.9999999999995,Q471169
35,28756,Jean Peters,28756,2,2,1525.9999999999998,Q243005
36,29047,La fuerza del cariño,29047,2,11,1508.5277777777774,Q185071
37,29228,Lust for Life (película de 1956),29228,2,13,33647.896212754524,Q1423854
38,29451,Suzanne Pleshette,29451,1,15,0.0,Q231224
39,30197,The Verdict,30197,1,11,0.0,Q679373
40,30804,Asbesto,30804,1,6,0.0,Q104085
41,35409,Supermartes,35409,1,10,0.0,Q846330
42,35690,Kansas,35690,14,10,53188.711897378045,Q1558
43,35848,Lauren Bacall,35848,8,2,17540.42587879076,Q104000
44,36035,Bandera de Andalucía,36035,1,5,0.0,Q760401
45,42533,José Bono,42533,4,6,16706.0,Q1311580
46,42679,Juan Negrín,42679,2,12,3050.0,Q312757
47,42914,Bloque Nacionalista Galego,42914,6,6,1529.416666666667,Q885433
48,43250,James Horner,43250,4,11,4575.0,Q106221
49,45067,Federico Luppi,45067,6,0,3295.8751312413087,Q1393963
50,45272,Kōbe,45272,4,3,20882.80052267916,Q48320
51,46187,Alcínoo,46187,2,2,0.0,Q496595
52,47116,American Football League,47116,28,4,688.7901519927699,Q464508
53,47118,National Football League,47118,149,4,284299.6428400086,Q1215884
54,47126,Houston Texans,47126,22,4,142.37386167900462,Q223514
55,47191,Fernando Arrabal,47191,1,5,0.0,Q309768
56,48397,Metro de Bilbao,48397,1,8,0.0,Q325309
57,49775,Michael Douglas,49775,12,2,9152.666666666666,Q119798
58,49791,Kirk Douglas,49791,48,2,111910.21168174107,Q104027
59,49933,Yokohama,49933,4,3,3051.0,Q38283
60,50214,John Glenn,50214,1,2,0.0,Q182642
61,50711,Aaliyah,50711,5,17,6486.343341250499,Q11617
62,51647,Roberto Arlt,51647,2,0,1525.9999999999998,Q188838
63,53810,Peter Ustinov,53810,3,2,3050.0,Q55796
64,53820,Dioxina,53820,2,6,0.0,Q2522
65,56093,True Lies,56093,2,11,312.7701935707886,Q110397
66,56730,Concertación de Partidos por la Democracia,56730,6,10,14866.494836607264,Q943126
67,56821,Mägo de Oz,56821,6,7,7620.0,Q849822
68,56853,Danny Aiello,56853,2,15,13662.0,Q299314
69,58709,Max Aub,58709,3,5,21222.0,Q356546
70,60116,Réquiem por un campesino español,60116,1,5,0.0,Q549360
71,61242,El Burgo de Osma,61242,1,5,0.0,Q485129
72,62528,Región Flamenca,62528,4,1,1537.5,Q9337
73,63409,Serguéi Bubka,63409,1,9,0.0,Q184556
74,65458,Terciopelo azul,65458,3,11,374.6590824596788,Q660950
75,65896,Eduardo Frei Ruiz-Tagle,65896,3,13,1526.0,Q326
76,66111,Ricardo Montaner,66111,4,10,19272.745819322492,Q629888
77,67284,Frank Capra,67284,1,2,0.0,Q51492
78,74772,Mario Camus,74772,3,6,4574.0,Q739500
79,77802,Festival Internacional de Cine de Venecia,77802,11,11,16741.292551435163,Q49024
80,78346,River Phoenix,78346,10,11,6684.052109518002,Q106514
81,80333,Atleta,80333,10,9,15645.093260442372,Q2066131
82,83519,Jaime de Armiñán,83519,3,12,762.5,Q3160587
83,83829,Suetonio,83829,5,9,22566.24381557656,Q10133
84,86422,Centro Nacional de Inteligencia (España),86422,2,5,1526.0,Q916449
85,87947,NTSC,87947,1,11,0.0,Q185796
86,88422,Lendakari,88422,9,6,46579.5,Q1124265
87,88438,Talcahuano,88438,3,13,19238.902376069927,Q41997
88,88851,José Luis Cuerda,88851,32,12,61765.7306564379,Q1709329
89,91064,Pausanias (geógrafo),91064,9,9,19509.78841244502,Q192931
90,92115,Tulle,92115,2,10,0.0,Q157713
91,92699,Telmo Zarra,92699,1,8,0.0,Q312408
92,95749,Lidia,95749,3,9,1526.0,Q620765
93,96127,Manuel Gutiérrez Mellado,96127,1,5,0.0,Q2638079
94,97385,Calístenes,97385,2,9,1526.0,Q82793
95,97709,Pancracio,97709,4,9,479.3236681758772,Q201252
96,97960,Johnny Depp,97960,9,11,15209.5,Q37175
97,98529,Batalla de Madrid,98529,3,5,1526.0,Q685062
98,98583,Universidad César Vallejo Club de Fútbol,98583,6,13,3035.507692307692,Q603023
99,98973,Buffalo Bills,98973,30,4,748.7485919363271,Q221626
100,99019,Agustín González,99019,7,12,129.54693149987293,Q399284
101,101234,Cincinnati Bengals,101234,24,4,284.8326153593457,Q223511
102,101239,Arizona Cardinals,101239,28,4,242.8849779530961,Q224164
103,101245,Los Angeles Chargers,101245,29,4,870.8521298050816,Q272220
104,102077,Copa Mundial de Fútbol de 1934,102077,1,8,0.0,Q1477177
105,102835,Super Bowl,102835,102,4,61550.84619150162,Q32096
106,104373,Eduardo Aninat,104373,2,13,0.0,Q5818966
107,104936,Super Bowl XXXIX,104936,8,4,34.904659778792144,Q926745
108,106241,Capitán Garfio,106241,2,11,2.0,Q1035128
109,106482,Sleepless in Seattle,106482,1,11,0.0,Q107167
110,106849,Lucio Vero,106849,1,9,0.0,Q1433
111,107902,Federica Montseny,107902,1,5,0.0,Q549307
112,109222,Estadio Presidente Perón,109222,6,13,39072.889735240315,Q1196031
113,109777,Antonio Escobar Huerta,109777,3,12,9039.049339957459,Q2443278
114,113616,Estadio Monumental de la UNSA,113616,3,7,10445.264710352776,Q1331178
115,114130,Villena,114130,1,12,0.0,Q502249
116,115393,Joan Laporta,115393,5,8,10443.222572095414,Q311611
117,116090,Utrecht,116090,2,13,32245.657155340912,Q803
118,117772,Sun Yat-sen,117772,1,3,0.0,Q8573
119,119305,Jenófanes,119305,1,9,0.0,Q131671
120,120489,Club Baloncesto Málaga,120489,17,14,10679.783333333336,Q54910
121,121129,Superior general de la Compañía de Jesús,121129,1,11,0.0,Q1515704
122,121862,Ovidi Montllor,121862,4,12,3051.0000000000005,Q2734296
123,123707,Pier Angeli,123707,1,2,0.0,Q106988
124,127644,Juegos Píticos,127644,3,9,1526.0,Q649128
125,128442,Copa Intercontinental FIBA,128442,4,14,1527.5000000000002,Q1421712
126,128489,Copa del Rey de baloncesto,128489,22,14,73070.09047619048,Q1130925
127,130765,Educación espartana,130765,2,9,1526.0000000000002,Q43336
128,134125,Luis Suárez Miramontes,134125,2,8,10470.243518574878,Q270367
129,136690,La Elipa,136690,1,8,0.0,Q5963222
130,137507,Real Unión Club,137507,17,8,115149.79377915182,Q726810
131,138146,Conviasa,138146,1,13,0.0,Q677606
132,138167,Gimnasio (Antigua Grecia),138167,3,9,3050.0,Q504400
133,140014,My Own Private Idaho,140014,3,11,3979.088022278545,Q1125451
134,140123,Jennifer Lopez,140123,9,1,233440.9807453582,Q40715
135,143121,Guillermo Amor,143121,1,8,0.0,Q342808
136,145291,Puerto Ordaz,145291,4,13,10651.0,Q2290080
137,145332,Prórroga (deporte),145332,14,8,96735.08663756722,Q186982
138,145490,Jon Andoni Goikoetxea,145490,4,8,442.20681283932,Q358222
139,149520,Carlos Ruiz Gutiérrez,149520,1,10,0.0,Q475730
140,152246,Pitón (mitología),152246,1,9,0.0,Q15721
141,156212,Meho Kodro,156212,1,8,0.0,Q380566
142,157807,Óscar II de Suecia,157807,1,11,0.0,Q52924
143,158413,Liga Nacional (béisbol),158413,5,4,642.4047017138065,Q858082
144,158417,Liga Americana,158417,6,4,46.30351482214141,Q465469
145,160772,Udinese Calcio,160772,12,7,68317.06704986499,Q2798
146,161761,Unione Sportiva Lecce,161761,6,7,11462.237861016953,Q13391
147,162851,Hellas Verona,162851,9,7,20236.61111676267,Q8639
148,162898,Supercopa de Italia,162898,7,7,13640.56869605929,Q19618
149,167041,Siniestro Total,167041,3,8,3051.0,Q1622756
150,167676,El Salvador (Chile),167676,3,13,762.5,Q760814
151,167883,Arenas Club,167883,5,8,137.26482894804838,Q641649
152,169744,Marshall McLuhan,169744,2,11,1526.0,Q193871
153,170645,Vulpes (banda),170645,1,8,0.0,Q3325178
154,171923,Candombe,171923,4,0,4572.5,Q1033073
155,172556,Burnley Football Club,172556,5,7,5110.704588949801,Q19458
156,174560,Sam Raimi,174560,3,2,2574.0334211229424,Q275402
157,176924,Sergio Lagos,176924,4,10,11812.294073558209,Q4307530
158,178776,Big,178776,2,11,2947.695438514012,Q858467
159,179004,Partido de Tres de Febrero,179004,2,0,1526.0,Q2054829
160,179835,Aíto García Reneses,179835,2,14,1526.0,Q2601936
161,182883,Estadio Jalisco,182883,2,7,3050.0,Q1346716
162,185011,Juan de Oñate,185011,2,10,0.0,Q2040026
163,185548,Carnegie Hall,185548,1,11,0.0,Q200959
164,185896,Manolo Flores,185896,1,14,0.0,Q3844999
165,187368,Elecciones al Parlamento de Galicia de 2005,187368,2,6,0.0,Q3272788
166,188506,Andoni Goikoetxea,188506,3,8,1.0,Q358424
167,189337,Glosas Emilianenses,189337,2,9,4572.0,Q1192096
168,193501,Germán Burgos,193501,1,7,0.0,Q350288
169,193596,Tritono,193596,1,7,0.0,Q623939
170,197542,Mercedes-Benz Superdome,197542,25,4,777.5413597069679,Q756452
171,198113,San Francisco Giants,198113,6,4,3057.1583333333333,Q308966
172,198238,8 Mile,198238,4,3,19219.042051041008,Q196665
173,199573,Patricia Neal,199573,3,2,2649.970435163637,Q191027
174,199870,Treviño,199870,1,9,0.0,Q427099
175,200170,Club Carlos A. Mannucci,200170,7,13,20569.516198656478,Q3781174
176,207541,1.ª ceremonia de los Premios Óscar,207541,1,11,0.0,Q109886
177,214884,Gabino Diego,214884,4,12,0.3333333333333333,Q4350356
178,215778,Amiens Sporting Club,215778,1,7,0.0,Q866884
179,216938,NeXT,216938,1,11,0.0,Q308993
180,219913,Isla del Diablo,219913,1,2,0.0,Q220385
181,220659,Henry Pym,220659,1,2,0.0,Q2057532
182,221295,Marcelo Nicola,221295,1,4,0.0,Q962332
183,221527,Apple II,221527,2,11,1525.9999999999998,Q201652
184,221741,Cine histórico,221741,6,2,52840.86044995133,Q17013749
185,221905,Valencia Basket,221905,12,14,1316.2499999999898,Q54940
186,222723,Alas (película),222723,3,11,3051.0,Q272036
187,224683,Glenn Ford,224683,5,2,3251.03614574383,Q212048
188,231507,Wichita (Kansas),231507,3,10,0.5,Q49266
189,237652,Rafael Azcona,237652,7,12,2568.05129562224,Q966061
190,238984,"Amanece, que no es poco",238984,20,12,8996.982539682578,Q4739835
191,239192,Universidad Laboral de Gijón,239192,2,11,4572.0,Q5196648
192,240241,Tiresias,240241,1,9,0.0,Q656881
193,240714,Aýna,240714,3,12,0.0,Q1606086
194,241586,Wenceslao Fernández Flórez,241586,4,12,0.0,Q1377191
195,243082,Ejército Popular de la República,243082,2,5,0.0,Q1953290
196,246553,El profesor chiflado (película de 1996),246553,1,11,0.0,Q936576
197,246769,Molinicos,246769,7,12,125.0861111111111,Q192390
198,248610,Nabateos,248610,1,9,0.0,Q220594
199,249639,Richard Widmark,249639,5,2,4918.8959346246165,Q320036
200,251533,Fernando Guillén,251533,4,12,4742.3971320346445,Q461260
201,251572,Manuel Alexandre,251572,13,12,12381.371101741684,Q983626
202,251628,Chus Lampreave,251628,4,12,0.0,Q268726
203,255820,A Star Is Born (película de 1954),255820,1,11,0.0,Q1305622
204,256388,Baquílides,256388,5,9,2378.3382593642777,Q310681
205,256390,Epinicio,256390,5,9,2302.666666666667,Q1236108
206,256941,Simónides de Ceos,256941,4,9,1526.0,Q273003
207,257044,Parlamento de Galicia,257044,5,6,1526.5833333333335,Q2742594
208,257053,Premios Tony,257053,6,11,6134.52979096777,Q191874
209,257519,La historia oficial,257519,4,0,16018.52498791193,Q1219153
210,257844,Estadio El Cobre,257844,3,13,762.5,Q793766
211,258982,Catherine Zeta-Jones,258982,1,2,0.0,Q47664
212,259021,Bilbao Basket,259021,10,14,4337.551190476223,Q54894
213,259057,Luis Miguel Fernández,259057,2,7,1526.0,Q314861
214,259679,Eduardo Mendicutti,259679,2,12,0.0,Q923155
215,260644,Arconte,260644,1,9,0.0,Q193379
216,262090,Zaldívar,262090,4,6,4574.0,Q1228013
217,262912,Partido Andalucista,262912,3,9,47418.817017013214,Q1278980
218,265655,Washington Redskins,265655,53,4,985.3088213381903,Q212654
219,267500,Miami Dolphins,267500,44,4,682.3709129576803,Q223243
220,270945,Wes Anderson,270945,3,11,1529.0588235294117,Q223687
221,271804,Indianapolis Colts,271804,39,4,1413.063092481816,Q193753
222,271911,Ministerio de Hacienda (Chile),271911,5,13,12710.562003487017,Q4294804
223,272958,"Murder, She Wrote",272958,3,2,3051.0,Q833322
224,273529,Diane Ladd,273529,4,11,11.315151515151515,Q234080
225,277772,El bosque animado (película),277772,8,12,94.69717295350277,Q128624
226,281266,Gerasa,281266,2,9,3050.0,Q31565
227,281364,Joseph McCarthy,281364,2,2,0.0,Q189197
228,281570,Goiás Esporte Clube,281570,5,13,50558.25057583738,Q816779
229,282483,Cine de Argentina,282483,12,0,72939.81788613902,Q646116
230,283276,Jesús Carroza,283276,2,11,1525.9999999999998,Q5929975
231,283656,Halloween (película de 1978),283656,1,11,0.0,Q221103
232,285036,María Isbert,285036,4,12,3.6944444444444433,Q388400
233,285311,María Luisa Ponte,285311,3,12,0.0,Q3573066
234,286713,La lengua de las mariposas,286713,7,12,229724.15040591784,Q2464930
235,288040,Kansas City (desambiguación),288040,4,10,0.0,Q227039
236,288926,¡Átame!,288926,1,11,0.0,Q600176
237,289523,Gobierno Vasco,289523,4,6,0.0,Q2554299
238,289718,Paco Rabanne,289718,1,5,0.0,Q467754
239,289721,Super Bowl XL,289721,9,4,50.289676401145705,Q904928
240,293902,Así en el cielo como en la tierra,293902,10,12,583.3565656565745,Q5710175
241,295103,Siete días de enero,295103,2,12,4572.0,Q3462223
242,296105,Oldboy (película de 2003),296105,3,11,684.8162698412698,Q475693
243,301234,Anne Baxter,301234,5,2,2779.86415552275,Q228906
244,301351,Alfonso Alonso,301351,3,6,0.0,Q635164
245,302307,Andrés Allamand,302307,1,13,0.0,Q4760139
246,302399,VfB Stuttgart,302399,5,8,9453.774785294978,Q4512
247,305361,Director de fotografía,305361,186,11,653552.7877060482,Q222344
248,308718,Estadio Martínez Valero,308718,2,8,214.68001998001972,Q953600
249,310992,Paul Schäfer,310992,1,10,0.0,Q63071
250,315763,Corrèze,315763,2,10,0.0,Q3326
251,317204,Sincronía de labios,317204,5,4,77038.45802564331,Q6556133
252,317292,China Zorrilla,317292,8,0,27461.21613623322,Q458175
253,317942,Walter Brennan,317942,3,2,1664.5999999999995,Q219521
254,327563,Club Universidad Técnica de Cajamarca,327563,6,13,3052.521095571097,Q971843
255,328396,Olivia de Havilland,328396,7,2,13028.164292431917,Q95068
256,329564,Nausícaa,329564,2,2,0.0,Q135224
257,330417,Gabriel Caballero,330417,1,7,0.0,Q999608
258,331288,Randy Newman,331288,2,11,1525.999999999999,Q318475
259,331298,Denholm Elliott,331298,1,11,0.0,Q313047
260,331486,Estadio Marcantonio Bentegodi,331486,2,7,0.0,Q737093
261,333816,Sônia Braga,333816,1,2,0.0,Q238993
262,333880,Daredevil (película),333880,1,12,0.0,Q751805
263,335706,Topeka,335706,3,10,1.7777777777777781,Q41057
264,336737,Estadio de Balaídos,336737,6,8,20765.1199158932,Q1326578
265,336765,Circo romano,336765,3,9,6095.0,Q477396
266,340774,Juan Manuel Lillo Díez,340774,1,7,0.0,Q983909
267,347819,Charles Laughton,347819,4,2,11294.910884729485,Q55264
268,348350,Luis Islas,348350,1,0,0.0,Q923318
269,348371,King Kong (película de 2005),348371,3,3,3892.4142759830515,Q160215
270,349250,Banesco,349250,3,13,1526.0,Q4854841
271,349995,Copa Real Federación Española de Fútbol,349995,1,8,0.0,Q2422944
272,353505,The Horse Whisperer,353505,1,11,0.0,Q1127424
273,354039,Wò hǔ cáng lóng,354039,3,11,1525.9999999999998,Q273978
274,356690,Lilian Thuram,356690,3,7,3051.0,Q180326
275,360846,Joan Fontaine,360846,3,2,587.8362238771399,Q95076
276,361329,Estadio de San Mamés (1913),361329,14,8,37605.11924269692,Q244592
277,363137,Estadio José Zorrilla,363137,3,8,10243.939556073952,Q151816
278,363858,Selección de fútbol de Corea del Norte,363858,1,13,0.0,Q14132
279,370748,Mary Tyler Moore,370748,1,11,0.0,Q41342
280,375004,What Women Want,375004,1,11,0.0,Q156394
281,378313,Big Boi,378313,2,17,13.166666666666664,Q371202
282,378554,Luis Ciges,378554,6,12,3.45,Q6700439
283,379104,Selección de rugby de Francia,379104,2,3,0.0,Q518116
284,379514,Selección de rugby de Irlanda,379514,2,3,3043.0,Q599903
285,381752,Roberto López Ufarte,381752,2,8,0.0,Q2722051
286,384341,Alberto Plaza,384341,1,7,0.0,Q5663434
287,386940,Los Angeles Memorial Coliseum,386940,19,4,1629.2265048119104,Q849784
288,387119,Gillette Stadium,387119,6,4,90088.90889837733,Q373355
289,387831,Estadio El Sadar,387831,2,8,1526.0,Q735783
290,389100,D12,389100,3,3,0.0,Q154543
291,390210,Ángeles Caso,390210,1,12,0.0,Q239117
292,395199,Provincia de Maguilov,395199,2,2,0.0,Q189822
293,395523,Presidentes del Fútbol Club Barcelona,395523,5,8,66977.97171085545,Q3051186
294,396702,DMX (rapero),396702,4,17,2645.575639771306,Q223769
295,399716,Giuseppe Meazza,399716,1,7,0.0,Q192131
296,402932,Basket Zaragoza 2002,402932,9,14,3567.385714285709,Q54926
297,403009,Kim Ki-duk,403009,2,11,646.992927031246,Q212990
298,404113,The Slim Shady LP,404113,3,3,2.0,Q383459
299,404122,The Marshall Mathers LP,404122,6,3,4700.261681297973,Q153607
300,404831,Roberto Mancini,404831,3,8,10275.201750621196,Q48330
301,407190,François Hollande,407190,5,10,7616.0,Q157
302,409947,Tertuliano,409947,3,9,37313.88763085382,Q174929
303,413119,Carlos Gamarra,413119,2,8,877.4877041207878,Q295512
304,413681,Antonio Dechent,413681,2,11,4.166666666666666,Q4776571
305,413741,Servicio de lavandería,413741,6,1,1279.0000000000318,Q158329
306,414543,Iruña-Veleia,414543,3,9,3051.0,Q796596
307,414564,Eliseo Gil,414564,1,9,0.0,Q2877935
308,417367,Misión imposible 2,417367,1,11,0.0,Q505790
309,433862,Selección de rugby de España,433862,4,3,3045.5,Q250783
310,435295,Hernán Larraín,435295,2,10,1526.0,Q5742466
311,438991,Estadio de Atocha,438991,2,8,0.0,Q3179478
312,440220,Il Postino,440220,3,0,13397.622606959523,Q258647
313,442868,Ip Man,442868,6,11,4068.000000000035,Q163830
314,443576,Fabio Capello,443576,5,7,17973.493137540507,Q183108
315,444183,Orestíada,444183,1,12,0.0,Q249769
316,445588,Éric Abidal,445588,2,8,3050.0,Q1935
317,446904,JoJo (cantante),446904,4,3,3242.0158719440087,Q215219
318,446954,David Berg,446954,2,11,1526.0,Q716827
319,450568,Fortaleza Esporte Clube,450568,8,13,14729.813783040168,Q188841
320,451632,Paco Lobatón,451632,2,12,1526.0,Q2842855
321,452544,Gueto de Varsovia,452544,1,5,0.0,Q154607
322,454462,Santa Eulalia,454462,2,11,0.0,Q154302
323,458212,Kily González,458212,1,13,0.0,Q314761
324,460455,Copa Libertadores 2004,460455,8,13,20409.715911108025,Q920756
325,467547,Gustavo Munúa,467547,2,8,1526.0,Q350287
326,468831,Teri Hatcher,468831,2,11,3049.9999999999995,Q181490
327,470468,El planeta de los simios (película de 2001),470468,2,2,409.9840448823207,Q469624
328,470699,"Me, Myself & Irene",470699,2,11,1525.9999999999998,Q844506
329,470950,Paulette Goddard,470950,6,2,9138.0,Q95050
330,472952,Matías Vuoso,472952,2,13,1526.0,Q1910946
331,474252,Anticapitalistas (asociación),474252,4,9,3050.5,Q3325616
332,475624,Manuel Pertegaz,475624,1,2,0.0,Q9028045
333,477379,Joaquín García-Morato,477379,1,5,0.0,Q2504423
334,484582,Dalton Trumbo,484582,9,2,3503.1696359939197,Q350666
335,484935,Baruch College,484935,1,1,0.0,Q809633
336,487438,Luis Antonio Jiménez,487438,2,7,4709.265207266452,Q351793
337,487635,Diseño de producción,487635,1,11,0.0,Q2962070
338,488900,Francisco Arce,488900,5,8,5996.748662606788,Q264228
339,491726,Emmanuel Adebayor,491726,2,8,1526.0,Q386876
340,492773,Uxía Blanco,492773,2,12,0.0,Q11704947
341,494906,Manuel Lozano,494906,1,12,0.0,Q9027904
342,495789,Joaquín Kremel,495789,4,12,7716.483993375968,Q5932145
343,496937,Aquamarine,496937,2,3,0.0,Q623072
344,502977,Poseidón (película),502977,1,11,0.0,Q906633
345,504953,Julia Caba Alba,504953,1,12,0.0,Q5954644
346,505652,Concurso de Triples de la NBA,505652,2,14,0.0,Q1470803
347,505685,Rising Stars Challenge,505685,3,14,0.5,Q1632739
348,513955,Juegos Nemeos,513955,3,9,1524.0,Q527006
349,514269,Álex Mumbrú,514269,1,14,0.0,Q250593
350,514812,Juegos Ístmicos,514812,3,9,1524.0,Q675181
351,517490,The Royal Tenenbaums,517490,1,11,0.0,Q935105
352,519344,Nuevo Estadio de Los Cármenes,519344,4,8,1540.4121180228306,Q574565
353,521645,Luis Sandrini,521645,2,0,34452.885899907385,Q6701100
354,529111,Onésimo Redondo,529111,2,5,0.0,Q2604548
355,529370,Alberto Tarantini,529370,2,0,34758.94318160505,Q455135
356,541007,Karla Rubilar,541007,1,13,0.0,Q5958343
357,546318,Rogério Ceni,546318,5,13,18403.0677108976,Q1249859
358,547181,Alan Wake,547181,1,11,0.0,Q575505
359,551321,Enjoy the Silence,551321,1,1,0.0,Q279097
360,556511,Álvaro Escobar,556511,2,10,6408.403775642563,Q3576977
361,558518,Serguéi Lavrov,558518,1,10,0.0,Q58217
362,560332,RTP1,560332,2,2,1525.9999999999998,Q2706279
363,562816,Club Plaza Colonia de Deportes,562816,2,13,98.16746031746028,Q1103101
364,564415,John Elway,564415,22,4,105.45035770995977,Q432931
365,564459,Mike Shanahan,564459,11,4,25.21700348488823,Q1857407
366,566637,Missy Elliott,566637,4,17,5263.09495727293,Q155079
367,568893,Julián González,568893,1,11,0.0,Q5956083
368,569159,Aldo Bobadilla,569159,1,8,0.0,Q362301
369,578878,Enrique Alonso,578878,1,0,0.0,Q5833026
370,580396,Simone Inzaghi,580396,1,7,0.0,Q314670
371,580624,Estadio 15 de Abril,580624,1,13,0.0,Q1369026
372,583898,Severino Di Giovanni,583898,1,0,0.0,Q176919
373,587752,Enrique de Borbón y Borbón-Dos Sicilias,587752,4,5,0.6666666666666666,Q2701191
374,591106,Cleveland Browns,591106,36,4,371.9670185127567,Q223527
375,591122,Chicago Bears,591122,41,4,1958.6391388065272,Q205033
376,591222,Fernando Amorebieta,591222,2,13,36060.98074471303,Q314250
377,592997,Detroit Lions,592997,23,4,252.61344111831454,Q271880
378,593006,Minnesota Vikings,593006,60,4,19582.131267856625,Q221150
379,596996,Jesús Puente,596996,3,12,12000.516006624232,Q1688451
380,597225,Rosa Díez,597225,3,6,18180.0,Q255666
381,598839,Centro Atlético Fénix,598839,4,7,3966.214393939394,Q978110
382,599368,Jacksonville Jaguars,599368,24,4,113.7511639711052,Q272223
383,599420,Tennessee Titans,599420,32,4,194.19431191861625,Q320484
384,614261,Boogie Nights,614261,2,11,8332.5,Q291170
385,616595,Willy Caballero,616595,1,7,0.0,Q441986
386,620194,Nancy Pelosi,620194,5,10,2286.0,Q170581
387,620906,Darío Lopilato,620906,2,0,1526.0,Q521027
388,628437,The Evil Dead,628437,2,2,3685.0493762406177,Q327604
389,632267,Interactividad,632267,1,11,0.0,Q839721
390,635294,Dejan Stanković,635294,3,7,3866.456119655973,Q192640
391,638286,Kansas City Chiefs,638286,46,4,4720.710803017554,Q223522
392,644218,Billy Crystal,644218,2,11,1525.9999999999998,Q186485
393,649841,Clásico de Avellaneda,649841,4,13,4334.8708224673,Q1066456
394,651082,La heredera (película),651082,1,2,0.0,Q1141493
395,652991,New York Jets,652991,35,4,758.7245308936243,Q219602
396,654374,New Orleans Saints,654374,36,4,642.9702996326114,Q172435
397,658357,Robert Conrad,658357,4,15,6095.0,Q722196
398,660278,The Wild Wild West,660278,3,15,1525.9999999999998,Q1278637
399,663683,Eulalia de Mérida,663683,3,11,3049.9999999999995,Q284323
400,666484,The Punisher (película de 2004),666484,1,11,0.0,Q909802
401,670952,Acta de Independencia de Chile,670952,3,13,15235.589781264816,Q1657253
402,677752,Discurso del estado de la Unión,677752,2,10,0.0,Q554211
403,679724,Juan Carlos Calabró,679724,1,0,0.0,Q6299208
404,681408,Luis Piedrahita,681408,1,0,0.0,Q956236
405,681690,Claudio Reyna,681690,1,16,0.0,Q363257
406,682419,Cassen (actor),682419,4,12,1.2000000000000002,Q8342076
407,686872,MVP (luchador),686872,1,4,0.0,Q44638
408,689061,Un lugar en el mundo (película),689061,3,0,13135.905940292878,Q1675415
409,689168,Txus di Fellatio,689168,1,7,0.0,Q3542634
410,689670,Copa de Alemania,689670,12,8,58408.215514791256,Q150880
411,691072,Mariano Andújar,691072,1,7,0.0,Q321321
412,692519,Copa Mundial de Fútbol Americano,692519,1,8,0.0,Q463251
413,693956,Estadio Rose Bowl,693956,20,4,1556.8949251799563,Q582280
414,695238,Rafael Alonso,695238,4,12,1526.0,Q960707
415,697773,Referéndum para la ratificación de la Constitución española,697773,1,6,0.0,Q3931618
416,698236,Villa romana,698236,1,2,0.0,Q918230
417,698938,Hervé Villechaize,698938,1,11,0.0,Q954841
418,700079,Hard Rock Stadium,700079,30,4,75837.1758199308,Q864339
419,700150,Happy Feet,700150,2,17,6710.518660239834,Q126800
420,701083,Raúl Allegre,701083,8,4,1.8910931174089072,Q7296146
421,701383,Kiko Casilla,701383,2,8,872.2658787689061,Q721600
422,703011,Candlestick Park,703011,3,4,1541.8209384958902,Q1033076
423,704480,Arrowhead Stadium,704480,7,4,2068.279726318087,Q544553
424,704488,Atlanta Falcons,704488,32,4,362.82825680709936,Q272059
425,704490,Carolina Panthers,704490,22,4,435.9233852895034,Q330120
426,704494,Tampa Bay Buccaneers,704494,29,4,1122.3862008165518,Q320476
427,705175,Cotton Bowl,705175,7,4,484.1401041889109,Q2688256
428,707784,José Sazatornil,707784,3,12,0.0,Q3138894
429,708368,Natalia Figueroa,708368,3,6,6092.0,Q6038462
430,709096,Jordi López,709096,1,8,0.0,Q1703728
431,709098,Touchdown,709098,26,4,199.1790586114721,Q650807
432,709114,Punto extra,709114,9,4,226.14622498598732,Q2603777
433,709129,Zona de anotación,709129,8,4,8.236238671652535,Q1234374
434,709135,Conversión de dos puntos,709135,9,4,209.22856486960487,Q1083063
435,709294,Campeonato de la AFC,709294,25,4,12962.114866007207,Q291768
436,710481,Núria Cadenas,710481,1,12,0.0,Q5685131
437,711471,Max Wright,711471,1,2,0.0,Q550653
438,711791,Quarterback,711791,59,4,2871.6173898705297,Q622747
439,716031,Juan Reynoso Guzmán,716031,3,13,1537.1712121212115,Q982500
440,717064,Scream 2,717064,1,11,0.0,Q270599
441,718240,Pat Tillman,718240,5,4,3.7472943722943723,Q768879
442,722049,Beautiful Girls,722049,1,11,0.0,Q813451
443,723347,Luis Núñez,723347,1,13,0.0,Q2880770
444,724938,Ryan Babel,724938,1,7,0.0,Q184218
445,733464,Debra Paget,733464,1,2,0.0,Q239854
446,735314,Tango y Cash,735314,2,11,4571.999999999999,Q571197
447,741366,Roberto Trashorras,741366,3,8,976.7571428571426,Q18753
448,741415,Academia Deportiva Cantolao,741415,6,13,4713.70582750583,Q4671060
449,744193,Liga Colombiana de Béisbol Profesional,744193,1,4,0.0,Q1130643
450,754907,Desaparecido (película),754907,1,2,0.0,Q400985
451,755874,Lose Yourself,755874,3,3,433.13866791421236,Q957616
452,757273,Martín Gramática,757273,10,4,40.89449761308628,Q126190
453,760222,Fran Vázquez,760222,4,14,1.5,Q358043
454,760842,The Chronicles of Riddick,760842,3,11,312.7701935707886,Q471976
455,761703,Draft,761703,24,4,6157.183176051471,Q31603
456,763598,Carreras de carros,763598,8,9,28299.653089310483,Q1164462
457,763772,Mauricio Caranta,763772,3,13,3935.5750370290825,Q2539014
458,765236,Fernando San Emeterio,765236,2,14,0.0,Q512432
459,765781,Ivo Basay,765781,2,13,2072.123337936573,Q585434
460,767195,Nicole (cantante chilena),767195,2,10,3050.0,Q69474
461,772622,El rey de la comedia,772622,1,11,0.0,Q1122281
462,772734,NME,772734,3,3,3051.0,Q192632
463,777155,Estadio Tierra de Campeones (Chile),777155,1,1,0.0,Q5400510
464,780674,El nadador,780674,1,11,0.0,Q1196815
465,783425,Romanización revisada del coreano,783425,8,11,7894.498527046965,Q498721
466,784692,Sara Paxton,784692,2,3,0.0,Q231635
467,787433,Kansas City Royals,787433,5,4,921.7771446058057,Q744530
468,790157,Aurora Bautista,790157,3,12,614.7210586197482,Q458045
469,790748,Juegos Panhelénicos,790748,2,9,107.83825936429501,Q508557
470,793015,Mitt Romney,793015,2,10,9126.0,Q4496
471,797269,Presidente de la Cámara de Representantes de los Estados Unidos,797269,5,10,2286.0,Q912994
472,797487,Robin Hood (película de 1973),797487,2,11,1525.9999999999998,Q19090
473,801167,Lautaro Acosta,801167,1,7,0.0,Q369501
474,803144,Cristian Lucchetti,803144,7,13,10033.424962970921,Q1171195
475,805261,Concha Cuetos,805261,2,11,1526.0,Q5780964
476,806199,Francisco de Paula de Borbón,806199,4,5,1526.0,Q462892
477,806300,Emmitt Smith,806300,12,4,397.70461070328207,Q1338802
478,807236,Osvaldo Laport,807236,4,0,16823.19214559386,Q2620033
479,812464,Fiorella Faltoyano,812464,1,12,0.0,Q2679144
480,812507,The 13th Warrior,812507,1,11,0.0,Q748030
481,815284,Elsa y Fred,815284,7,0,49161.93738536754,Q1333403
482,825983,Diego Klimowicz,825983,1,8,0.0,Q47029
483,829070,Premios Independent Spirit,829070,8,11,1350.6809260786802,Q311836
484,830003,Todo por un sueño,830003,2,11,1525.9999999999998,Q590701
485,831662,Sansón y Dalila (película de 1949),831662,1,2,0.0,Q426352
486,831914,Desfile de llamadas,831914,2,0,0.0,Q3043176
487,833089,Speed (película),833089,2,11,312.7701935707886,Q108006
488,847074,"No sos vos, soy yo",847074,2,0,11871.622606959507,Q2711786
489,851037,Manu Sarabia,851037,3,8,0.3333333333333333,Q930130
490,856354,Mazinho,856354,1,7,0.0,Q350761
491,857052,Juanjo Menéndez,857052,1,12,0.0,Q4892682
492,857597,Morgan York,857597,1,11,0.0,Q241591
493,859382,Dimitar Berbatov,859382,2,7,6647.317095918452,Q170235
494,861780,Bowl,861780,13,4,1547.5924372242048,Q2922711
495,863580,Furano,863580,2,6,0.0,Q243992
496,865630,Nicollette Sheridan,865630,2,11,1525.9999999999998,Q229440
497,869570,Decápolis,869570,2,9,1526.0,Q823244
498,872741,Antonio Garrigues Díaz-Cañabate,872741,1,5,0.0,Q8201241
499,880275,Tercera guerra servil,880275,3,9,23204.741638342017,Q194378
500,881178,American Academy of Dramatic Arts,881178,6,2,4652.484762459764,Q389336
501,888111,Texas Tech Red Raiders,888111,3,4,2.39859660666996,Q1752526
502,888847,Club Deportivo de la Universidad Católica (Ecuador),888847,6,13,6996.035828640833,Q2308911
503,890516,Miami Hurricanes,890516,13,4,414.40000180216265,Q7879378
504,891200,Tom Landry,891200,11,4,156.63491892513065,Q1374361
505,898286,Carlos Suárez (baloncestista),898286,2,14,0.0,Q597474
506,901498,Diego Ribas,901498,2,13,466.30040297791817,Q109428
507,901935,Fedra Lorente,901935,2,12,0.0,Q5857950
508,904673,Gustavo Costas,904673,1,13,0.0,Q3294412
509,913553,TNT (canal de televisión),913553,4,3,3420.844423910098,Q688333
510,919376,Sección Femenina,919376,2,5,0.0,Q2121301
511,924232,Emilio Disi,924232,5,0,9131.916666666666,Q5371858
512,926469,Juvenal,926469,2,9,0.0,Q193800
513,937253,Las ranas,937253,1,9,0.0,Q815376
514,941480,Súper Rugby,941480,4,3,4572.5,Q855988
515,950004,Líneas ley,950004,1,11,0.0,Q1542294
516,950732,Javier Gandolfi,950732,1,13,0.0,Q1773270
517,964875,Club Deportivo Macará,964875,3,13,1855.6405664339102,Q249636
518,967363,Ricardo Caruso Lombardi,967363,4,13,4575.0,Q971413
519,968982,Estadio General Pablo Rojas,968982,2,8,1087.5890415140418,Q1369223
520,977135,Cristina del Valle (actriz),977135,3,0,3050.9999999999995,Q5791545
521,981864,Jean Simmons,981864,6,2,16838.4693523274,Q107656
522,988764,Anna Karina,988764,1,11,0.0,Q232113
523,994471,John Singleton,994471,2,3,14.772222222222224,Q363005
524,997289,Xavier Sala i Martín,997289,1,8,0.0,Q732476
525,1005859,Malin Åkerman,1005859,2,11,16.47222222222222,Q229669
526,1008577,Antonio Vodanovic,1008577,2,10,0.0,Q5700085
527,1008914,Baa Baa Black Sheep,1008914,1,15,0.0,Q281955
528,1013144,Marcelino García Toral,1013144,2,5,1526.0,Q1339589
529,1013322,Club Baloncesto Canarias,1013322,2,14,0.0,Q54897
530,1016606,Bob Hoskins,1016606,3,11,1542.472222222222,Q211283
531,1016868,Miami Orange Bowl,1016868,18,4,204.3128497037429,Q619512
532,1017622,Calciopoli,1017622,4,7,5694.053788614898,Q719305
533,1023457,Derbi madrileño,1023457,5,8,15849.686800086929,Q856247
534,1024021,Palacio de Deportes José María Martín Carpena,1024021,2,14,0.0,Q1668721
535,1028859,Fredric March,1028859,1,11,0.0,Q181819
536,1029811,El ídolo de barro,1029811,1,2,0.0,Q244865
537,1032594,Llaneros de Guanare Escuela de Fútbol,1032594,2,13,1526.0,Q1306466
538,1032898,Casi famosos,1032898,1,11,0.0,Q726294
539,1035598,Wild at Heart (película),1035598,4,11,4937.098532040639,Q751382
540,1036400,Hechizo de luna,1036400,1,2,0.0,Q1336107
541,1037343,El honor de los Prizzi,1037343,1,17,0.0,Q460664
542,1043466,Justos entre las Naciones,1043466,2,5,0.0,Q112197
543,1043510,José Manuel Calderón,1043510,3,14,10646.0,Q316106
544,1049113,Roberto Gutiérrez,1049113,4,13,4572.0,Q2012311
545,1052999,Duelo de titanes,1052999,3,2,0.5,Q232222
546,1060285,Theo Walcott,1060285,2,7,1734.630202352144,Q29516
547,1063187,Franco Di Santo,1063187,1,13,0.0,Q315330
548,1064587,Trading Places,1064587,4,11,8144.02973284175,Q504151
549,1064752,Kansas City (Kansas),1064752,4,10,0.0,Q486472
550,1066833,Inland Empire (película),1066833,3,11,739.2897489640095,Q862058
551,1072128,Lucio Angulo,1072128,1,14,0.0,Q934865
552,1073906,Jeffrey Hunter,1073906,2,11,150.83349567099555,Q176361
553,1080679,Los vikingos,1080679,2,2,8825.879088034859,Q1146960
554,1082921,Casco de fútbol americano,1082921,4,4,0.07142857142857142,Q1245430
555,1084311,Reversal of Fortune,1084311,2,11,1525.9999999999998,Q1210973
556,1086789,Cañas y barro (novela),1086789,2,18,1525.9999999999998,Q8343249
557,1086799,Cañas y barro (serie de televisión),1086799,2,18,3050.0,Q8343254
558,1086833,Cañas y barro (película),1086833,1,18,0.0,Q5759577
559,1090782,Diez de Hollywood,1090782,5,2,753.5973232323222,Q1052869
560,1093265,Karl Malden,1093265,1,2,0.0,Q94992
561,1101936,Cássio Ramos,1101936,1,13,0.0,Q920039
562,1103352,Claudio Ranieri,1103352,4,7,2267.0273647411427,Q235068
563,1106054,Las Veneno,1106054,1,11,0.0,Q5970811
564,1106072,Gracia Olayo,1106072,2,11,1525.9999999999998,Q5883909
565,1107089,El cliente (película de 1994),1107089,1,11,0.0,Q255376
566,1109589,Estadio Hernando Siles,1109589,3,13,3051.0,Q1369261
567,1111776,Brad Renfro,1111776,1,2,0.0,Q152767
568,1114737,Eulalia de Barcelona,1114737,2,11,0.0,Q2456500
569,1116163,Piel naranja,1116163,1,0,0.0,Q2883242
570,1118564,Elpidia Carrillo,1118564,1,11,0.0,Q455010
571,1122226,Eugenia Tobal,1122226,2,0,0.0,Q3059589
572,1126423,Guillermo Montesinos,1126423,2,12,6092.0,Q9001350
573,1132218,El día de los enamorados,1132218,1,18,0.0,Q5824786
574,1132262,Víctor Frankenstein,1132262,1,11,0.0,Q2320164
575,1139495,Oxford United Football Club,1139495,1,7,0.0,Q48946
576,1146119,Graciela Borges,1146119,6,0,9896.0,Q1814181
577,1151055,Charlotte Rampling,1151055,3,11,1550.5608672936264,Q234679
578,1155377,Oier Olazábal,1155377,2,8,1526.0,Q367872
579,1156367,Miguel Ángel Garzón,1156367,4,11,4575.5,Q6015635
580,1156905,Lethal Weapon 4,1156905,1,15,0.0,Q429397
581,1158958,Lidia Satragno,1158958,1,0,0.0,Q9022316
582,1159288,Premios Annie,1159288,7,11,6986.40936183974,Q566905
583,1164054,Leonor Benedetto,1164054,2,0,4918.612616310889,Q9021539
584,1164226,Alan Ladd,1164226,3,2,1716.6714285714286,Q346280
585,1168653,Los héroes de Telemark,1168653,1,2,0.0,Q693747
586,1169334,Kayserispor,1169334,1,8,0.0,Q608122
587,1170781,Ghostbusters II,1170781,2,11,0.0,Q492214
588,1175157,Alberto Amarilla,1175157,2,11,0.0,Q5662745
589,1178339,Irena Sendler,1178339,3,5,1526.0,Q151932
590,1184528,Javier Hernán García,1184528,3,13,3076.0,Q2733986
591,1188001,Rafael Romero Marchent,1188001,5,18,6095.0,Q930168
592,1190879,El padrecito,1190879,2,2,1525.9999999999998,Q5352482
593,1192429,Selección femenina de fútbol de los Estados Unidos,1192429,7,16,10658.0,Q334526
594,1192595,Selección femenina de fútbol de Canadá,1192595,1,16,0.0,Q499946
595,1194445,Selección femenina de fútbol de México,1194445,2,16,0.0,Q599923
596,1199780,Veronica Lake,1199780,1,2,0.0,Q84232
597,1201821,Don Ameche,1201821,2,11,0.0,Q310413
598,1203253,Ralph Bellamy,1203253,3,11,3642.399920837901,Q364135
599,1203449,Zulma Faiad,1203449,3,0,2789.666666666666,Q610397
600,1204838,Rivalidad futbolística entre Argentina y Brasil,1204838,4,13,60100.09786676477,Q2358091
601,1213452,Hernán Caputto,1213452,1,13,0.0,Q5742401
602,1219131,Willian,1219131,2,7,7894.795363327999,Q73480
603,1221584,Tony Romo,1221584,11,4,46.43174828749837,Q14027
604,1222475,Fabián Orellana,1222475,7,8,114299.82822613824,Q367851
605,1222953,Victor Mature,1222953,4,2,1546.0761904761905,Q358317
606,1223243,Arnaldo André,1223243,2,0,0.0,Q4120125
607,1226730,Sergio Scariolo,1226730,4,14,1527.666666666667,Q718825
608,1234372,Tristeza de amor,1234372,1,11,0.0,Q6152881
609,1245661,Andrea Politti,1245661,1,0,0.0,Q5675211
610,1246277,María Valenzuela,1246277,2,0,22851.461073528662,Q10885115
611,1250910,Román Cuello,1250910,2,8,0.0,Q7363402
612,1254618,Judaísmo conservador,1254618,1,2,0.0,Q205644
613,1261930,El día de los tramposos,1261930,1,2,0.0,Q431225
614,1265617,Tom Hayden,1265617,1,10,0.0,Q352953
615,1266123,Gerardo Romano (actor),1266123,2,0,1105.5083333333334,Q5550305
616,1266517,Marcelo Díaz (futbolista),1266517,6,13,9794.108478022983,Q1353070
617,1268268,Salón de la Fama del Fútbol Americano Profesional,1268268,26,4,625.7800672540449,Q778412
618,1269541,Gene Tierney,1269541,7,2,2972.881987872457,Q230555
619,1275681,Nacho Monreal,1275681,1,8,0.0,Q342219
620,1278535,Alexandre Desplat,1278535,7,11,7926.145548690659,Q313362
621,1284823,Selección de fútbol sala de España,1284823,1,8,0.0,Q84117
622,1293267,Earthlings,1293267,1,11,0.0,Q1277684
623,1295980,Chu Shong-tin,1295980,1,11,0.0,Q5115165
624,1300917,Club Atlético Nacional Potosí,1300917,3,13,1533.5000000000002,Q676897
625,1304388,Violeta Cela,1304388,3,12,13487.516006624232,Q6163263
626,1317460,Nabonido,1317460,1,9,0.0,Q239414
627,1317540,Unione Sportiva Sassuolo Calcio,1317540,1,7,0.0,Q8603
628,1319638,The Polar Express,1319638,3,11,8144.829184885993,Q862197
629,1327297,Bruno Romo,1327297,1,7,0.0,Q4979381
630,1330420,Chris Isaak,1330420,3,11,3051.0,Q313009
631,1337001,Rubén Selmán,1337001,1,13,0.0,Q921965
632,1338366,Los girasoles ciegos,1338366,3,12,0.0,Q5980905
633,1340304,El asesinato de Jesse James por el cobarde Robert Ford,1340304,3,11,2957.572194925724,Q388950
634,1341323,Cheryl Ladd,1341323,1,2,0.0,Q218884
635,1346088,Leonardo Madelón,1346088,5,13,10655.0,Q6526021
636,1346876,Running back,1346876,38,4,221.63604003760247,Q912985
637,1348991,Linebacker,1348991,30,4,1595.938133862222,Q528145
638,1349153,Fullback (fútbol americano),1349153,15,4,6.276198548911084,Q526960
639,1350368,Safety,1350368,7,4,55.522691059258506,Q24906
640,1350395,Wide receiver,1350395,36,4,758.3531543381309,Q918224
641,1352249,Fútbol americano universitario,1352249,21,4,696.9278957544049,Q1109032
642,1353860,Michael Giacchino,1353860,6,11,6096.499999999999,Q155124
643,1361240,Himno de Andalucía,1361240,2,5,1526.0,Q2080743
644,1377553,Ann Sothern,1377553,2,2,0.0,Q235289
645,1389737,Marixa Balli,1389737,2,0,6091.999999999999,Q5999434
646,1395319,Bob Forrest,1395319,1,11,0.0,Q2907665
647,1396320,Anita Martínez,1396320,1,0,0.0,Q5696135
648,1401693,Miss Potter,1401693,1,11,0.0,Q908680
649,1403513,Jorge Montejo,1403513,2,0,34.666666666666664,Q28100909
650,1404833,Marcelinho Huertas,1404833,5,14,3062.085714285714,Q716480
651,1410232,Paco Llorente,1410232,1,8,0.0,Q3780189
652,1413645,Draft de la NFL,1413645,26,4,153.20270471899522,Q1750919
653,1414925,Bologna Football Club 1909,1414925,7,7,12864.954336193221,Q1893
654,1416135,Ander Garitano,1416135,1,8,0.0,Q490518
655,1420289,Jumper (película),1420289,1,11,0.0,Q541079
656,1422212,José Pedro Fuenzalida,1422212,8,13,80908.24217142782,Q946154
657,1423209,Ana Wagener,1423209,2,11,1525.9999999999998,Q483090
658,1428457,Arte de la India,1428457,1,9,0.0,Q831768
659,1436797,Triplete (fútbol),1436797,4,8,50517.22679393623,Q845101
660,1438478,Fabián Monzón,1438478,2,13,3204.9006440597896,Q440097
661,1441516,Elaine Hendrix,1441516,1,11,0.0,Q271620
662,1447221,In the Valley of Elah,1447221,3,11,3815.232683173212,Q126896
663,1452196,Copa del Rey de fútbol 2004-05,1452196,1,8,0.0,Q1130869
664,1458248,Ernie Hudson,1458248,3,11,2.771717171717172,Q471018
665,1459973,Enrique Bologna,1459973,2,13,3050.0,Q1750730
666,1465434,30 Days of Night,1465434,1,2,0.0,Q224117
667,1472378,Sebastián Torrico,1472378,1,7,0.0,Q3476914
668,1475749,Enriqueta Carballeira,1475749,2,12,0.5,Q5648404
669,1483445,Johnny Unitas,1483445,21,4,167.36437246387223,Q716029
670,1489180,Diego Vera,1489180,1,13,0.0,Q1083645
671,1493409,Camila (película),1493409,1,11,0.0,Q621745
672,1512386,Rodolfo Bebán,1512386,3,0,3053.0,Q6110471
673,1529610,Dichato,1529610,1,10,0.0,Q2620908
674,1531459,Papillon (película de 1973),1531459,2,11,0.0,Q596965
675,1533754,¿Arde París? (película),1533754,2,2,137.86591303433408,Q909561
676,1534475,Slim Shady,1534475,2,3,0.0,Q19929372
677,1536932,Las Vegas Strip,1536932,2,11,4571.999999999999,Q745608
678,1552282,Copa de la Liga de Portugal,1552282,2,7,1526.0,Q966559
679,1576569,Renzo Revoredo,1576569,1,13,0.0,Q919683
680,1580594,Lía Crucet,1580594,1,0,0.0,Q5410981
681,1586573,Estadio Municipal de Ipurua,1586573,2,5,4572.0,Q3320428
682,1604990,Pablo Alarcón,1604990,1,0,0.0,Q923591
683,1612035,Mercedes Morán,1612035,3,0,786.5522168680992,Q3306307
684,1612040,Norman Briski,1612040,2,0,1746.7619047619046,Q4355418
685,1622873,Los girasoles ciegos (película),1622873,3,12,0.0,Q917910
686,1624185,Francisco Javier Sauquillo,1624185,3,6,0.0,Q8962438
687,1624734,Demi Lovato,1624734,5,1,6097.0,Q41173
688,1629000,Derbi vasco,1629000,12,8,18117.101333073213,Q3023610
689,1629363,The Pacifier,1629363,2,11,1525.9999999999998,Q1192363
690,1645580,Mariscal de campo,1645580,1,4,0.0,Q7821620
691,1671539,Super Bowl XXVI,1671539,13,4,57.665369575028826,Q1576569
692,1671611,Maria Schell,1671611,2,2,0.0,Q84365
693,1677790,Jim Brown,1677790,7,4,29.582182597018388,Q927916
694,1688188,Gilberto Bosques,1688188,3,5,4572.0,Q325321
695,1728996,Las crónicas de Spiderwick (película),1728996,1,11,0.0,Q461768
696,1736539,Xavier Pericay,1736539,1,5,0.0,Q9096568
697,1753113,Historiografía griega,1753113,6,9,17209.58207746474,Q3054660
698,1765673,Ryan Cabrera,1765673,1,11,0.0,Q1139628
699,1775764,RCDE Stadium,1775764,2,8,2009.9793750109488,Q473223
700,1783379,Fabio Quagliarella,1783379,2,7,0.0,Q45900
701,1790531,John Ireland (actor),1790531,4,2,150.3177449032774,Q395494
702,1793985,Nelinho Quina,1793985,2,13,9.3,Q2831006
703,1796717,"Suerte (Whenever, Wherever)",1796717,6,1,16680.216441003457,Q1991449
704,1800947,El último atardecer (película),1800947,2,2,0.0,Q1324479
705,1811690,Héctor Echavarría,1811690,4,0,3.4166666666666665,Q5963807
706,1816981,Gary Busey,1816981,2,15,3049.9999999999995,Q312081
707,1819988,Rush Limbaugh,1819988,1,2,0.0,Q319072
708,1820757,Anthony Randolph,1820757,2,14,0.0,Q2629170
709,1828273,Cradle 2 the Grave,1828273,3,17,1526.0,Q837536
710,1837125,Ducado de Sevilla,1837125,5,5,764.1666666666665,Q2754530
711,1847004,America the Beautiful,1847004,2,10,12152.0,Q463167
712,1852869,Jorge Salcedo,1852869,3,0,3049.9999999999995,Q6278607
713,1861672,Carles Francino Navarro,1861672,2,5,0.0,Q8263584
714,1863341,Teresa Ruiz,1863341,1,11,0.0,Q1191146
715,1866855,Hugo Lloris,1866855,1,7,0.0,Q1907
716,1869514,Field goal,1869514,24,4,840.4923754853719,Q24923
717,1872130,Bae Doona,1872130,1,11,0.0,Q269742
718,1890353,Frank James,1890353,2,11,1271.6354970259406,Q711243
719,1908538,Wicked Game,1908538,1,11,0.0,Q26415
720,1911128,The Dukes of Hazzard (película),1911128,1,11,0.0,Q2306995
721,1911142,Francisco de Paula de Borbón y Castellví,1911142,6,5,9126.666666666668,Q3062292
722,1911367,Cuatro hermanos,1911367,2,3,722.7043653473312,Q1411345
723,1911527,Amor en juego,1911527,2,11,312.7701935707886,Q1304902
724,1966733,Trofeo Vince Lombardi,1966733,8,4,87.15046157837067,Q2526532
725,1970493,Nicole Natalino,1970493,2,10,1526.0,Q9290085
726,1981352,Jersey Girl (película),1981352,2,1,224558.12557753766,Q127897
727,1985330,Cayo Apuleyo Diocles,1985330,2,9,1522.763168619217,Q983525
728,1985898,Peso superpluma,1985898,2,11,1525.9999999999998,Q763947
729,1999204,Rebeca Escribens,1999204,1,10,0.0,Q7301626
730,2004232,María Elena Flores,2004232,3,12,0.0,Q6003675
731,2009723,Luis Miguel Ramis,2009723,1,8,0.0,Q3323952
732,2011856,Robert Forster,2011856,1,11,0.0,Q367155
733,2019344,Luis Casimiro,2019344,2,14,0.0,Q5983054
734,2028629,Lakeview Terrace,2028629,1,11,0.0,Q167374
735,2028682,Rodrigo Gómez,2028682,1,13,0.0,Q16300544
736,2040962,Edson Puch,2040962,1,13,0.0,Q2475246
737,2041405,Ethan Suplee,2041405,1,11,0.0,Q314610
738,2062498,Holocausto 2000,2062498,1,2,0.0,Q1999358
739,2067407,Drew Brees,2067407,11,4,90.0565895675757,Q38952
740,2097476,Filípides,2097476,2,9,0.0,Q313728
741,2099568,Pili y Mili,2099568,4,18,2533.3333333333226,Q11699315
742,2105152,Pablo Laso,2105152,5,14,11.025000000000002,Q1727651
743,2105457,Línea de scrimmage,2105457,9,4,423.2483477244744,Q1651587
744,2122236,The Day the Earth Stood Still (película de 2008),2122236,1,2,0.0,Q187154
745,2125373,Intercepción (fútbol americano),2125373,9,4,31.088496810262214,Q1594352
746,2130162,Ralf Rangnick,2130162,1,8,0.0,Q57902
747,2136450,Club Sport Huancayo,2136450,5,13,25062.78286532314,Q602987
748,2140631,Dos gemelas estupendas,2140631,4,18,12152.0,Q8770462
749,2164943,Interferencia de pase (fútbol americano),2164943,4,4,168.1321872559561,Q1387877
750,2166931,Rafael Martínez Aguilera,2166931,1,14,0.0,Q1987415
751,2176770,Chicken Run,2176770,1,11,0.0,Q156401
752,2178333,Osvaldo Martínez,2178333,1,8,0.0,Q2538761
753,2180314,Steve Van Buren,2180314,6,4,29.13230701859953,Q1849062
754,2185495,Alexander Medina,2185495,4,7,3665.497120451679,Q371399
755,2185764,Rosa Luna,2185764,2,0,0.0,Q5795204
756,2188042,Elecciones al Parlamento Vasco de 2009,2188042,5,6,6072.833333333334,Q3181322
757,2189984,Medalla Presidencial de la Libertad,2189984,4,2,4174.97043516364,Q17144
758,2190595,For Love of the Game,2190595,1,4,0.0,Q777591
759,2192785,Elecciones al Parlamento de Galicia de 2009,2192785,5,6,4562.416666666667,Q3045419
760,2209587,Quino Colom,2209587,4,14,16.05,Q2893282
761,2217561,Hattie McDaniel,2217561,2,2,3791.1005253151616,Q228904
762,2228764,George Halas,2228764,8,4,1.2199096654979007,Q163908
763,2231211,Ángel Faretta,2231211,1,2,0.0,Q669573
764,2233649,Troy Aikman,2233649,15,4,148.29220171508655,Q525002
765,2251306,Medio tiempo,2251306,2,4,0.0,Q1321220
766,2253785,Estadio Beira-Rio,2253785,2,13,3050.0,Q1050224
767,2255974,The Holiday,2255974,1,11,0.0,Q478748
768,2275640,Crank (película),2275640,2,11,1525.9999999999998,Q150047
769,2277018,Super Bowl XXX,2277018,16,4,253.08772351325084,Q1065229
770,2281425,El palomo cojo,2281425,3,12,762.5,Q5351740
771,2286220,Matías Nicolás Rodríguez,2286220,3,13,8457.915377242296,Q1910910
772,2293306,Las aventuras de Sharkboy y Lavagirl,2293306,1,11,0.0,Q656357
773,2294569,Matías Defederico,2294569,1,13,0.0,Q734734
774,2296145,Lionard Pajoy,2296145,1,13,0.0,Q6555486
775,2304566,Carlitos (guitarrista),2304566,1,7,0.0,Q5548376
776,2306087,Copa del Generalísimo de fútbol 1969,2306087,1,8,0.0,Q1116975
777,2308165,Marley & Me,2308165,2,11,312.7701935707886,Q1129290
778,2308538,Stan (canción),2308538,3,3,2.0,Q312122
779,2311658,La teta asustada,2311658,1,11,0.0,Q1129420
780,2314829,Matrimonios y algo más,2314829,4,0,16199.904761904758,Q6006325
781,2315295,Jair Reinoso,2315295,1,13,0.0,Q9010648
782,2323029,Natalino,2323029,1,10,0.0,Q3565293
783,2323351,Carlos Queiroz,2323351,3,7,3075.416605321925,Q313209
784,2328777,Miquel Soler,2328777,1,8,0.0,Q919720
785,2337949,Javier Imbroda,2337949,1,14,0.0,Q3163154
786,2338223,Metacritic,2338223,54,11,25790.270420278688,Q150248
787,2344121,Out of the Past,2344121,1,2,0.0,Q1400390
788,2348718,Alguna vez tendremos alas,2348718,1,2,0.0,Q3281241
789,2363604,Punt (fútbol americano),2363604,9,4,15.733567365774526,Q11701352
790,2368856,Return to the Blue Lagoon,2368856,1,11,0.0,Q1114179
791,2369180,Lampadedromía,2369180,3,9,1526.0,Q3216797
792,2372622,Down (fútbol americano),2372622,8,4,8.539770202334399,Q139989
793,2377199,Mark Sanchez,2377199,11,4,42.14453479726321,Q946184
794,2388962,Copa Calcuta,2388962,1,3,0.0,Q1026396
795,2391602,Gimnasiarquía,2391602,3,9,1526.0000000000002,Q3122633
796,2396782,Fusión de la AFL-NFL,2396782,29,4,83.10644976431024,Q431972
797,2397711,The Courageous Heart of Irena Sendler,2397711,1,10,0.0,Q24520
798,2402672,Asier Garitano,2402672,4,8,2027.545660563456,Q4806891
799,2402766,Copa Mundial de Rugby de 2019,2402766,6,3,27870.304038862658,Q2724176
800,2410294,Theo van Gogh (marchante de arte),2410294,3,13,33454.77875243708,Q317188
801,2413251,Enemigos públicos,2413251,2,11,8332.5,Q329448
802,2415213,César Bertrand,2415213,2,0,0.0,Q5796153
803,2421889,Super Bowl II,2421889,11,4,194.62547325900783,Q617167
804,2421992,Rugby Europe International Championships,2421992,2,3,0.0,Q1467826
805,2436368,Two-minute warning,2436368,1,4,0.0,Q7858734
806,2436796,Neven Subotić,2436796,2,8,1526.0,Q161038
807,2442060,Cimarrón (película de 1960),2442060,3,2,531.9096665583701,Q2719291
808,2457397,Norberto Aroldi,2457397,2,0,0.0,Q7050395
809,2462153,Jerry Jones,2462153,9,4,4.221871775025798,Q1280022
810,2464586,La educación de las hadas,2464586,1,12,0.0,Q5577149
811,2469237,Amy Smart,2469237,1,11,0.0,Q235272
812,2471761,Mats Hummels,2471761,1,8,0.0,Q110053
813,2472409,Madison De La Garza,2472409,2,1,0.0,Q235682
814,2477295,Julia Sandoval,2477295,2,0,16423.2380952381,Q5954694
815,2482144,Jorge Linares,2482144,1,11,0.0,Q2568056
816,2485415,Porfirio Fisac,2485415,1,14,0.0,Q6082905
817,2488390,American Bowl,2488390,18,4,8.043242244542215,Q461056
818,2489860,Club Alianza Universidad de Huánuco,2489860,8,13,4584.566666666667,Q4725580
819,2491869,Pase play action,2491869,1,4,0.0,Q1734020
820,2496697,Copa del Rey de fútbol 2009-10,2496697,2,8,114.06629204129186,Q1130909
821,2497890,AT&T Stadium,2497890,13,4,449.26453769315816,Q838284
822,2502900,Roger Staubach,2502900,13,4,96.01712207940236,Q736932
823,2503348,Facundo Campazzo,2503348,4,14,1.6,Q2701620
824,2505654,Cecilia Gabriela,2505654,1,0,0.0,Q261212
825,2511264,Super Bowl VI,2511264,20,4,443.9012646789154,Q1064741
826,2519015,Edin Džeko,2519015,2,7,0.0,Q153786
827,2525218,Super Bowl XII,2525218,14,4,109.23690031894381,Q632774
828,2525264,Super Bowl XXVIII,2525264,16,4,249.20216857752288,Q621500
829,2530507,María Concepción César,2530507,2,0,3050.0,Q6761110
830,2561557,El hombre de la máscara de hierro (película de 1998),2561557,2,11,1525.9999999999998,Q1123463
831,2563672,Estadio Monumental José Fierro,2563672,1,13,0.0,Q1369432
832,2565305,Fuga de cerebros (película de 2009),2565305,4,11,6851.166666666666,Q3090557
833,2573948,Diana Ingro,2573948,1,0,0.0,Q5405588
834,2627009,Donald Millán,2627009,3,13,1520.1287878787884,Q5294882
835,2644228,Betiana Blum,2644228,3,0,5540.2714285714255,Q4898132
836,2650023,Ramiro Pruneda,2650023,4,4,0.4217948717948718,Q7289628
837,2677987,Los extermineitors,2677987,5,0,16587.916666666664,Q5980861
838,2720902,Aitor Fernández Abarisketa,2720902,1,8,0.0,Q3754541
839,2720983,Óscar de Marcos,2720983,2,8,0.0,Q286981
840,2724208,Kate y Leopold,2724208,3,11,1838.7701935707785,Q1334550
841,2733269,Marcio Valverde,2733269,1,13,0.0,Q953417
842,2751917,Mar Flores,2751917,2,6,1526.0,Q9028403
843,2752362,Jaycee Carroll,2752362,2,14,1506.9142857142858,Q583904
844,2753436,María Rosa Fugazot,2753436,2,0,0.0,Q6004532
845,2776500,Leonardo Simons,2776500,3,0,6094.999999999999,Q5973222
846,2789114,The Mosquito Coast (película),2789114,2,11,1689.8553391053395,Q1479291
847,2793282,Robert Archibald,2793282,1,14,0.0,Q2724864
848,2799234,Once Around,2799234,2,15,15170.0,Q1305427
849,2800744,Parlamento Vasco,2800744,7,6,95.5,Q1253965
850,2800779,Mikel San José,2800779,5,8,38429.87022050637,Q312437
851,2810216,Álvaro Cejudo,2810216,1,8,0.0,Q2707128
852,2816611,Keisuke Honda,2816611,2,3,0.0,Q202054
853,2851462,Leandro Benegas,2851462,2,13,0.0,Q9020988
854,2853422,Annabella Sciorra,2853422,2,2,3050.0,Q231395
855,2861515,Legends Football League,2861515,13,4,3683.952503274917,Q674327
856,2861575,Brandon De Wilde,2861575,2,2,2470.3984471543313,Q898134
857,2879515,Cautivos del mal,2879515,1,2,0.0,Q1345583
858,2881924,The A-Team (película),2881924,1,11,0.0,Q471746
859,2883816,Formación Shotgun,2883816,7,4,3.1589349376114084,Q634923
860,2893214,Troy Polamalu,2893214,18,4,1731.2250304702834,Q715572
861,2898110,Fabio Borini,2898110,2,7,245.60791383538975,Q245054
862,2906453,Vida política en la Antigua Roma,2906453,1,9,0.0,Q6161675
863,2907596,Terry Bradshaw,2907596,11,4,196.93691938493163,Q633263
864,2914363,Imanol Alguacil,2914363,2,8,93.57843137254903,Q9008053
865,2920240,Francisco de Borbón y de la Torre,2920240,2,5,0.0,Q3086287
866,2930822,Daniel Alejandro Torres,2930822,1,7,0.0,Q18359621
867,2942914,Koke Resurrección,2942914,4,8,8554.21050462468,Q276091
868,2942948,Keko Gontán,2942948,1,8,0.0,Q2110721
869,2954329,Ng Mui,2954329,1,11,0.0,Q3180752
870,2956021,Pilar Bayona Sarriá,2956021,4,18,2533.3333333333226,Q6075752
871,2988719,Todos están bien,2988719,1,11,0.0,Q546917
872,2992708,Alexander Domínguez,2992708,1,13,0.0,Q2667325
873,2999155,The Luzhin Defence,2999155,2,11,2970.3394273700187,Q151703
874,3032559,Odion Ighalo,3032559,1,7,0.0,Q928969
875,3057874,Fantastic Mr. Fox,3057874,4,11,7558.533987576532,Q465275
876,3097327,Verónica Varano,3097327,2,0,7609.999999999999,Q6160746
877,3105263,Ricky Maravilla,3105263,1,0,0.0,Q6108782
878,3143645,Lorca Fútbol Club (2003),3143645,2,7,1526.0,Q6463150
879,3150237,Away We Go,3150237,1,11,0.0,Q791651
880,3155767,Gabourey Sidibe,3155767,2,11,11.595166782795687,Q230113
881,3170670,James Mangold,3170670,1,11,0.0,Q433893
882,3180211,La marrana,3180211,3,12,0.0,Q5967314
883,3185871,Donnie Brasco (película),3185871,1,11,0.0,Q738456
884,3186110,Jesús Castejón,3186110,1,12,0.0,Q5929981
885,3188934,Cristian Tello,3188934,1,8,0.0,Q54055
886,3189378,Rafael Septién,3189378,3,4,0.125,Q7282323
887,3189860,Perdido por perdido,3189860,1,11,0.0,Q5695537
888,3195319,The Karate Kid (película de 2010),3195319,1,11,0.0,Q327685
889,3199429,Iván González Sainz,3199429,1,0,0.0,Q5923460
890,3206536,Erik Lamela,3206536,3,7,6881.15650502344,Q337617
891,3210491,Charlie St. Cloud,3210491,1,11,0.0,Q581201
892,3239225,"Extermineitors II, la venganza del dragón",3239225,4,0,28.500000000000004,Q5853582
893,3245740,Claudia Lapacó,3245740,2,0,2277.0,Q5771759
894,3249746,Enner Valencia,3249746,1,13,0.0,Q2843080
895,3275385,Estadio Aderaldo Plácido Castelo,3275385,1,13,0.0,Q958185
896,3294194,The Wedding Planner,3294194,1,1,0.0,Q591362
897,3305657,Priscilla Delgado,3305657,1,11,0.0,Q11209176
898,3306922,Buffalo Soldiers (película),3306922,1,11,0.0,Q653473
899,3306937,Raúl Mérida,3306937,1,5,0.0,Q6101333
900,3320411,Teté Coustarot,3320411,1,0,0.0,Q6143682
901,3322731,Cristian Erbes,3322731,1,13,0.0,Q4048748
902,3356478,Norman Bethune,3356478,1,5,0.0,Q162112
903,3383678,Copa Sudamericana 2011,3383678,8,13,12335.494513582484,Q1130488
904,3394812,Danny Green,3394812,1,4,0.0,Q555436
905,3443682,Víctor Díaz Miguel,3443682,1,8,0.0,Q970462
906,3465850,True Grit (película de 2010),3465850,2,11,312.7701935707886,Q326114
907,3478229,Joyas de la Corona de España,3478229,1,5,0.0,Q16481790
908,3486294,Corona real de España,3486294,3,5,109053.18846882414,Q1632209
909,3491379,Derbi de Italia,3491379,2,7,1526.0000000000002,Q853350
910,3517862,Accepted,3517862,1,11,0.0,Q1519049
911,3524981,MetLife Stadium,3524981,10,4,28491.163450480963,Q10862290
912,3541392,Ramona and Beezus,3541392,1,11,0.0,Q1147079
913,3559485,Arthur Harris,3559485,1,5,0.0,Q372052
914,3566505,Alejandro Frezzotti,3566505,1,13,0.0,Q2918384
915,3571061,Shrewsbury Town Football Club,3571061,1,8,0.0,Q19626
916,3571827,Susana Traverso,3571827,2,0,1525.9999999999998,Q6136392
917,3627083,María Cristina de Borbón y Battenberg,3627083,1,5,0.0,Q2412713
918,3679006,Giampaolo Pazzini,3679006,3,7,757.9790690201787,Q219389
919,3763313,Luis Zubeldía,3763313,3,7,3051.0,Q1779261
920,3772958,Super 8 (película),3772958,1,11,0.0,Q379877
921,3815886,Luisa Kuliok,3815886,7,0,23403.244406862,Q3338582
922,3948213,Música oficial de la Copa Mundial de Fútbol,3948213,1,1,0.0,Q468355
923,3948599,Jan-Michael Vincent,3948599,3,15,12167.0,Q710128
924,3955677,Partición de Bélgica,3955677,2,1,1.833333333333333,Q47277
925,3990706,Silvia Pérez (actriz),3990706,2,0,1526.0,Q6128595
926,4026012,Área metropolitana de Kansas City,4026012,4,10,0.0,Q2307187
927,4081832,Gilda Lousek,4081832,3,0,10640.0,Q5879705
928,4101033,The Cure (película de 1995),4101033,2,2,1526.0,Q2336805
929,4106018,Final de la Copa Mundial de Fútbol de 1994,4106018,1,4,0.0,Q389104
930,4106848,Campeonato Mundial de futsal de la AMF,4106848,2,8,1522.0,Q965066
931,4110323,LOL (película),4110323,2,3,2366.4142759830474,Q590444
932,4115256,El coronel no tiene quien le escriba (película),4115256,1,11,0.0,Q1507424
933,4132861,Joseph Vilsmaier,4132861,1,11,0.0,Q63069
934,4142738,Amsterdam (Nueva York),4142738,1,2,0.0,Q478456
935,4174885,Ip Man 2,4174885,3,11,4816.49999999996,Q1193433
936,4177241,Cristian Menéndez,4177241,1,13,0.0,Q5186225
937,4184074,Red Dawn (película de 2012),4184074,1,11,0.0,Q553920
938,4188413,Oscar Ferrigno (hijo),4188413,2,0,0.0,Q6053858
939,4191666,Metegol (película),4191666,1,0,0.0,Q5664643
940,4194660,Renny Harlin,4194660,1,11,0.0,Q318712
941,4194981,Let Me In (película),4194981,2,11,0.0,Q264869
942,4207152,Ip Man (película),4207152,3,11,507.5000000000071,Q573743
943,4218384,René Bertrand,4218384,4,0,4573.999999999999,Q6105671
944,4227042,"Definitely, Maybe",4227042,2,11,312.7701935707886,Q1121878
945,4245580,La decente,4245580,2,12,1526.0000000000002,Q5396009
946,4254223,Clásico Colo-Colo - Universidad Católica,4254223,3,13,7610.0,Q8347244
947,4259040,Paul Pelosi,4259040,2,10,0.0,Q7152909
948,4272760,Juan Carlos Copes,4272760,1,11,0.0,Q3622555
949,4274831,Selección femenina de fútbol de Costa Rica,4274831,3,16,1526.0,Q1136312
950,4280077,El gran carnaval,4280077,1,2,0.0,Q1545826
951,4294629,Out of Sight,4294629,1,1,0.0,Q571183
952,4322210,Viviana Sáez,4322210,2,0,15125.320717022441,Q6164215
953,4330214,Corporación Venezolana de Guayana,4330214,3,13,6092.0,Q5172375
954,4333321,Ross Martin,4333321,2,15,0.0,Q284944
955,4336802,Arena Corinthians,4336802,6,13,41140.369630350266,Q1362236
956,4339476,Gerónimo Rulli,4339476,4,8,3116.8633109965253,Q5879014
957,4346161,Antony Silva,4346161,1,8,0.0,Q924228
958,4348940,Salinui chueok,4348940,2,11,1220.3466386554621,Q488169
959,4369668,Copa del Rey de fútbol 2002-03,4369668,1,8,0.0,Q1130853
960,4370144,Copa del Rey de fútbol 1986-87,4370144,6,8,1119.24421811548,Q963371
961,4375760,Silvia Alonso,4375760,2,11,0.0,Q6128516
962,4384669,Total (película),4384669,11,12,1601.3752956795654,Q6151080
963,4386081,Alicia Sánchez,4386081,5,12,2.0055555555555555,Q5668847
964,4389238,Sunny von Bülow,4389238,1,11,0.0,Q292808
965,4391637,Érick Torres Padilla,4391637,1,7,0.0,Q1353712
966,4392728,Fortaleza Fútbol Club,4392728,2,13,0.0,Q5472511
967,4405670,Madras (Oregón),4405670,1,11,0.0,Q334041
968,4419269,Super Bowl XVI,4419269,10,4,481.57424335043527,Q912929
969,4429872,Tom Hooper (cineasta),4429872,3,11,61.96031829794719,Q295912
970,4447106,Estadio Víctor Agustín Ugarte,4447106,1,13,0.0,Q2408913
971,4458233,Región Valona,4458233,7,1,6587.833333333438,Q231
972,4462011,Espectáculo de medio tiempo,4462011,42,4,822.9024198850732,Q902899
973,4463787,Matías Vecino,4463787,1,7,0.0,Q2053358
974,4473462,Emanuel Herrera,4473462,3,13,5097.717134676612,Q133646
975,4498302,Amber Heard,4498302,4,11,4573.999999999999,Q229166
976,4525000,Alejandro Hohberg,4525000,2,13,3048.871212121211,Q5665118
977,4532645,Are We There Yet?,4532645,1,11,0.0,Q582120
978,4538164,Kansas City,4538164,9,10,4950.171344651884,Q3942676
979,4540425,Ricardo Zielinski,4540425,7,13,8476.52322393945,Q6108568
980,4544607,Axel Kuschevatzky,4544607,2,0,536.3039706698671,Q5714512
981,4566246,Lucas Ocampos,4566246,2,8,1526.0,Q194579
982,4575928,Melcochita,4575928,1,11,0.0,Q6812074
983,4579982,Source Code,4579982,1,11,0.0,Q266209
984,4587183,Carlos Ancira,4587183,2,2,1526.0000000000002,Q5749669
985,4595791,Al Hirt,4595791,4,4,0.29444444444444445,Q658636
986,4626326,Gustavo Ayón,4626326,1,14,0.0,Q580031
987,4648174,Raión de Chavusy,4648174,2,2,0.0,Q2024276
988,4650279,Damián Suárez,4650279,1,7,0.0,Q2463385
989,4666904,Big Miracle,4666904,1,11,0.0,Q609236
990,4682526,Arlington Heights (Illinois),4682526,1,4,0.0,Q997132
991,4683850,Gorka Kijera,4683850,1,8,0.0,Q2074910
992,4704810,Tequila Sunrise (película),4704810,1,11,0.0,Q1423568
993,4709385,The Woman in Red,4709385,1,11,0.0,Q634724
994,4711635,Copa del Rey de fútbol 2012-13,4711635,3,8,0.3333333333333333,Q778112
995,4715683,Arte efímero,4715683,2,2,16485.192409580763,Q375864
996,4718173,Mamadou Sakho,4718173,1,7,0.0,Q312183
997,4723034,Vanessa Saba,4723034,2,10,0.0,Q5576591
998,4734061,Fuga de cerebros 2,4734061,4,11,1524.333333333333,Q5870789
999,4753166,Gustavo Hasbún,4753166,2,10,4002.3434077311854,Q5889668
1000,4756236,Tasya van Ree,4756236,2,11,0.0,Q3297825
1001,4795510,Iñigo Martínez,4795510,5,8,2051.31046789642,Q1028020
1002,4796950,Ondřej Balvín,4796950,1,14,0.0,Q5246019
1003,4802054,Selección de fútbol sub-20 de Colombia,4802054,5,7,7323.775128571616,Q1641573
1004,4804261,Carlos Gómez (beisbolista),4804261,2,4,1.5262626262626262,Q2747238
1005,4815955,Jorge Mendes,4815955,2,7,2731.350499500499,Q565529
1006,4826056,Octavio Castro,4826056,2,11,1525.9999999999998,Q6048632
1007,4829471,Derby de Kentucky,4829471,1,4,0.0,Q1141795
1008,4830500,Marcela Sabat,4830500,2,10,1526.0,Q5995537
1009,4833500,Renaud Lavillenie,4833500,3,9,1526.0000000000002,Q1742
1010,4846494,Miguel Diosdado,4846494,1,5,0.0,Q6014212
1011,4847060,Selección de fútbol sala de Venezuela,4847060,3,8,1528.0,Q587487
1012,4861274,Ivan Perišić,4861274,2,8,0.0,Q161054
1013,4865311,Carlos Secretário,4865311,1,7,0.0,Q718284
1014,4873445,Viva la gente (organización),4873445,3,4,0.6010101010101011,Q1796575
1015,4883987,The New York Times Company,4883987,3,1,9044.950225663211,Q2529982
1016,4888178,Snow White & the Huntsman,4888178,3,11,3374.2424157930113,Q624603
1017,4891976,Roberto Nurse,4891976,1,7,0.0,Q5653156
1018,4893509,Backdraft (película),4893509,1,11,0.0,Q499371
1019,4902504,Mario Salas,4902504,2,13,0.0,Q6764940
1020,4911330,Sergio Rodríguez Gómez,4911330,5,14,3052.85,Q125060
1021,4916358,Abanca,4916358,1,13,0.0,Q9598744
1022,4930425,Lucas Melano,4930425,4,13,14530.523223939406,Q3560220
1023,4946046,Darwin Machís,4946046,3,7,49942.75712485929,Q2758078
1024,4961500,The Words,4961500,1,11,0.0,Q1321370
1025,4962752,Francesca Gregorini,4962752,2,11,0.0,Q5479119
1026,4967033,Matthew Stafford,4967033,14,4,4.9744142185365945,Q889130
1027,4979758,Patricia Sarán,4979758,5,0,1556.7500000000002,Q6066586
1028,4985894,Copa Mundial de fútbol sala de la FIFA 2016,4985894,3,8,4570.0,Q3000678
1029,4991425,Deporte en los Estados Unidos,4991425,14,4,18366.84621481328,Q1511442
1030,4992724,Michel Hazanavicius,4992724,1,11,0.0,Q28556
1031,4996035,Francisco de Paula de Borbón y Escasany,4996035,4,5,761.5,Q2396809
1032,5004300,Matt Reeves,5004300,4,11,1525.4999999999993,Q931613
1033,5014021,Federico Carrizo,5014021,2,13,6710.750194528483,Q5857546
1034,5014943,Bàsquet Club Andorra,5014943,7,14,3057.9261904761906,Q43973
1035,5047369,Con el culo al aire (serie de televisión),5047369,1,11,0.0,Q5780679
1036,5048799,Last Holiday (película de 2006),5048799,1,11,0.0,Q1634476
1037,5051316,Guillermo Rigondeaux,5051316,2,11,3049.9999999999995,Q590082
1038,5062744,Super Bowl III,5062744,22,4,100.85208770616646,Q939846
1039,5063561,Zamora Fútbol Club,5063561,4,13,6402.059471036291,Q145885
1040,5071912,Chronicle (película),5071912,1,11,0.0,Q1087883
1041,5090713,Alberto González Vergel,5090713,2,12,1783.3477920772257,Q5663092
1042,5108037,Javier Toledo,5108037,1,13,0.0,Q2016902
1043,5140881,Elecciones al Parlamento Vasco de 2012,5140881,5,6,6072.75,Q3751021
1044,5143907,Gaspar Servio,5143907,2,13,1526.0,Q5875852
1045,5152791,Connor Jessup,5152791,1,3,0.0,Q1126413
1046,5154071,Elección primaria,5154071,7,10,30300.37868512707,Q669262
1047,5155560,Taken 2,5155560,2,11,312.7701935707886,Q1057015
1048,5161501,Julia Zenko,5161501,1,0,0.0,Q5954727
1049,5182573,Super Bowl XXXVIII,5182573,8,4,3.197982812126998,Q1049630
1050,5186120,Hanna (película),5186120,1,11,0.0,Q170268
1051,5192579,After Earth,5192579,1,11,0.0,Q1254088
1052,5205436,Bong Joon-ho,5205436,6,11,3092.032726423903,Q495980
1053,5252241,El forastero (película de 1937),5252241,1,11,0.0,Q5351283
1054,5261732,Gonzalo Caballero Míguez,5261732,1,6,0.0,Q20535139
1055,5264149,Moonrise Kingdom,5264149,2,11,1507.3642633228835,Q217112
1056,5270661,Ignacio Pallas,5270661,1,7,0.0,Q5913478
1057,5303144,La era del rock,5303144,3,11,1852.2424157929972,Q651060
1058,5312060,Éder Álvarez Balanta,5312060,1,7,0.0,Q6174184
1059,5318622,Copa del Rey de fútbol 1983-84,5318622,4,8,292.374479007076,Q979218
1060,5328657,Andrés Mehring,5328657,2,8,0.0,Q5675940
1061,5336178,Alejandro Donatti,5336178,1,13,0.0,Q5664958
1062,5341631,House at the End of the Street,5341631,1,11,0.0,Q498297
1063,5341904,Luis Alberto Romero Alconchel,5341904,1,7,0.0,Q248228
1064,5345524,Paul Ryan,5345524,3,10,7610.0,Q203966
1065,5365932,Vitor Belfort,5365932,1,3,0.0,Q458716
1066,5368700,Elecciones al Parlamento de Galicia de 2012,5368700,5,6,4561.000000000001,Q3323151
1067,5378096,Dallas Lovato,5378096,2,1,0.0,Q5797661
1068,5379011,El último tren de Gun Hill,5379011,2,2,0.0,Q1199445
1069,5381273,Comedia negra (cine),5381273,2,11,1526.0,Q5778924
1070,5387513,Jordi Coll,5387513,1,11,0.0,Q2885122
1071,5388610,Agustín Farías,5388610,1,13,0.0,Q5660636
1072,5409770,Tokyo!,5409770,2,11,1220.3466386554621,Q485759
1073,5415429,Diamonds,5415429,3,2,73864.53450548077,Q74038
1074,5418329,Running on Empty (película),5418329,3,11,4831.159900591324,Q544780
1075,5438977,Enamorada (película de 1946),5438977,1,11,0.0,Q4263270
1076,5446941,Andrea Zanoni,5446941,3,4,0.5792929292929293,Q18785121
1077,5450533,"Extermineitors III, la gran pelea final",5450533,3,0,34.91666666666667,Q5853584
1078,5457612,Acusación constitucional (Chile),5457612,2,13,3050.0,Q5657173
1079,5468381,Lamar Hunt,5468381,10,4,3.018827711417882,Q187912
1080,5468570,Leon Goretzka,5468570,2,8,0.0,Q520721
1081,5471027,Apoxiómeno,5471027,1,9,0.0,Q431029
1082,5476899,Cine clásico de Hollywood,5476899,5,2,1962.8273809523846,Q2166646
1083,5486878,Nery Domínguez,5486878,3,13,4473.9952869641465,Q6041064
1084,5513022,Riddick (película),5513022,3,11,312.7701935707886,Q1960913
1085,5533715,Giovanni Simeone,5533715,7,7,15483.704869358886,Q6439494
1086,5555736,Mimí Pons,5555736,3,0,33839.94496454621,Q6016798
1087,5559280,Super Bowl IX,5559280,8,4,18.345769518832263,Q1188005
1088,5559619,Super Bowl XIV,5559619,12,4,561.7112297088228,Q585801
1089,5559683,Super Bowl XIX,5559683,7,4,1.696465330444204,Q1965838
1090,5560681,Super Bowl XXIII,5560681,10,4,35.419874902795684,Q1307150
1091,5560756,Super Bowl XXXI,5560756,6,4,0.22916666666666666,Q598389
1092,5560862,Super Bowl XXI,5560862,10,4,4.275072803169323,Q1808572
1093,5560918,Super Bowl XXV,5560918,9,4,3.128586592896438,Q1512351
1094,5561897,Super Bowl XVIII,5561897,6,4,1.0327372792161524,Q1848392
1095,5562806,Amor (película de 2012),5562806,1,11,0.0,Q637820
1096,5574466,Super Bowl XXII,5574466,10,4,102.5701204693825,Q474760
1097,5576527,Super Bowl XXXII,5576527,11,4,89.80349563612751,Q648144
1098,5577678,Super Bowl XXXIII,5577678,13,4,98.59457892071806,Q508448
1099,5579568,Super Bowl VII,5579568,8,4,0.9036787082743858,Q378744
1100,5579618,Super Bowl VIII,5579618,10,4,178.31256102216076,Q1188158
1101,5579682,Super Bowl V,5579682,9,4,12.091224741541705,Q168380
1102,5581102,Super Bowl IV,5581102,10,4,116.10031636564005,Q376026
1103,5582258,Rubén Green,5582258,1,0,0.0,Q6113262
1104,5582434,Super Bowl XX,5582434,11,4,805.235655323756,Q1073454
1105,5583526,Super Bowl XXXV,5583526,9,4,9.08043104384118,Q625210
1106,5583669,Super Bowl XXXVII,5583669,10,4,5.035691566823308,Q939802
1107,5584669,Diego Rolán,5584669,3,7,7689.844198579201,Q3014830
1108,5586497,Super Bowl XXXIV,5586497,9,4,63.712049770045176,Q176843
1109,5599226,Perla Caron,5599226,2,0,0.0,Q6072673
1110,5612034,Federico Bravo,5612034,1,13,0.0,Q5857529
1111,5630315,El hombre de los puños de hierro,5630315,1,11,0.0,Q168602
1112,5631423,Explorers,5631423,3,11,3094.14680169037,Q770020
1113,5632026,Los Croods,5632026,2,11,1525.9999999999998,Q495850
1114,5633130,Jason Presson,5633130,2,11,0.0,Q5927142
1115,5635155,Iliana Calabró,5635155,2,0,1526.0,Q5913974
1116,5636855,Rodrigo de Paul,5636855,3,7,4572.0,Q6110670
1117,5641992,Jonathan Rodríguez Portillo,5641992,1,7,0.0,Q5934050
1118,5644421,Jaime Fernández Bernabé,5644421,2,14,0.0,Q6123748
1119,5653310,MASH (película),5653310,1,11,0.0,Q494085
1120,5664489,Traslado de obras del Museo del Prado durante la Guerra Civil,5664489,2,12,1526.0,Q5678524
1121,5677051,Osvaldo Lourenço Filho,5677051,1,13,0.0,Q1753325
1122,5688419,Todo es silencio,5688419,2,12,18183.153528196428,Q9088017
1123,5702511,The Host (película de 2013),5702511,2,11,312.7701935707886,Q552775
1124,5773304,Ángel Correa,5773304,4,7,6747.548908111247,Q10855654
1125,5775236,Conservación y restauración,5775236,1,12,0.0,Q46993143
1126,5789222,Sebastián Driussi,5789222,2,7,1525.9999999999998,Q11640549
1127,5809516,"Nosotros, los Nobles",5809516,2,11,3050.0,Q12155834
1128,5824081,Ismael Echeverría,5824081,1,0,0.0,Q16493457
1129,5831575,Copa de Francia,5831575,6,7,9552.825323778121,Q212412
1130,5848804,Ángel Romero Villamayor,5848804,2,13,1526.0,Q15960510
1131,5849130,Amat Escalante,5849130,1,11,0.0,Q4532710
1132,5858488,DirecTV Sports,5858488,1,8,0.0,Q5807953
1133,5859129,Benjamin Mendy,5859129,1,7,0.0,Q2896171
1134,5864836,Copa del Rey de fútbol 2013-14,5864836,6,8,1734.4043616319602,Q13217428
1135,5887112,Diego Laxalt,5887112,2,7,8718.07854201354,Q6999245
1136,5893314,Universidad Yonsei,5893314,1,11,0.0,Q39988
1137,5897438,Fijación oral vol. 1,5897438,5,1,3095.333333333334,Q828282
1138,5897597,Peter Aluma,5897597,1,4,0.0,Q3900815
1139,5898721,Juan Martínez Munuera,5898721,3,8,14.412118022833335,Q13756920
1140,5898876,Yolanda Adams,5898876,2,17,5698.9674287127345,Q270869
1141,5904176,Maximiliano Meza,5904176,2,7,5072.300895215894,Q16605653
1142,5912171,Turbo (película),5912171,1,11,0.0,Q1523217
1143,5926864,Godzilla (película de 2014),5926864,1,11,0.0,Q7731172
1144,5950531,Liga Juvenil de la UEFA,5950531,2,7,5665.480554360913,Q617077
1145,5978076,Ataque químico de Guta,5978076,3,10,3051.0,Q14626794
1146,5990057,Óscar Romero Villamayor,5990057,3,13,3050.0,Q15960512
1147,5992341,Historia de la Real Sociedad de Fútbol,5992341,21,8,36840.352253089135,Q12257082
1148,5993421,La madrastra (película de 1960),5993421,3,0,9135.0,Q16588373
1149,5994171,Guta (Siria),5994171,1,10,0.0,Q1522001
1150,6011332,Sara Mora Romeo,6011332,1,6,0.0,Q13050122
1151,6016491,Adnan Januzaj,6016491,3,8,7490.089801814415,Q14558450
1152,6029538,Walter Payton,6029538,3,4,0.19791666666666666,Q963117
1153,6050981,Paolo Ragone,6050981,1,0,0.0,Q16615676
1154,6063092,María Nieves,6063092,2,11,1526.0,Q15890628
1155,6093625,Antonio González Pacheco,6093625,2,12,3050.0,Q16485758
1156,6095159,Santi Mina,6095159,2,8,10.5,Q7420322
1157,6099570,Saúl Ñíguez,6099570,3,8,1191.8944955629165,Q912172
1158,6102763,Wayne Knight,6102763,1,11,0.0,Q311976
1159,6103831,Mortadelo y Filemón contra Jimmy el Cachondo,6103831,2,11,1525.9999999999998,Q16609116
1160,6105656,Felipe Guevara Stephens,6105656,2,13,1526.0,Q16300685
1161,6108727,Dawn of the Planet of the Apes,6108727,2,11,0.0,Q11220194
1162,6113872,Ulises (película de 1954),6113872,3,2,3049.9999999999986,Q958327
1163,6115118,Let It Go (canción de Disney),6115118,3,11,0.0,Q15282326
1164,6119369,Festival de Dichato,6119369,4,10,9336.62181316062,Q15477144
1165,6121678,Aurora Bayona Sarriá,6121678,4,18,2533.3333333333226,Q15617899
1166,6123532,Ayacucho Fútbol Club,6123532,4,13,2.0,Q602436
1167,6127984,Alberto Mayol,6127984,1,10,0.0,Q16145090
1168,6133441,Laika (compañía),6133441,2,11,460.2970002950245,Q1314323
1169,6134779,Alexander Succar,6134779,2,13,0.0,Q16528496
1170,6137781,Denisse Peña,6137781,1,5,0.0,Q16300372
1171,6139690,Emanuel Mammana,6139690,1,7,0.0,Q15640723
1172,6141794,Juan Quintero Fletcher,6141794,1,13,0.0,Q16585144
1173,6148257,Kaitlyn Dever,6148257,1,11,0.0,Q519784
1174,6154022,Shakira (álbum),6154022,3,1,0.0,Q15647478
1175,6158816,Iván Pillud,6158816,3,7,1898.6293544690634,Q2539757
1176,6173805,Derwick Associates,6173805,3,13,1524.0,Q5263368
1177,6202575,Hurricanes (rugby),6202575,2,3,0.0,Q639797
1178,6237337,Andrés Cubas,6237337,2,7,4330.3303455599025,Q16298600
1179,6240893,Alejandro Betancourt López,6240893,3,13,1524.0,Q15814164
1180,6242031,Lions (Super Rugby),6242031,2,3,0.0,Q1210146
1181,6268623,John Gavin,6268623,1,2,0.0,Q145627
1182,6271901,Thomas Tuchel,6271901,1,8,0.0,Q702233
1183,6278879,Saturno 3,6278879,1,2,0.0,Q657075
1184,6281559,Oldboy (película de 2013),6281559,3,11,684.8162698412698,Q1529637
1185,6286114,Betibú,6286114,5,0,5955.191286850408,Q16766097
1186,6287777,Felipe Alessandri,6287777,1,10,0.0,Q16938235
1187,6292407,Líderes en porcentaje de tiros libres de la NBA,6292407,1,14,0.0,Q6591349
1188,6301980,Mi secretaria está loca... loca... loca,6301980,1,11,0.0,Q16915782
1189,6312013,Norma Aleandro,6312013,6,0,1832.3047619047604,Q240136
1190,6312351,Premios de la Crítica Cinematográfica,6312351,13,11,5088.626393187271,Q7585305
1191,6321810,Walter Tavares,6321810,2,14,0.0,Q16622999
1192,6333687,Copa del Rey de fútbol 2014-15,6333687,9,8,16789.087332825442,Q17067266
1193,6334281,Ante Rebić,6334281,2,7,1218.4720843180894,Q3209607
1194,6335878,Stefano Pioli,6335878,3,7,4707.892060543311,Q923088
1195,6339524,The Homesman,6339524,1,11,0.0,Q15961525
1196,6340328,Jaime Mata,6340328,1,8,0.0,Q17000055
1197,6348544,Begin Again (película),6348544,3,11,1026.720917724718,Q2935739
1198,6350566,Hans-Dieter Flick,6350566,2,8,0.0,Q577384
1199,6355177,José Devecchi,6355177,4,7,1671.2943257508264,Q17364271
1200,6357329,Teresa Rodríguez,6357329,4,9,3805.5,Q17280089
1201,6357649,Alejandro Manchot,6357649,1,13,0.0,Q17364403
1202,6361025,"Extermineitors IV, como hermanos gemelos",6361025,5,0,13659.25,Q5422004
1203,6362419,Julieta Bal,6362419,1,0,0.0,Q17635764
1204,6367804,Into the Woods (película),6367804,1,11,0.0,Q14847067
1205,6370126,Escala musical (película de 1966),6370126,1,0,0.0,Q5396800
1206,6375047,Largo Winch (película),6375047,2,11,2970.3394273700187,Q927961
1207,6378719,Nikola Jokić,6378719,1,14,0.0,Q17281073
1208,6383320,Alex Sandro,6383320,1,7,0.0,Q551192
1209,6389589,Florentin Pogba,6389589,1,7,0.0,Q3074150
1210,6392405,Gustavo Lanaro,6392405,1,13,0.0,Q17633502
1211,6393441,Victor Frankenstein (película),6393441,3,11,1838.770193570776,Q16637004
1212,6399237,Ander Capa,6399237,9,8,10945.422920174447,Q16230044
1213,6402159,Samu Castillejo,6402159,2,7,66.84983758416854,Q17708755
1214,6402386,Dani García (futbolista),6402386,4,8,53.96690730762269,Q16233165
1215,6405507,Enzo Maidana,6405507,1,13,0.0,Q17630707
1216,6406960,Horrible Bosses 2,6406960,1,11,0.0,Q15275703
1217,6407453,Operación San Antonio,6407453,1,11,0.0,Q17623952
1218,6409470,Augusto Batalla,6409470,4,7,3387.12999615862,Q17622000
1219,6411250,Nahuel Luján,6411250,1,13,0.0,Q17623271
1220,6414347,El Niño (película de 2014),6414347,1,11,0.0,Q17859530
1221,6415364,Hakan Çalhanoğlu,6415364,1,7,0.0,Q763465
1222,6426765,Pixels (película de 2015),6426765,2,11,312.7701935707886,Q17182905
1223,6434242,Erick Cabaco,6434242,1,8,0.0,Q18145541
1224,6440719,Dejan Todorović,6440719,3,14,5.475,Q18225111
1225,6449564,José Mauri,6449564,1,7,0.0,Q15715173
1226,6463623,Alma salvaje,6463623,3,11,1026.720917724718,Q17065888
1227,6486361,Siempre Alice,6486361,4,11,1527.5805903943756,Q16354843
1228,6487582,Moussa Diagne,6487582,1,14,0.0,Q19282303
1229,6503073,Ibon Navarro,6503073,4,14,3747.7059523809526,Q18703010
1230,6508735,Siempre te amaré (película),6508735,1,11,0.0,Q18590676
1231,6511357,Sergio Díaz,6511357,2,8,6736.787551495678,Q18357051
1232,6514698,Cam Newton,6514698,9,4,36.33701701404904,Q591678
1233,6521077,Carlos Salcedo,6521077,1,4,0.0,Q16235799
1234,6521337,Kenedy (futbolista),6521337,2,7,1198.0852699830925,Q14755604
1235,6530245,Gonçalo Guedes,6530245,1,5,0.0,Q16729477
1236,6531560,Inherent Vice (película),6531560,4,11,1527.5805903943756,Q13806537
1237,6535584,Fernando Fabián Fernández,6535584,1,13,0.0,Q18627175
1238,6542662,Selección masculina de fútbol de salón de Venezuela,6542662,2,8,2.0,Q20024931
1239,6550126,Gastón Guruceaga,6550126,2,13,646.2907982540337,Q20081128
1240,6552160,Diomar Díaz,6552160,1,13,0.0,Q16233097
1241,6552344,Hot Pursuit,6552344,2,10,21903.03153360818,Q16974047
1242,6554785,Bridge of Spies,6554785,1,11,0.0,Q18067135
1243,6556544,Pan (película),6556544,2,11,1507.5277777777774,Q15713892
1244,6558508,Tomorrowland (película),6558508,3,11,7907.770193570933,Q7820305
1245,6572621,Danny Ings,6572621,1,7,0.0,Q5220475
1246,6576407,Kevin Ruiz,6576407,1,13,0.0,Q18821529
1247,6588522,The Strange Love of Martha Ivers,6588522,3,2,0.0,Q971265
1248,6590322,Tony González,6590322,6,4,31.126739713197065,Q729462
1249,6590392,Steve Jobs (película),6590392,3,11,4574.0,Q18754959
1250,6593334,Los chantas,6593334,2,0,0.0,Q6682598
1251,6595506,Espectáculo de medio tiempo del Super Bowl XLIX,6595506,7,4,5733.7511621791355,Q18946669
1252,6611624,Julian Edelman,6611624,2,4,0.0,Q448961
1253,6611632,Odell Beckham Jr.,6611632,8,4,4.833600427350427,Q16212482
1254,6627255,Jonathan Agudelo,6627255,1,13,0.0,Q19390374
1255,6630987,Miguel Urbán,6630987,2,9,0.0,Q19422218
1256,6634441,Romeo Must Die,6634441,3,17,765.3910236822003,Q748080
1257,6637317,Irrational Man (película),6637317,2,11,312.7701935707886,Q17417520
1258,6824079,Javier Aroca,6824079,2,9,36425.18606463209,Q19949669
1259,6837760,Carles Francino,6837760,2,5,0.0,Q23915205
1260,6838181,Borja Iglesias,6838181,3,8,35.208333333333336,Q18719485
1261,6849709,El prisionero irlandés,6849709,2,0,1525.9999999999998,Q20001441
1262,6867908,Pata Villanueva,6867908,4,0,37496.092916111695,Q19886442
1263,6872577,Emiliano Buendía,6872577,3,7,1863.129996158588,Q18637343
1264,6884302,Darío Brizuela,6884302,2,14,0.0,Q19912051
1265,6885550,Bernardo Silva,6885550,1,7,0.0,Q15521306
1266,6890259,Un espía y medio,6890259,3,11,312.7701935707886,Q19867575
1267,6903150,Zoolander 2,6903150,1,1,0.0,Q19842552
1268,6905072,Copa del Rey de fútbol 2015-16,6905072,11,8,5281.6197080937545,Q20735384
1269,6916743,Raquel Rodríguez (futbolista),6916743,1,16,0.0,Q19662264
1270,6919158,Julieta (película de 2016),6919158,4,11,5227.936051260553,Q20026867
1271,6920831,José María González Santos,6920831,3,9,2283.0,Q20087369
1272,6928002,S.P.A.L.,6928002,3,7,1475.9534950378259,Q13385
1273,6935208,El bosque animado,6935208,7,12,78.79439517572503,Q20502987
1274,6936552,Tyler Haws,6936552,1,4,0.0,Q7860032
1275,6937673,Nabil Fekir,6937673,2,7,1526.0,Q14778629
1276,6941521,Subí que te llevo,6941521,3,0,41930.84083543341,Q20962290
1277,6943095,Rosa María Vázquez,6943095,2,2,3050.0,Q16106488
1278,6946807,Diana Douglas,6946807,5,2,18.0,Q436789
1279,6948633,Fernando de Paul,6948633,1,13,0.0,Q5444999
1280,6949271,Justin Lin,6949271,2,11,1525.9999999999993,Q551876
1281,6949619,Cazafantasmas (película de 2016),6949619,7,11,5691.476369257914,Q20120108
1282,6951963,Elecciones al Parlamento de Galicia de 2016,6951963,3,6,0.0,Q17082063
1283,6971709,Evaluna Montaner,6971709,2,10,20460.531533608202,Q21006723
1284,6984116,Trumbo,6984116,5,2,174.90270007665632,Q18692630
1285,6984183,Copa Sudamericana 2017,6984183,19,13,98973.49438270072,Q24358097
1286,6987483,Aloha (película de 2015),6987483,2,11,312.7701935707886,Q15078029
1287,6989127,Tokio (película de 2015),6989127,1,0,0.0,Q20820949
1288,6992966,Richard Sherman (fútbol americano),6992966,5,4,77.03198551195574,Q2947411
1289,7001271,Atentado del tren Thalys de 2015,7001271,2,10,0.0,Q20857086
1290,7007968,José María Sánchez Martínez,7007968,1,16,0.0,Q20895842
1291,7055385,Orgullo y prejuicio y zombis,7055385,3,11,3350.77019357078,Q18154994
1292,7068602,Las últimas supervivientes,7068602,2,11,1.0,Q16980741
1293,7082601,El abrazo de la serpiente,7082601,2,11,312.7701935707886,Q19824642
1294,7085932,Francisco de Paula de Borbón y Borbón,7085932,2,5,0.0,Q3081964
1295,7087769,Marcos Llorente,7087769,2,8,1526.0,Q21130285
1296,7130613,Las colegialas,7130613,1,0,0.0,Q21480491
1297,7156003,Ip Man 3,7156003,2,11,0.0,Q19757672
1298,7166725,Enzo Borges,7166725,2,13,1278.4776797479387,Q24258654
1299,7176111,Carles Aleñá,7176111,1,7,0.0,Q21546191
1300,7206684,Te amo (película de 1986),7206684,1,0,0.0,Q22000376
1301,7210853,Supercopa Uruguaya,7210853,4,8,1522.5,Q22084933
1302,7219060,Julián Andrés Quiñones,7219060,1,7,0.0,Q22279806
1303,7219402,Gianluca Lapadula,7219402,2,7,718.5361140949872,Q5558146
1304,7225126,How to Be Single,7225126,3,11,1838.77019357078,Q19880527
1305,7237641,Alexia Moyano,7237641,1,0,0.0,Q21066829
1306,7238629,Lírica griega,7238629,3,9,0.0,Q1885775
1307,7253859,Moussa Dembélé,7253859,1,8,0.0,Q15358470
1308,7259481,Fathers and Daughters,7259481,1,11,0.0,Q17105404
1309,7261393,Marián Flores,7261393,1,6,0.0,Q22132471
1310,7262781,José Peseiro,7262781,3,7,5239.423248678558,Q1380304
1311,7263199,Marshawn Lynch,7263199,4,4,0.2713675213675213,Q1902825
1312,7264466,Tyrann Mathieu,7264466,5,4,0.3016806722689076,Q3546268
1313,7272628,LeSean McCoy,7272628,5,4,0.2713675213675213,Q1091499
1314,7272963,Joe Flacco,7272963,5,4,0.5858585858585859,Q795406
1315,7275377,Caucus de Iowa,7275377,2,10,10640.0,Q2443004
1316,7277845,Sammy Watkins,7277845,5,4,0.3908730158730158,Q7409856
1317,7278649,Elsa & Fred (película de 2014),7278649,1,0,0.0,Q18353315
1318,7278907,Primarias de New Hampshire,7278907,1,10,0.0,Q2899221
1319,7279085,Nick Foles,7279085,7,4,1.4474206349206349,Q3876006
1320,7283019,Emmanuel Sanders,7283019,8,4,79.0925272648888,Q5373339
1321,7289752,Super Bowl LII,7289752,14,4,65.52222392689494,Q15633579
1322,7295235,Jimmy Garoppolo,7295235,6,4,1526.8253108003107,Q15631945
1323,7300384,Thomas Melville Dill,7300384,4,2,0.0,Q7792383
1324,7300416,Joel Douglas,7300416,5,2,0.6666666666666666,Q6213391
1325,7300938,Óscar Rodríguez Arnaiz,7300938,2,8,1526.0,Q27825594
1326,7305690,Pablo Helman,7305690,1,3,0.0,Q1445711
1327,7307669,Alejandro Villanueva (fútbol americano),7307669,1,4,0.0,Q16826993
1328,7318477,Black Lives Matter,7318477,2,4,0.0,Q19600530
1329,7322487,Norman Lloyd,7322487,1,2,0.0,Q1999640
1330,7328625,Primarias presidenciales del Partido Demócrata de 2016,7328625,2,10,30949.878685127067,Q17004294
1331,7358925,Kóblic,7358925,2,0,1832.239057804921,Q23676422
1332,7367114,Jugador franquicia,7367114,1,4,0.0,Q509625
1333,7369786,José Luis Rodríguez Bebanz,7369786,2,7,273.2887597838356,Q23907269
1334,7392763,Clara Serra,7392763,1,9,0.0,Q26866971
1335,7393076,Máscara (película),7393076,1,11,0.0,Q929647
1336,7421661,Copa del Rey de fútbol 2016-17,7421661,14,8,7665.5154231459865,Q24073873
1337,7441612,Mikel Merino,7441612,2,8,5643.586465033713,Q17612631
1338,7468923,Mariano Vázquez,7468923,4,13,205.7858652785117,Q25410576
1339,7469404,Nico Romero,7469404,2,5,1526.0,Q25367717
1340,7482995,Oleksandr Zinchenko,7482995,1,7,0.0,Q19636859
1341,7483412,Jonathan Menéndez,7483412,1,7,0.0,Q17037449
1342,7512026,Blanca Parés,7512026,2,11,1526.0,Q26904148
1343,7517951,Luan Vieira,7517951,1,13,0.0,Q16919481
1344,7526458,Christen Press,7526458,1,16,0.0,Q2652968
1345,7531005,Mercedes-Benz Stadium,7531005,9,4,58.511439948939895,Q7007552
1346,7535315,Dani de la Orden,7535315,2,11,0.0,Q23663310
1347,7538196,Las chicas del cable,7538196,8,5,12178.0,Q27443124
1348,7540175,Hollywood Vampires,7540175,1,11,0.0,Q21158994
1349,7557395,Vergüenza (serie de televisión),7557395,1,5,0.0,Q27576228
1350,7569534,Rivalidad futbolística entre Juventus Football Club y Associazione Calcio Milan,7569534,2,7,581.3872155622147,Q16556179
1351,7576680,Marcus Thuram,7576680,1,7,0.0,Q19903718
1352,7593683,Borja Luna,7593683,2,5,13662.0,Q28222670
1353,7593721,Alexander Isak,7593721,2,7,7084.696503324229,Q23759917
1354,7598891,Why Him?,7598891,1,11,0.0,Q23058779
1355,7656949,Mikel Oyarzabal,7656949,3,8,66.86331099652635,Q21195147
1356,7675404,Aliados (película),7675404,1,11,0.0,Q23681360
1357,7684599,Nunca digas su nombre,7684599,2,11,312.7701935707886,Q21528109
1358,7686214,Lista negra de Hollywood,7686214,8,2,1735.1783999323532,Q16864771
1359,7691272,Alex Hafner,7691272,1,5,0.0,Q17021419
1360,7696696,Travis Kelce,7696696,7,4,2.998803688141924,Q7836292
1361,7697862,Alex Smith,7697862,7,4,2.8048869910282956,Q717897
1362,7705743,William Weld,7705743,1,10,0.0,Q720242
1363,7738789,Justin Kluivert,7738789,1,7,0.0,Q26934107
1364,7739344,Espectáculo de medio tiempo del Super Bowl 50,7739344,7,4,81.0170820407662,Q22025581
1365,7739672,Espectáculo de medio tiempo del Super Bowl XLVIII,7739672,9,4,12349.334677732251,Q17026444
1366,7740859,Luis Javier Benavides Orgaz,7740859,3,6,6092.0,Q28380976
1367,7740971,Espectáculo de medio tiempo del Super Bowl XLVII,7740971,6,4,0.7053571428571428,Q7642202
1368,7744880,Reap the Wild Wind,7744880,1,2,0.0,Q31971
1369,7747917,Alejandro Ruiz-Huerta Carbonell,7747917,4,6,1524.0,Q28475208
1370,7748593,Enrique Valdelvira Ibáñez,7748593,3,6,0.0,Q28478605
1371,7750053,Serafín Holgado de Antonio,7750053,4,6,1524.0,Q30916669
1372,7777272,Una mujer fantástica,7777272,3,11,1106.2899265866304,Q28127580
1373,7781909,Eric Douglas,7781909,3,2,0.0,Q1294039
1374,7782340,Premier League 2017-18,7782340,7,7,10114.746435330737,Q28842253
1375,7786930,Copa Sudamericana 2018,7786930,8,13,13935.642777598692,Q28446844
1376,7791628,Minicopa del Rey,7791628,4,14,0.0,Q28806321
1377,7797785,Hwarang (serie de televisión),7797785,1,2,0.0,Q21997754
1378,7812909,Christopher Nkunku,7812909,2,7,4487.292278896353,Q21693199
1379,7820268,Unai Simón,7820268,1,8,0.0,Q23908113
1380,7820669,La venganza (película de 1999),7820669,1,11,0.0,Q29315916
1381,7832260,Sólo se vive una vez (película de 2017),7832260,1,0,0.0,Q28945276
1382,7861927,Jon Guridi,7861927,1,8,0.0,Q28966437
1383,7869808,Eurocopa Sub-21 de 2019,7869808,5,8,4576.0,Q20806404
1384,7874537,Álvaro Peña Herrero,7874537,2,8,54.6618354118396,Q8076736
1385,7885856,Damon Dash,7885856,1,17,0.0,Q344384
1386,7890206,Draft de la NFL de 2017,7890206,33,4,395.22998721039596,Q25050788
1387,7917844,El Dorado (álbum de Shakira),7917844,4,1,4.166666666666666,Q29907241
1388,7929900,Copa del Rey de fútbol 2017-18,7929900,8,8,29767.570024661538,Q30061119
1389,7980066,El Dorado World Tour,7980066,4,1,1258.3333333333605,Q30645782
1390,7993260,El sustituto (película de 1996),7993260,2,11,716.5655414846577,Q1778407
1391,7998031,Rambling Rose,7998031,3,11,1890.0985320406305,Q1214679
1392,8002472,Espectáculo de medio tiempo del Super Bowl XLI,8002472,8,4,12627.037545954312,Q33083512
1393,8003522,Espectáculo de medio tiempo del Super Bowl XXVII,8003522,4,4,0.0,Q33100045
1394,8007165,Thomas Rodríguez,8007165,1,13,0.0,Q29236203
1395,8022801,Pancho Saavedra,8022801,2,10,1526.0,Q29860177
1396,8028033,Alek Skarlatos,8028033,3,10,10640.0,Q21055237
1397,8048914,Reputation,8048914,3,1,1527.833333333333,Q37814092
1398,8077876,Rompeportones,8077876,1,0,0.0,Q48795979
1399,8107777,Espectáculo de medio tiempo del Super Bowl LII,8107777,5,4,0.4,Q42317850
1400,8117840,Nicolò Barella,8117840,1,8,0.0,Q20090225
1401,8120194,Lugares que hablan,8120194,1,10,0.0,Q48781648
1402,8126893,Juan Pablo Vojvoda,8126893,2,13,1526.0,Q41777366
1403,8130695,Estadio Ramón Aguilera Costas,8130695,1,8,0.0,Q2628469
1404,8134330,La doncella,8134330,2,11,312.7701935707886,Q20444585
1405,8159963,Yoon Hyun-min,8159963,2,11,0.0,Q15839288
1406,8185452,Unai Núñez,8185452,2,8,444.4135349662745,Q37506695
1407,8189117,Trilogía de la venganza,8189117,3,11,95.97481962481962,Q483605
1408,8191204,The Grandmaster,8191204,2,11,2788.4999999999573,Q1155695
1409,8203753,Josh Adams,8203753,1,14,0.0,Q23542559
1410,8261645,The Post,8261645,3,2,53741.80151151227,Q30203425
1411,8270102,Ferran Torres,8270102,2,5,3050.0,Q44297797
1412,8274056,Lucas Paquetá,8274056,1,13,0.0,Q30089624
1413,8283281,Mujeres en la antigua Esparta,8283281,1,9,0.0,Q8031512
1414,8288317,Kim Go-eun,8288317,1,11,0.0,Q6408653
1415,8304749,Gabriel Arias,8304749,2,13,1526.0,Q28005145
1416,8308044,The Concubine,8308044,1,11,0.0,Q491969
1417,8321976,Dear Basketball,8321976,1,11,0.0,Q47486990
1418,8323722,Armand Duplantis,8323722,2,9,0.0,Q20740797
1419,8326903,Red Sparrow,8326903,2,11,484.3180525700648,Q28173075
1420,8335691,Nam Tae-hyun,8335691,1,11,0.0,Q15981190
1421,8351662,Serie A (Italia) 2018-19,8351662,18,7,51332.85164839737,Q48782372
1422,8355055,Locos de amor,8355055,3,10,4572.0,Q48782388
1423,8355133,Locos de amor 2,8355133,3,10,1526.0,Q48782390
1424,8358124,Episkyros,8358124,1,9,0.0,Q3565742
1425,8371600,Línea de sucesión presidencial de los Estados Unidos,8371600,2,10,0.0,Q1050554
1426,8374947,Tiempo después,8374947,3,12,0.0,Q50682532
1427,8380085,Isabel Serra,8380085,2,9,1526.0,Q47490746
1428,8389338,Kristen Anderson-Lopez,8389338,5,11,57.50658761528328,Q6437747
1429,8406330,Jessy López,8406330,3,0,0.5,Q50826086
1430,8408589,Ko Sung-hee,8408589,2,11,0.0,Q15977203
1431,8417190,Jung Ji-so,8417190,2,11,0.0,Q16177322
1432,8429279,Jonathan Carlos Herrera,8429279,1,13,0.0,Q51405707
1433,8435808,Karina Duprez,8435808,1,2,0.0,Q10313836
1434,8438090,Temporada 2018 de la NFL,8438090,46,4,9845.783948108148,Q47090681
1435,8443263,You Were Never Really Here,8443263,1,11,0.0,Q27703176
1436,8445050,Televisa Deportes,8445050,2,4,0.0,Q7696918
1437,8446920,Lucía Magdalena Ana Bravi,8446920,3,0,6096.0,Q51883471
1438,8451699,Francisco Gerometta,8451699,1,13,0.0,Q84498726
1439,8452166,Manuel Martos Figueroa,8452166,2,6,0.0,Q52696376
1440,8456484,La favorita (película),8456484,4,11,3672.759971511422,Q22001133
1441,8462937,Draft de la NFL de 2018,8462937,37,4,336.66639798457425,Q28402858
1442,8483226,Mortal Engines (película),8483226,2,11,312.7701935707886,Q28999515
1443,8484648,Jorge Bustos,8484648,1,2,0.0,Q53844998
1444,8485328,El amor menos pensado,8485328,3,0,3321.608105424009,Q53580333
1445,8497032,Anderson Arroyo,8497032,1,7,0.0,Q35683075
1446,8502797,Miles Bridges,8502797,2,14,0.0,Q27925506
1447,8537390,Shai Gilgeous-Alexander,8537390,1,14,0.0,Q32860369
1448,8586491,Adelante Andalucía,8586491,3,9,9126.0,Q55392186
1449,8590906,Leonardo Fernández López,8590906,1,7,0.0,Q20801692
1450,8603273,If Beale Street Could Talk,8603273,4,11,1527.5805903943756,Q38685547
1451,8613335,Claudio Spinelli,8613335,1,13,0.0,Q29951707
1452,8617509,Papillon (película de 2017),8617509,3,11,328.2424157930115,Q27985123
1453,8631582,Clásico Athletic–Barcelona,8631582,6,8,1102.9285890129313,Q55604437
1454,8657927,La jaula de las locas (musical),8657927,2,0,9181.483993375912,Q2035179
1455,8693593,Organización territorial de Bélgica,8693593,1,1,0.0,Q15623264
1456,8706924,Tyson Pérez,8706924,1,14,0.0,Q58006972
1457,8743122,Before We Go,8743122,1,11,0.0,Q16822530
1458,8744594,Campeones de los Juegos Olímpicos en la Antigüedad,8744594,1,9,0.0,Q20426239
1459,8752129,Robin Le Normand,8752129,2,8,93.57843137254903,Q27469970
1460,8764066,Campeonato Brasileño de Fútbol Serie A 2019,8764066,7,13,20505.358353511496,Q59430870
1461,8767947,LaGira,8767947,2,8,570.5724597040372,Q60969798
1462,8769299,21 Bridges,8769299,1,11,0.0,Q58411015
1463,8786644,Estadio Municipal de El Alto,8786644,1,13,0.0,Q60588818
1464,8789756,All-Star Game de la NBA 2019,8789756,6,14,7617.5,Q30633679
1465,8795081,Copa del Rey de baloncesto 2019,8795081,9,14,776.6404761904762,Q56277255
1466,8797312,Matías Nicolás Rojas,8797312,1,7,0.0,Q60734157
1467,8802019,La boda de mi mejor amigo (película de 2019),8802019,1,11,0.0,Q61740916
1468,8804884,Supercopa Uruguaya 2020,8804884,5,8,4572.5,Q61862362
1469,8809638,Booksmart,8809638,3,11,1838.770193570781,Q55605752
1470,8815732,Rugby Europe Championship 2020,8815732,3,3,5.5,Q74122570
1471,8822050,María Magdalena (película de 2018),8822050,1,11,0.0,Q27957924
1472,8836241,Jack Durán,8836241,1,13,0.0,Q61997145
1473,8844772,Oslimg Mora,8844772,2,13,0.0,Q60842170
1474,8846005,Honey Boy,8846005,1,11,0.0,Q55613905
1475,8852580,The Farewell,8852580,1,11,0.0,Q60611804
1476,8876655,Eliminatorias Sudamericanas de Futsal,8876655,1,8,0.0,Q30609014
1477,8881618,Colin Jost,8881618,1,11,0.0,Q5145253
1478,8906127,Copa de Alemania 2019-20,8906127,3,8,33.41883753501405,Q60740636
1479,8908332,Kitbull,8908332,1,11,0.0,Q61740829
1480,8910944,Álex Collado,8910944,1,7,0.0,Q50709615
1481,8935682,Rubén Guerrero (baloncestista),8935682,2,14,0.0,Q65162634
1482,8941903,Parásitos (película),8941903,8,11,15622.456293299183,Q61448040
1483,8951229,Allegiant Stadium,8951229,1,4,0.0,Q27768421
1484,8954371,The Peanut Butter Falcon,8954371,2,11,312.7701935707886,Q39047194
1485,8961692,Josh Allen,8961692,15,4,20.73239872243896,Q27966578
1486,8963134,Copa México 2019-20,8963134,6,7,9659.111760461765,Q64575058
1487,8983836,Prodigal Son,8983836,1,11,0.0,Q63965736
1488,8992745,Leonardo Heredia,8992745,1,13,0.0,Q47520611
1489,9006645,Paz Esteban López,9006645,1,5,0.0,Q65520345
1490,9007415,El hombre invisible (película de 2020),9007415,2,11,312.7701935707886,Q64004122
1491,9059157,Sien Hoornik,9059157,1,13,0.0,Q4499795
1492,9059782,Gisele Yashar,9059782,1,11,0.0,Q27965042
1493,9064489,Torneo de las Seis Naciones 2020,9064489,3,3,1527.5,Q62122400
1494,9078050,Draft de la NFL de 2019,9078050,20,4,23.47323736531528,Q39058215
1495,9110562,Carlos Neva,9110562,1,8,0.0,Q64738490
1496,9111553,Billy Porter,9111553,1,11,0.0,Q4913177
1497,9120988,Mateo Klimowicz,9120988,2,8,1526.0,Q61622997
1498,9129936,Primarias presidenciales del Partido Republicano de 2020,9129936,2,10,1526.0,Q38051523
1499,9143058,Antlers,9143058,1,11,0.0,Q60737524
1500,9149611,Lucas Palacios,9149611,2,10,3430.1963083026826,Q72869572
1501,9170511,Súper Rugby 2020,9170511,3,3,0.5,Q74862337
1502,9179069,Deborah Rennard,9179069,1,11,0.0,Q442025
1503,9188505,Diego Monarriz,9188505,1,13,0.0,Q77111860
1504,9189892,Johan Carbonero,9189892,1,7,0.0,Q59644108
1505,9194068,The Slow Rush,9194068,1,3,0.0,Q76895455
1506,9200068,Torneo Clausura 2020 Liga de Ascenso,9200068,2,7,1526.0,Q77545418
1507,9200348,Frozen II (banda sonora),9200348,3,11,0.0,Q69555456
1508,9204979,Eve Miller,9204979,1,2,0.0,Q3061361
1509,9209131,Lamar Jackson,9209131,7,4,2.2752747252747247,Q24809702
1510,9216156,Copa Italia 2019-20,9216156,3,7,345.70913746447405,Q64446398
1511,9237304,Robert Lopez,9237304,8,11,10867.260169472314,Q3435778
1512,9238039,Espectáculo de medio tiempo del Super Bowl LIII,9238039,6,4,1204.0363636363616,Q56289826
1513,9239611,Les Misérables (película de 2019),9239611,1,11,0.0,Q63246549
1514,9245552,Elecciones al Parlamento Vasco de 2020,9245552,3,6,0.0,Q30594119
1515,9251671,Boże Ciało (película),9251671,2,11,2289.2326831732157,Q66758332
1516,9251856,Honeyland,9251856,1,11,0.0,Q61456310
1517,9256458,Music to Be Murdered By,9256458,4,3,3890.3196965081743,Q82663017
1518,9263083,Andy Reid,9263083,3,4,0.3333333333333333,Q2622812
1519,9267992,Rubén Ibeas,9267992,3,4,30.05492272007619,Q83705957
1520,9270477,Changes (álbum de Justin Bieber),9270477,1,3,0.0,Q83837230
1521,9272749,Miss Americana,9272749,1,1,0.0,Q77833628
1522,9273060,Francisco Trincão,9273060,1,7,0.0,Q24084271
1523,9275962,Guilherme Parede,9275962,1,7,0.0,Q27925502
1524,9280147,Adú,9280147,3,11,6096.0,Q83621079
1525,9281813,My Holo Love,9281813,3,11,0.5,Q65239333
1526,9286731,Hasta que la boda nos separe,9286731,5,11,6853.499999999999,Q84592656
1527,9288556,Cristóbal Campos,9288556,2,13,1526.0,Q84728620
