,Degree,Id,Label,Probability,Qid,Topic,Unnamed: 0.1,betweenesscentrality,modularity_class,Views,Weight,Main topic,Subtopic
0,2.0,78.0,Año bisiesto,0.12253321707248688,Q19828,Culture.Philosophy_and_religion,78.0,626.0,2.0,208283.0,0.24506643414497375,Culture,Philosophy_and_religion
1,9.0,9213.0,Plácido Domingo,0.8840492963790894,Q130853,Culture.Media.Music,9213.0,72581.25910422916,6.0,26599.0,7.956443667411804,Culture,Music
2,3.0,23809.0,Enrico Caruso,0.5698626637458801,Q170726,Culture.Media.Media*,23809.0,312.0,6.0,2578.0,1.7095879912376404,Culture,Media*
3,2.0,25141.0,Cluj-Napoca,0.1778208613395691,Q100188,History_and_Society.History,25141.0,47432.0,16.0,3300.0,0.3556417226791382,History_and_Society,History
4,5.0,26372.0,Miramax,0.9914325475692748,Q465449,Culture.Media.Films,26372.0,1251.0,2.0,2245.0,4.957162737846374,Culture,Films
5,4.0,26765.0,Pagliacci,0.9992306232452391,Q248644,Culture.Performing_arts,26765.0,938.0,6.0,2821.0,3.9969224929809566,Culture,Performing_arts
6,1.0,27682.0,Fitzcarraldo,0.9706977605819702,Q698111,Culture.Media.Media*,27682.0,0.0,6.0,1733.0,0.9706977605819702,Culture,Media*
7,4.0,29495.0,Archipiélago Juan Fernández,0.1732981950044632,Q156325,STEM.Earth_and_environment,29495.0,1824.3097680097646,1.0,2912.0,0.6931927800178528,STEM,Earth_and_environment
8,2.0,40070.0,La Puebla del Río,1.0000100135803225,Q1605737,Geography.Regions.Europe.Southern_Europe,40070.0,626.0,4.0,901.0,0.0,Geography,Southern_Europe
9,3.0,41108.0,Presidente de la Junta de Andalucía,0.233716368675232,Q2748453,History_and_Society.Politics_and_government,41108.0,626.0,4.0,2305.0,0.701149106025696,History_and_Society,Politics_and_government
10,3.0,43250.0,James Horner,0.9019306898117064,Q106221,Culture.Media.Media*,43250.0,1251.0,5.0,2289.0,2.705792069435119,Culture,Media*
11,2.0,45067.0,Federico Luppi,0.997120440006256,Q1393963,Culture.Biography.Biography*,45067.0,2492.0,5.0,2028.0,0.0,Culture,Biography*
12,3.0,45137.0,Arturo Prat,0.4532718360424042,Q715410,History_and_Society.Military_and_warfare,45137.0,268.2165367965369,1.0,3832.0,1.3598155081272125,History_and_Society,Military_and_warfare
13,5.0,46661.0,Martina Hingis,0.9916942119598388,Q134720,Culture.Sports,46661.0,17910.0,9.0,2170.0,4.9584710597991934,Culture,Sports
14,1.0,48105.0,El Palmar (Murcia),0.9481645226478576,Q1324420,Geography.Regions.Europe.Southern_Europe,48105.0,0.0,9.0,1310.0,0.0,Geography,Southern_Europe
15,1.0,49160.0,Talibán,0.9724247455596924,Q42418,History_and_Society.Politics_and_government,49160.0,0.0,2.0,8059.0,0.9724247455596924,History_and_Society,Politics_and_government
16,3.0,50214.0,John Glenn,0.8933194279670715,Q182642,History_and_Society.Transportation,50214.0,312.0,6.0,2018.0,2.6799582839012146,History_and_Society,Transportation
17,5.0,50893.0,Anwar el-Sadat,0.5775054097175598,Q42013,History_and_Society.Military_and_warfare,50893.0,15892.1012620712,2.0,3726.0,2.887527048587799,History_and_Society,Military_and_warfare
18,2.0,54397.0,Juegos Olímpicos de París 1900,0.8221991658210754,Q8088,Culture.Sports,54397.0,626.0,14.0,3097.0,1.6443983316421509,Culture,Sports
19,2.0,55346.0,Tennessee Williams,0.5000100135803223,Q134262,Culture.Performing_arts,55346.0,626.0,6.0,2406.0,1.0000200271606445,Culture,Performing_arts
20,1.0,58768.0,Enemy at the Gates,0.994455099105835,Q271006,Culture.Media.Films,58768.0,0.0,5.0,2046.0,0.994455099105835,Culture,Films
21,1.0,59115.0,Gabriel Batistuta,0.9511522054672241,Q170376,Culture.Sports,59115.0,0.0,8.0,10536.0,0.9511522054672241,Culture,Sports
22,1.0,59124.0,Año secular,0.3140605390071869,Q2378962,Culture.Media.Films,59124.0,0.0,2.0,1256.0,0.3140605390071869,Culture,Films
23,1.0,61825.0,Kim Clijsters,0.99219411611557,Q11685,Culture.Sports,61825.0,0.0,3.0,4765.0,0.99219411611557,Culture,Sports
24,5.0,64791.0,Juegos Olímpicos de Sídney 2000,0.9173126816749572,Q8544,Culture.Sports,64791.0,31602.0,3.0,2725.0,4.5865634083747855,Culture,Sports
25,4.0,68771.0,Ceará,0.4301573634147644,Q40123,Geography.Regions.Americas.South_America,68771.0,3762.6000000000013,19.0,1919.0,0.0,Geography,South_America
26,3.0,75887.0,Franz Ferdinand,0.8479777574539185,Q173180,Culture.Media.Media*,75887.0,12746.0,18.0,3430.0,2.5439332723617554,Culture,Media*
27,3.0,88438.0,Talcahuano,0.9433575868606568,Q41997,Geography.Regions.Americas.South_America,88438.0,4294.888095238128,1.0,2368.0,0.0,Geography,South_America
28,6.0,91484.0,Venus Williams,0.9324633479118348,Q11578,Culture.Sports,91484.0,802.9999999999957,9.0,3293.0,5.594780087471009,Culture,Sports
29,1.0,92520.0,Juan Diego Flórez,0.9669240117073059,Q160427,Culture.Media.Music,92520.0,0.0,6.0,3690.0,0.9669240117073059,Culture,Music
30,4.0,92905.0,Curro Romero,0.9783946871757508,Q3007736,Culture.Biography.Biography*,92905.0,4340.000000000001,4.0,3938.0,0.0,Culture,Biography*
31,1.0,95096.0,Consuegra,0.9994397163391112,Q919046,Geography.Regions.Europe.Southern_Europe,95096.0,0.0,6.0,2096.0,0.0,Geography,Southern_Europe
32,4.0,98583.0,Universidad César Vallejo Club de Fútbol,0.5234303474426271,Q603023,Culture.Sports,98583.0,1872.5,11.0,2244.0,2.0937213897705083,Culture,Sports
33,1.0,99349.0,Transformismo,1.0000100135803225,Q431604,History_and_Society.Society,99349.0,0.0,10.0,1923.0,1.0000100135803225,History_and_Society,Society
34,4.0,110034.0,Prueba de Selección Universitaria,0.16027602553367615,Q1614477,History_and_Society.Business_and_economics,110034.0,1211.4775335775346,1.0,1892.0,0.6411041021347046,History_and_Society,Business_and_economics
35,3.0,112856.0,José Guillermo del Solar,0.9748311638832092,Q734534,Culture.Sports,112856.0,0.5,11.0,2211.0,2.9244934916496277,Culture,Sports
36,4.0,115829.0,Congreso Nacional de Chile,0.233716368675232,Q1968468,History_and_Society.Politics_and_government,115829.0,1718.4149494949484,1.0,3658.0,0.934865474700928,History_and_Society,Politics_and_government
37,2.0,117354.0,Duoc UC,0.3923468291759491,Q5406597,History_and_Society.Education,117354.0,298.4166666666667,7.0,2154.0,0.7846936583518982,History_and_Society,Education
38,2.0,118488.0,Chancho en Piedra,0.59267657995224,Q631657,Culture.Media.Music,118488.0,626.0,7.0,2184.0,1.18535315990448,Culture,Music
39,1.0,118514.0,Batalla de Mogadiscio,0.7431780099868774,Q52226,History_and_Society.Military_and_warfare,118514.0,0.0,2.0,2577.0,0.7431780099868774,History_and_Society,Military_and_warfare
40,11.0,120489.0,Club Baloncesto Málaga,0.9841036200523376,Q54910,Culture.Sports,120489.0,5406.25,13.0,3026.0,10.825139820575714,Culture,Sports
41,2.0,123530.0,Mary Santpere,0.2814156115055084,Q3754320,History_and_Society.History,123530.0,0.0,4.0,3944.0,0.5628312230110168,History_and_Society,History
42,6.0,129672.0,EuroBasket,0.9967369437217712,Q193141,Culture.Sports,129672.0,48747.0,13.0,1980.0,5.980421662330627,Culture,Sports
43,3.0,134166.0,Universidad San Sebastián,0.6584275364875793,Q1631474,History_and_Society.Education,134166.0,109.35833333333349,1.0,1681.0,1.975282609462738,History_and_Society,Education
44,5.0,134220.0,Juan Carlos Navarro,1.0000100135803225,Q310541,Culture.Sports,134220.0,2272.25,13.0,2626.0,5.000050067901612,Culture,Sports
45,2.0,137365.0,Frank de Boer,0.9976868629455566,Q219657,Culture.Sports,137365.0,0.0,12.0,2322.0,1.9953737258911133,Culture,Sports
46,3.0,138765.0,Victoria Ruffo,0.2227101624011993,Q601743,Culture.Media.Media*,138765.0,4959.0,17.0,54538.0,0.6681304872035979,Culture,Media*
47,2.0,139833.0,Chris Tucker,0.2814156115055084,Q219717,Culture.Media.Entertainment,139833.0,5562.0,13.0,2366.0,0.5628312230110168,Culture,Entertainment
48,2.0,141065.0,Jurel,0.14805719256401062,Q9016784,History_and_Society.Transportation,141065.0,626.0,2.0,1378.0,0.29611438512802124,History_and_Society,Transportation
49,3.0,144833.0,Domenico Modugno,0.38492217659950256,Q201392,Culture.Media.Media*,144833.0,3114.0,5.0,2391.0,1.1547665297985077,Culture,Media*
50,1.0,145250.0,Mina Mazzini,0.6001983880996704,Q231156,Culture.Media.Media*,145250.0,0.0,5.0,2460.0,0.6001983880996704,Culture,Media*
51,1.0,150174.0,Iglesia católica copta,0.40734341740608215,Q49378,Culture.Philosophy_and_religion,150174.0,0.0,2.0,1140.0,0.40734341740608215,Culture,Philosophy_and_religion
52,2.0,156311.0,Luis Fortuño,0.9937201142311096,Q381099,History_and_Society.Politics_and_government,156311.0,0.0,15.0,2242.0,1.9874402284622192,History_and_Society,Politics_and_government
53,5.0,160753.0,Carlos Cano,0.33459946513175964,Q1042785,Culture.Media.Music,160753.0,5905.499999999975,4.0,3276.0,1.6729973256587982,Culture,Music
54,1.0,172465.0,Rui Costa,0.9871888160705566,Q190608,Culture.Sports,172465.0,0.0,16.0,1534.0,0.9871888160705566,Culture,Sports
55,3.0,173077.0,Serge Gainsbourg,0.4532718360424042,Q1698,Culture.Media.Media*,173077.0,1251.0,4.0,2478.0,1.3598155081272125,Culture,Media*
56,4.0,174363.0,Mauricio Pellegrino,0.9939124584197998,Q313131,Culture.Sports,174363.0,2870.950000000001,14.0,8675.0,3.975649833679199,Culture,Sports
57,1.0,176781.0,Cacerolazo,0.4378334879875183,Q1025005,History_and_Society.Society,176781.0,0.0,15.0,9061.0,0.4378334879875183,History_and_Society,Society
58,7.0,176924.0,Sergio Lagos,0.59267657995224,Q4307530,Culture.Media.Media*,176924.0,17736.90758574751,1.0,2442.0,4.14873605966568,Culture,Media*
59,1.0,178361.0,Gabriela Ruffo,0.9883227348327636,Q1007229,Culture.Biography.Biography*,178361.0,0.0,17.0,3137.0,0.0,Culture,Biography*
60,1.0,179211.0,Karina (cantante española),0.5234303474426271,Q453993,Culture.Media.Media*,179211.0,0.0,4.0,2824.0,0.5234303474426271,Culture,Media*
61,5.0,179835.0,Aíto García Reneses,0.9863731861114502,Q2601936,Culture.Sports,179835.0,2272.25,13.0,3804.0,4.931865930557251,Culture,Sports
62,6.0,179898.0,Selección de fútbol de Dinamarca,0.9814634323120116,Q131785,Culture.Sports,179898.0,68136.88333333343,14.0,2368.0,5.888780593872069,Culture,Sports
63,1.0,180921.0,Desastre de Aznalcóllar,0.8080772161483765,Q1870498,History_and_Society.Business_and_economics,180921.0,0.0,2.0,2098.0,0.8080772161483765,History_and_Society,Business_and_economics
64,5.0,181873.0,Hosni Mubarak,0.4225146472454071,Q34105,History_and_Society.Military_and_warfare,181873.0,4193.48638195141,2.0,15672.0,2.1125732362270355,History_and_Society,Military_and_warfare
65,6.0,187510.0,Club de Deportes Antofagasta,0.812877357006073,Q2076979,Culture.Sports,187510.0,96986.66666666641,7.0,2126.0,4.877264142036438,Culture,Sports
66,6.0,188667.0,Fútbol Club Barcelona (baloncesto),0.8596737384796143,Q54893,Culture.Sports,188667.0,7394.500000000001,13.0,2895.0,5.1580424308776855,Culture,Sports
67,2.0,192990.0,Computus,0.11921291798353195,Q56318457,STEM.Biology,192990.0,1.0,2.0,3016.0,0.2384258359670639,STEM,Biology
68,2.0,198045.0,Selección de fútbol de Guyana,0.983095109462738,Q330125,History_and_Society.Society,198045.0,8047.499999999988,14.0,1657.0,1.966190218925476,History_and_Society,Society
69,9.0,198051.0,Masters de Indian Wells,0.9947898983955384,Q974505,Culture.Sports,198051.0,10259.216666666689,9.0,2394.0,8.953109085559847,Culture,Sports
70,3.0,199481.0,Florcita Motuda,0.14034625887870789,Q5862953,Culture.Media.Media*,199481.0,1093.1562193362215,1.0,1715.0,0.42103877663612366,Culture,Media*
71,2.0,201712.0,Jorge Garbajosa,0.9995794296264648,Q316577,Culture.Sports,201712.0,0.0,13.0,1639.0,1.9991588592529297,Culture,Sports
72,2.0,204591.0,Cirilo de Alejandría,0.6992644667625427,Q44079,Culture.Philosophy_and_religion,204591.0,621.0,2.0,2547.0,1.3985289335250854,Culture,Philosophy_and_religion
73,2.0,206407.0,Estadio Ciudad de Valencia,0.9399233460426332,Q1122715,Culture.Sports,206407.0,626.0,8.0,3650.0,1.8798466920852663,Culture,Sports
74,4.0,211836.0,"Torrente, el brazo tonto de la ley",0.94500470161438,Q1050105,Culture.Media.Media*,211836.0,5580.0,10.0,3061.0,3.78001880645752,Culture,Media*
75,6.0,215122.0,Club de Deportes Iquique,0.7248802781105042,Q642824,Culture.Sports,215122.0,527.1666666666684,7.0,2448.0,4.349281668663025,Culture,Sports
76,6.0,215151.0,Club Social de Deportes Rangers,0.880807101726532,Q719439,Culture.Sports,215151.0,98530.06712842749,7.0,2018.0,5.284842610359192,Culture,Sports
77,9.0,215620.0,Club de Deportes Provincial Curicó Unido,0.9591643214225768,Q1023125,Culture.Sports,215620.0,50715.833333333176,7.0,2978.0,8.63247889280319,Culture,Sports
78,1.0,219308.0,Antonio Díaz-Miguel,0.9579222798347472,Q2350357,Culture.Sports,219308.0,0.0,13.0,1459.0,0.9579222798347472,Culture,Sports
79,1.0,221749.0,El séptimo día,0.8221991658210754,Q3227106,Culture.Media.Media*,221749.0,0.0,10.0,855.0,0.8221991658210754,Culture,Media*
80,1.0,225509.0,Mrs. Doubtfire,0.9987257122993468,Q483852,Culture.Media.Films,225509.0,0.0,10.0,2399.0,0.9987257122993468,Culture,Films
81,5.0,227347.0,Historia del autonomismo en Andalucía,0.1520422399044037,Q5900237,History_and_Society.History,227347.0,2176.0,4.0,2022.0,0.7602111995220184,History_and_Society,History
82,2.0,228567.0,Lolo Sainz,0.9755869507789612,Q565526,Culture.Sports,228567.0,0.0,13.0,1371.0,1.9511739015579224,Culture,Sports
83,8.0,229046.0,Hijo Predilecto de Andalucía,0.13297423720359802,Q5760288,History_and_Society.Society,229046.0,7024.500000000047,4.0,1359.0,1.0637938976287842,History_and_Society,Society
84,2.0,229392.0,Beatriz Adriana,0.320831298828125,Q2893016,Culture.Media.Media*,229392.0,8.0,17.0,1841.0,0.64166259765625,Culture,Media*
85,2.0,233703.0,José Bergamín,0.1778208613395691,Q332850,Culture.Philosophy_and_religion,233703.0,626.0,4.0,6502.0,0.3556417226791382,Culture,Philosophy_and_religion
86,9.0,240086.0,Estadio Monumental (Chile),0.8558611869812012,Q1369435,Culture.Sports,240086.0,49860.50000000017,7.0,2159.0,7.7027506828308105,Culture,Sports
87,12.0,247185.0,The Washington Post,0.8354935646057129,Q166032,Culture.Media.Media*,247185.0,13035.701118881188,2.0,2950.0,10.025922775268555,Culture,Media*
88,1.0,254058.0,Punto Fijo,0.9706977605819702,Q1020279,Geography.Regions.Americas.South_America,254058.0,0.0,12.0,3420.0,0.0,Geography,South_America
89,5.0,257082.0,Deportes Magallanes,0.8596737384796143,Q515425,Culture.Sports,257082.0,96629.50000000006,8.0,2919.0,4.298368692398071,Culture,Sports
90,2.0,262126.0,Max Martin,0.7057950496673584,Q318223,Culture.Media.Music,262126.0,626.0,18.0,2472.0,1.4115900993347168,Culture,Music
91,2.0,263732.0,Michael Johnson (atleta),0.9988405108451844,Q190924,Culture.Sports,263732.0,21276.0,3.0,1902.0,1.9976810216903689,Culture,Sports
92,3.0,267346.0,Bobby Charlton,0.9914325475692748,Q171583,Culture.Sports,267346.0,1250.0,3.0,2845.0,2.9742976427078243,Culture,Sports
93,2.0,275946.0,Paul Capdeville,0.9783946871757508,Q444989,Culture.Sports,275946.0,626.0,1.0,2722.0,1.9567893743515017,Culture,Sports
94,2.0,276550.0,Francisco Vidal Salinas,0.9959398508071899,Q1630031,Culture.Biography.Biography*,276550.0,268.54880952380944,1.0,3218.0,0.0,Culture,Biography*
95,3.0,278777.0,Tony Leblanc,0.2120788097381592,Q129629,Culture.Media.Media*,278777.0,626.0,10.0,2714.0,0.6362364292144777,Culture,Media*
96,5.0,281570.0,Goiás Esporte Clube,0.9219318628311156,Q816779,Culture.Sports,281570.0,4355.0,11.0,2497.0,4.609659314155578,Culture,Sports
97,1.0,283580.0,Jorge Aguilar,0.9566442370414734,Q1703751,Culture.Sports,283580.0,0.0,1.0,1664.0,0.9566442370414734,Culture,Sports
98,7.0,284097.0,Calle 13 (banda),0.9961855411529541,Q1027200,Culture.Media.Music,284097.0,8.166666666666666,15.0,46008.0,6.973298788070679,Culture,Music
99,4.0,286646.0,Estadio Universitario (UANL),0.7826725244522095,Q771800,Culture.Sports,286646.0,87.16666666666669,12.0,2720.0,3.130690097808838,Culture,Sports
100,2.0,288187.0,Concha Piquer,0.348655104637146,Q270830,History_and_Society.History,288187.0,3110.0,4.0,4160.0,0.697310209274292,History_and_Society,History
101,4.0,289159.0,Ministerio de Educación de Chile,0.19194278120994568,Q3079732,History_and_Society.Politics_and_government,289159.0,835.2947763347755,1.0,2758.0,0.7677711248397827,History_and_Society,Politics_and_government
102,2.0,293255.0,Antonio Burgos,0.2814156115055084,Q4776482,Culture.Media.Media*,293255.0,0.0,4.0,5146.0,0.5628312230110168,Culture,Media*
103,3.0,295172.0,Colón (Panamá),0.6791887283325195,Q12825018,Geography.Geographical,295172.0,626.0,12.0,1822.0,0.0,Geography,Geographical
104,3.0,295947.0,Coria del Río,1.0000100135803225,Q1445412,Geography.Regions.Europe.Southern_Europe,295947.0,1874.0,4.0,2498.0,0.0,Geography,Southern_Europe
105,2.0,302307.0,Andrés Allamand,0.8933194279670715,Q4760139,Culture.Biography.Biography*,302307.0,0.0,1.0,4024.0,0.0,Culture,Biography*
106,2.0,303299.0,Horacio de la Peña,0.9814634323120116,Q961140,Culture.Sports,303299.0,1250.0,1.0,4168.0,1.9629268646240232,Culture,Sports
107,8.0,303919.0,XLVII Festival Internacional de la Canción de Viña del Mar,0.3775506913661957,Q6168817,Culture.Media.Media*,303919.0,75385.66148518161,1.0,2057.0,3.0204055309295654,Culture,Media*
108,3.0,305589.0,Rafael Escuredo,0.9963027834892272,Q2884269,Culture.Biography.Biography*,305589.0,427.9999999999997,4.0,3028.0,0.0,Culture,Biography*
109,7.0,310187.0,Reina del Festival de Viña del Mar,0.311877357006073,Q4473586,Geography.Regions.Americas.South_America,310187.0,19353.58716727716,1.0,2419.0,0.0,Geography,South_America
110,4.0,315130.0,Tumba del soldado desconocido,0.7431780099868774,Q1541043,History_and_Society.Military_and_warfare,315130.0,3122.4754911754862,15.0,2082.0,2.9727120399475098,History_and_Society,Military_and_warfare
111,8.0,323640.0,Universidad Andrés Bello,0.9820237755775452,Q3348434,History_and_Society.Education,323640.0,5585.3303113552965,1.0,2049.0,7.856190204620361,History_and_Society,Education
112,4.0,332625.0,Diego Cagna,0.9825675487518308,Q2607387,Culture.Sports,332625.0,4506.516666666668,14.0,1671.0,3.9302701950073233,Culture,Sports
113,3.0,332855.0,Club Deportivo FAS,0.9304682612419128,Q2539734,Culture.Sports,332855.0,2608.7499999999995,12.0,2665.0,2.7914047837257385,Culture,Sports
114,1.0,345379.0,Alfonso Reyes Cabanas,0.9836069941520692,Q1438347,Culture.Sports,345379.0,0.0,13.0,2141.0,0.9836069941520692,Culture,Sports
115,3.0,348616.0,Braga,0.812877357006073,Q83247,Geography.Regions.Europe.Europe*,348616.0,626.0,16.0,2871.0,0.0,Geography,Europe*
116,6.0,374522.0,Triplete (deportes),0.4455395638942719,Q123086,Culture.Sports,374522.0,5591.000000000001,8.0,1533.0,2.6732373833656315,Culture,Sports
117,1.0,374911.0,Código Konami,0.7773098945617676,Q909243,Culture.Media.Media*,374911.0,0.0,2.0,9435.0,0.7773098945617676,Culture,Media*
118,1.0,381098.0,Alex Kapranos,0.5156299471855164,Q458625,Culture.Media.Media*,381098.0,0.0,18.0,1178.0,0.5156299471855164,Culture,Media*
119,2.0,386124.0,Simply Red,0.8903042674064636,Q339430,Culture.Media.Media*,386124.0,0.0,1.0,2342.0,1.7806085348129272,Culture,Media*
120,4.0,389321.0,Premios Laureus,0.6150978803634644,Q900341,Culture.Sports,389321.0,20847.0,3.0,22516.0,2.4603915214538574,Culture,Sports
121,1.0,392661.0,Jane Birkin,0.11597072333097458,Q212873,Culture.Media.Media*,392661.0,0.0,4.0,2312.0,0.11597072333097458,Culture,Media*
122,4.0,394175.0,Nacionalismo andaluz,0.4532718360424042,Q564999,History_and_Society.Politics_and_government,394175.0,1550.0,4.0,3420.0,1.8130873441696167,History_and_Society,Politics_and_government
123,4.0,394690.0,Houston Dynamo,0.91965252161026,Q328313,Culture.Sports,394690.0,7545.716666666665,12.0,2222.0,3.67861008644104,Culture,Sports
124,4.0,398120.0,Estadio Olímpico Atahualpa,0.5312193632125854,Q2020768,Culture.Sports,398120.0,1875.0,8.0,2829.0,2.124877452850342,Culture,Sports
125,5.0,398275.0,Club Brujas,0.8774868249893188,Q190916,Culture.Sports,398275.0,1251.0,16.0,2992.0,4.387434124946594,Culture,Sports
126,5.0,404237.0,Gianni Lunadei,0.9706977605819702,Q5475586,Culture.Biography.Biography*,404237.0,8097.833333333418,5.0,2194.0,0.0,Culture,Biography*
127,4.0,404915.0,Ernesto Belloni,0.9886782765388488,Q5836787,Culture.Biography.Biography*,404915.0,605.565967365965,1.0,16044.0,0.0,Culture,Biography*
128,3.0,405301.0,Lucho Gatica,0.9433575868606568,Q954681,Culture.Media.Music,405301.0,871.8333333333335,1.0,2575.0,2.8300727605819707,Culture,Music
129,3.0,405974.0,Pasión Vega,0.5078218579292297,Q2032823,Culture.Media.Media*,405974.0,53972.00000000001,4.0,2213.0,1.5234655737876892,Culture,Media*
130,5.0,433248.0,FK Shajtar Donetsk,0.7981967926025391,Q172969,Culture.Sports,433248.0,1874.0,16.0,2434.0,3.9909839630126953,Culture,Sports
131,6.0,446422.0,Estadio Ciudad de La Plata,0.8175845146179199,Q1369163,Culture.Sports,446422.0,2870.616666666668,14.0,2271.0,4.9055070877075195,Culture,Sports
132,10.0,449520.0,Sporting Clube de Braga,0.8311530351638794,Q75684,Culture.Sports,449520.0,55096.41666666667,16.0,2432.0,8.311530351638794,Culture,Sports
133,1.0,451580.0,Bobby Capó,0.7057950496673584,Q2744274,Culture.Media.Music,451580.0,0.0,1.0,2049.0,0.7057950496673584,Culture,Music
134,4.0,456904.0,Estrella Morente,0.3140605390071869,Q293773,Culture.Media.Music,456904.0,35421.0,4.0,41800.0,1.2562421560287476,Culture,Music
135,1.0,462634.0,Universidad de Valparaíso,0.9433575868606568,Q1546014,History_and_Society.Education,462634.0,0.0,1.0,1344.0,0.9433575868606568,History_and_Society,Education
136,2.0,469078.0,Daniel Scioli,0.9946250915527344,Q1162679,Culture.Biography.Biography*,469078.0,626.0,0.0,10635.0,0.0,Culture,Biography*
137,2.0,471957.0,Gloria Benavides,0.3629792034626007,Q5881214,Culture.Media.Media*,471957.0,0.0,1.0,2313.0,0.7259584069252014,Culture,Media*
138,5.0,476876.0,Club Sol de América (Asunción),0.7490972280502319,Q605055,Culture.Sports,476876.0,1318.0,11.0,2053.0,3.7454861402511597,Culture,Sports
139,1.0,487436.0,Club Atlético Defensores de Belgrano,0.9433575868606568,Q2979817,Culture.Sports,487436.0,0.0,14.0,1984.0,0.9433575868606568,Culture,Sports
140,4.0,487905.0,Sebastián Abreu,0.9919480085372924,Q132056,Culture.Sports,487905.0,74352.63333333348,8.0,14799.0,3.9677920341491695,Culture,Sports
141,2.0,487979.0,Richard Morales,0.9871888160705566,Q703748,Culture.Sports,487979.0,3750.6666666666774,8.0,922.0,1.9743776321411133,Culture,Sports
142,1.0,499608.0,Poeta en Nueva York,0.6584275364875793,Q3106961,Culture.Literature,499608.0,0.0,4.0,2606.0,0.6584275364875793,Culture,Literature
143,8.0,501446.0,Jappening con ja,0.9073222279548644,Q5926189,Culture.Media.Television,501446.0,2893.030128205137,1.0,2248.0,7.258577823638915,Culture,Television
144,2.0,505662.0,All-Star Weekend de la NBA,0.99567848443985,Q949872,Culture.Sports,505662.0,4952.0,13.0,1166.0,1.9913569688797,Culture,Sports
145,2.0,508861.0,Manuel Clavero Arévalo,0.9963027834892272,Q3286787,Culture.Biography.Biography*,508861.0,0.0,4.0,3154.0,0.0,Culture,Biography*
146,2.0,512681.0,Vesti la giubba,0.9955416321754456,Q645543,Culture.Media.Music,512681.0,0.0,6.0,2579.0,1.9910832643508911,Culture,Music
147,2.0,512772.0,Leandro Somoza,0.9825675487518308,Q720572,Culture.Sports,512772.0,0.0,11.0,1636.0,1.9651350975036617,Culture,Sports
148,2.0,516871.0,Dominique Wilkins,1.0000100135803225,Q311533,Culture.Sports,516871.0,6170.0,13.0,2434.0,2.000020027160645,Culture,Sports
149,1.0,522439.0,Dan Petrescu,0.9993836879730223,Q1159141,Culture.Sports,522439.0,0.0,16.0,2394.0,0.9993836879730223,Culture,Sports
150,2.0,531730.0,Trachurus trachurus,0.9980832934379578,Q842956,STEM.Biology,531730.0,1250.0,2.0,2261.0,1.9961665868759155,STEM,Biology
151,4.0,546318.0,Rogério Ceni,0.9951046109199524,Q1249859,Culture.Sports,546318.0,6684.266666666665,19.0,5063.0,3.9804184436798096,Culture,Sports
152,3.0,554434.0,Soledad Fandiño,0.1294127255678177,Q2062965,Culture.Media.Media*,554434.0,626.0,15.0,31428.0,0.38823817670345306,Culture,Media*
153,3.0,562816.0,Club Plaza Colonia de Deportes,0.7879412174224854,Q1103101,Culture.Sports,562816.0,1956.533333333332,12.0,2106.0,2.363823652267456,Culture,Sports
154,3.0,563603.0,Gastronomía de Semana Santa,0.2942249774932861,Q16140761,STEM.STEM*,563603.0,2493.0,2.0,6062.0,0.0,STEM,STEM*
155,3.0,563810.0,Casado con hijos (Chile),0.8933194279670715,Q5047989,Culture.Media.Television,563810.0,149.61471306471304,1.0,3927.0,2.6799582839012146,Culture,Television
156,1.0,567452.0,Selección femenina de hockey sobre césped de Argentina,0.7663036584854126,Q645937,Culture.Sports,567452.0,0.0,3.0,1932.0,0.7663036584854126,Culture,Sports
157,3.0,598839.0,Centro Atlético Fénix,0.8706072568893433,Q978110,Culture.Sports,598839.0,3523.366666666676,8.0,2036.0,2.61182177066803,Culture,Sports
158,3.0,598870.0,Michael Umaña,0.9899964332580566,Q726317,Culture.Sports,598870.0,1436.2333333333286,12.0,1582.0,2.96998929977417,Culture,Sports
159,4.0,602706.0,Club Atlético Rentistas,0.8774868249893188,Q1022933,Culture.Sports,602706.0,1874.0,11.0,1994.0,3.5099472999572754,Culture,Sports
160,2.0,606839.0,Estadio Bicentenario Municipal de La Florida,0.5544804334640503,Q683245,Culture.Sports,606839.0,626.0,1.0,2629.0,1.1089608669281006,Culture,Sports
161,1.0,615570.0,Luis Pedro Figueroa,0.998142421245575,Q2635047,Culture.Sports,615570.0,0.0,7.0,944.0,0.998142421245575,Culture,Sports
162,1.0,619254.0,Maximiliano Morález,0.967909336090088,Q652113,Culture.Sports,619254.0,0.0,12.0,1931.0,0.967909336090088,Culture,Sports
163,2.0,621770.0,Trujillo Alto,0.7606606483459473,Q1150895,Geography.Regions.Americas.Central_America,621770.0,0.0,15.0,1348.0,0.0,Geography,Central_America
164,1.0,622246.0,Jacobo Winograd,0.9899964332580566,Q5924540,Culture.Biography.Biography*,622246.0,0.0,0.0,2092.0,0.0,Culture,Biography*
165,1.0,657415.0,Carlos Luna,0.994455099105835,Q765888,Culture.Sports,657415.0,0.0,14.0,4112.0,0.994455099105835,Culture,Sports
166,4.0,661461.0,Asociación Deportiva San Carlos,0.974052667617798,Q290891,Culture.Sports,661461.0,2.0,12.0,2625.0,3.896210670471192,Culture,Sports
167,2.0,663452.0,Marcos Zucker,0.946606695652008,Q5816130,Culture.Biography.Biography*,663452.0,1250.0,5.0,1637.0,0.0,Culture,Biography*
168,4.0,666185.0,Vitali Klichkó,0.6076731681823729,Q31919,Culture.Sports,666185.0,4.804761904761904,3.0,4518.0,2.4306926727294917,Culture,Sports
169,1.0,674512.0,Gabriel Corrado,0.9981998205184937,Q1990676,Culture.Biography.Biography*,674512.0,0.0,15.0,1965.0,0.0,Culture,Biography*
170,4.0,678259.0,María Eugenia Larraín,0.2227101624011993,Q3296439,Culture.Visual_arts.Visual_arts*,678259.0,993.827078477087,1.0,2077.0,0.8908406496047973,Culture,Visual_arts*
171,2.0,687379.0,Samuel Gelblung,0.3775506913661957,Q6118134,Culture.Media.Media*,687379.0,626.0,0.0,1785.0,0.7551013827323914,Culture,Media*
172,2.0,690289.0,Amaya Valdemoro,0.9988405108451844,Q455970,Culture.Sports,690289.0,31976.0,3.0,3558.0,1.9976810216903689,Culture,Sports
173,1.0,691072.0,Mariano Andújar,0.9496793746948242,Q321321,Culture.Sports,691072.0,0.0,14.0,3618.0,0.9496793746948242,Culture,Sports
174,3.0,701303.0,Nueva ola (música),0.9777238368988036,Q9051097,Culture.Media.Music,701303.0,1251.0,5.0,1511.0,2.9331715106964107,Culture,Music
175,1.0,707345.0,Abel Aguilar,0.9886782765388488,Q318416,Culture.Sports,707345.0,0.0,11.0,8646.0,0.9886782765388488,Culture,Sports
176,2.0,715425.0,Martín Fiz,0.9996640086174012,Q350862,Culture.Sports,715425.0,31460.0,3.0,2210.0,1.9993280172348025,Culture,Sports
177,11.0,732367.0,Stefan Kramer,0.4921981394290924,Q868516,Culture.Media.Media*,732367.0,10821.155079365108,1.0,58080.0,5.4141795337200165,Culture,Media*
178,1.0,739690.0,James Cagney,0.1259327530860901,Q94041,History_and_Society.Society,739690.0,0.0,6.0,1804.0,0.1259327530860901,History_and_Society,Society
179,3.0,752883.0,Pedro Troglio,0.9964163899421692,Q509107,Culture.Sports,752883.0,788.1166666666667,12.0,2845.0,2.9892491698265076,Culture,Sports
180,3.0,754592.0,Silvia Legrand,0.2942249774932861,Q4419402,Culture.Media.Media*,754592.0,62.83333333333334,5.0,2584.0,0.8826749324798582,Culture,Media*
181,1.0,758633.0,Marcelo Barticciotto,0.9893575310707092,Q3289656,Culture.Sports,758633.0,0.0,7.0,9407.0,0.9893575310707092,Culture,Sports
182,1.0,760368.0,Hernán Pellerano,0.9344051480293274,Q2552057,Culture.Sports,760368.0,0.0,11.0,3178.0,0.9344051480293274,Culture,Sports
183,4.0,767195.0,Nicole (cantante chilena),0.5775054097175598,Q69474,Culture.Media.Music,767195.0,880.692554667555,1.0,2135.0,2.3100216388702393,Culture,Music
184,1.0,769433.0,Prionace glauca,0.9949496984481812,Q26337,STEM.Biology,769433.0,0.0,2.0,2522.0,0.9949496984481812,STEM,Biology
185,3.0,777108.0,José Alfredo Fuentes,0.15611489117145538,Q5937518,Culture.Media.Media*,777108.0,1329.5383782883764,1.0,1423.0,0.46834467351436615,Culture,Media*
186,3.0,781374.0,Ismael Merlo,0.14034625887870789,Q6084594,History_and_Society.History,781374.0,2492.0,4.0,1801.0,0.42103877663612366,History_and_Society,History
187,14.0,796369.0,El Monstruo,0.21734751760959625,Q5822527,History_and_Society.History,796369.0,40389.246930847126,1.0,5319.0,3.0428652465343475,History_and_Society,History
188,1.0,803144.0,Cristian Lucchetti,0.9770326614379884,Q1171195,Culture.Sports,803144.0,0.0,11.0,5386.0,0.9770326614379884,Culture,Sports
189,3.0,812599.0,Cristian Ledesma,0.9879562258720398,Q983677,Culture.Sports,812599.0,1251.0,14.0,1151.0,2.9638686776161194,Culture,Sports
190,5.0,818613.0,Mickey Madden,0.4610267877578736,Q1200118,Culture.Media.Media*,818613.0,1.2261904761904758,18.0,6599.0,2.305133938789368,Culture,Media*
191,6.0,818620.0,Jesse Carmichael,0.4301573634147644,Q459375,Culture.Media.Media*,818620.0,1340.5357142857213,18.0,5902.0,2.5809441804885864,Culture,Media*
192,3.0,825053.0,Walter Centeno,0.994455099105835,Q445468,Culture.Sports,825053.0,0.0,12.0,1206.0,2.983365297317505,Culture,Sports
193,2.0,826521.0,Estadio Manuel Murillo Toro,0.9173126816749572,Q3495726,Culture.Sports,826521.0,626.0,11.0,1186.0,1.8346253633499143,Culture,Sports
194,1.0,830053.0,Kenneth Vermeer,0.9984121918678284,Q128905,Culture.Sports,830053.0,0.0,16.0,1838.0,0.9984121918678284,Culture,Sports
195,2.0,840176.0,Paquita Rico,0.320831298828125,Q456618,Culture.Media.Media*,840176.0,0.0,4.0,4731.0,0.64166259765625,Culture,Media*
196,2.0,859407.0,Vigilia Pascual,0.8080772161483765,Q686500,Culture.Philosophy_and_religion,859407.0,4.0,2.0,2732.0,1.616154432296753,Culture,Philosophy_and_religion
197,3.0,859763.0,Héctor Tapia,0.9979592561721802,Q1642864,Culture.Sports,859763.0,1251.0,7.0,1500.0,2.9938777685165405,Culture,Sports
198,5.0,878641.0,Patricio Torres,0.9908843636512756,Q6066792,Culture.Biography.Biography*,878641.0,2683.668442668461,1.0,3546.0,0.0,Culture,Biography*
199,4.0,879450.0,Miguel Cotto,0.9990700483322144,Q543778,Culture.Sports,879450.0,8592.335714285713,3.0,5049.0,3.9962801933288574,Culture,Sports
200,3.0,880582.0,Adriana Aguirre,0.9984612464904784,Q5658299,Culture.Biography.Biography*,880582.0,1872.0,5.0,2512.0,0.0,Culture,Biography*
201,3.0,888847.0,Club Deportivo de la Universidad Católica (Ecuador),0.9124462008476256,Q2308911,Culture.Sports,888847.0,3109.083333333344,11.0,2210.0,2.7373386025428768,Culture,Sports
202,1.0,890172.0,Tsotsi,0.9706977605819702,Q626215,Culture.Media.Media*,890172.0,0.0,2.0,1000.0,0.9706977605819702,Culture,Media*
203,2.0,898286.0,Carlos Suárez (baloncestista),0.9626831412315368,Q597474,Culture.Sports,898286.0,2.0,13.0,1240.0,1.9253662824630735,Culture,Sports
204,3.0,900106.0,Calle 13 (álbum),0.9836069941520692,Q3650834,Culture.Media.Music,900106.0,0.0,15.0,1724.0,2.9508209824562077,Culture,Music
205,1.0,900729.0,Loca piel,0.967909336090088,Q3257669,Culture.Media.Media*,900729.0,0.0,1.0,1125.0,0.967909336090088,Culture,Media*
206,5.0,911612.0,Daniel Tinayre,0.9960646033287048,Q4457812,Culture.Biography.Biography*,911612.0,1805.333333333361,5.0,2023.0,0.0,Culture,Biography*
207,1.0,926446.0,Sebastián Rozental,0.9991269707679749,Q2699101,Culture.Sports,926446.0,0.0,7.0,1352.0,0.9991269707679749,Culture,Sports
208,1.0,927564.0,Kyle Lowry,1.0000100135803225,Q974603,Culture.Sports,927564.0,0.0,13.0,1541.0,1.0000100135803225,Culture,Sports
209,3.0,951825.0,Sergio Llull,0.9996417164802552,Q359052,Culture.Sports,951825.0,2267.75,13.0,3564.0,2.998925149440766,Culture,Sports
210,1.0,971888.0,Fiorella Rodríguez,0.9883227348327636,Q5862211,Culture.Biography.Biography*,971888.0,0.0,6.0,986.0,0.0,Culture,Biography*
211,3.0,977135.0,Cristina del Valle (actriz),0.99567848443985,Q5791545,Culture.Biography.Biography*,977135.0,3114.0,5.0,5228.0,0.0,Culture,Biography*
212,6.0,986986.0,Ana Ivanović,0.9825675487518308,Q30758,Culture.Sports,986986.0,810.1666666666583,9.0,1421.0,5.8954052925109846,Culture,Sports
213,1.0,990827.0,Nicolás Domingo,0.9481645226478576,Q3299109,Culture.Sports,990827.0,0.0,14.0,3086.0,0.9481645226478576,Culture,Sports
214,3.0,992772.0,Tootsie,0.9973783493041992,Q221249,Culture.Media.Films,992772.0,1251.0,10.0,2479.0,2.9921350479125977,Culture,Films
215,3.0,997555.0,Mesa de Noticias,0.9304682612419128,Q6011258,Culture.Media.Television,997555.0,0.0,5.0,2387.0,2.7914047837257385,Culture,Television
216,2.0,1019313.0,Desastre aéreo de Múnich,0.7773098945617676,Q308923,History_and_Society.Transportation,1019313.0,0.0,3.0,3585.0,1.5546197891235352,History_and_Society,Transportation
217,2.0,1020202.0,Claudio Reyes,0.275139719247818,Q5772094,Culture.Media.Music,1020202.0,0.0,1.0,2815.0,0.550279438495636,Culture,Music
218,1.0,1027540.0,Gerardo Bedoya,0.9955416321754456,Q2127359,Culture.Sports,1027540.0,0.0,19.0,2106.0,0.9955416321754456,Culture,Sports
219,5.0,1044155.0,James Valentine,0.4225146472454071,Q445136,Culture.Media.Media*,1044155.0,2.642857142857143,18.0,7754.0,2.1125732362270355,Culture,Media*
220,4.0,1049493.0,Javiera Mena,0.7490972280502319,Q966080,Culture.Media.Music,1049493.0,673.106349206349,1.0,2111.0,2.9963889122009277,Culture,Music
221,2.0,1052821.0,Sebastián Prediger,0.9770326614379884,Q2087025,Culture.Sports,1052821.0,1872.0,14.0,890.0,1.9540653228759768,Culture,Sports
222,3.0,1058027.0,Cobra (película),0.9982553720474244,Q637290,Culture.Media.Films,1058027.0,3114.0,10.0,3419.0,2.9947661161422734,Culture,Films
223,1.0,1063187.0,Franco Di Santo,0.9814634323120116,Q315330,Culture.Sports,1063187.0,0.0,16.0,2629.0,0.9814634323120116,Culture,Sports
224,1.0,1063244.0,Niagan,1.0000100135803225,Q175576,History_and_Society.Society,1063244.0,0.0,9.0,811.0,1.0000100135803225,History_and_Society,Society
225,1.0,1075880.0,60 metros (atletismo),0.993317186832428,Q246681,Culture.Sports,1075880.0,0.0,14.0,2034.0,0.993317186832428,Culture,Sports
226,1.0,1079971.0,Miguel Ángel Santoro,0.94500470161438,Q577910,Culture.Sports,1079971.0,0.0,12.0,1702.0,0.94500470161438,Culture,Sports
227,1.0,1088166.0,Juan Ramón,0.9954004287719728,Q5952207,Culture.Biography.Biography*,1088166.0,0.0,5.0,1954.0,0.0,Culture,Biography*
228,3.0,1088253.0,Vasco Moulian,0.9748311638832092,Q6159748,Culture.Biography.Biography*,1088253.0,12703.645198135158,1.0,3848.0,0.0,Culture,Biography*
229,6.0,1092586.0,TSG 1899 Hoffenheim,0.5698626637458801,Q22707,Culture.Sports,1092586.0,57086.38333333341,14.0,9559.0,3.4191759824752808,Culture,Sports
230,1.0,1097221.0,Nati Mistral,0.538993239402771,Q1387776,Culture.Media.Music,1097221.0,0.0,10.0,1478.0,0.538993239402771,Culture,Music
231,4.0,1104061.0,Diego Alves,0.9973783493041992,Q313082,Culture.Sports,1104061.0,12715.550000000005,14.0,1884.0,3.989513397216797,Culture,Sports
232,13.0,1110336.0,Residente (artista),0.9511522054672241,Q2062208,Culture.Media.Music,1110336.0,21544.007562437582,15.0,143667.0,12.364978671073914,Culture,Music
233,2.0,1123699.0,Margarita Cedeño,0.1294127255678177,Q3845570,History_and_Society.Politics_and_government,1123699.0,626.0,15.0,6001.0,0.2588254511356354,History_and_Society,Politics_and_government
234,1.0,1124221.0,Domingo Godoy Matte,0.11597072333097458,Q5664182,History_and_Society.Politics_and_government,1124221.0,0.0,1.0,5710.0,0.11597072333097458,History_and_Society,Politics_and_government
235,3.0,1130440.0,Amango,0.9836069941520692,Q8197032,Culture.Media.Media*,1130440.0,15722.684711954842,1.0,3078.0,2.9508209824562077,Culture,Media*
236,1.0,1135235.0,Tiro de Gracia (banda),0.5544804334640503,Q7809252,Culture.Media.Music,1135235.0,0.0,1.0,2219.0,0.5544804334640503,Culture,Music
237,7.0,1180990.0,El club de la comedia (Chile),0.9808859825134276,Q5824376,Culture.Media.Media*,1180990.0,35425.664999444816,1.0,2132.0,6.866201877593993,Culture,Media*
238,6.0,1181060.0,K. A. A. Gante,0.7663036584854126,Q18232,Culture.Sports,1181060.0,5947.833333333338,16.0,2720.0,4.597821950912476,Culture,Sports
239,1.0,1200881.0,Gustavo Alfaro,0.9481645226478576,Q5621337,Culture.Sports,1200881.0,0.0,11.0,16435.0,0.9481645226478576,Culture,Sports
240,5.0,1203449.0,Zulma Faiad,0.9908843636512756,Q610397,Culture.Biography.Biography*,1203449.0,16823.000000000142,5.0,1920.0,0.0,Culture,Biography*
241,1.0,1210289.0,Macnelly Torres,0.9946250915527344,Q2723797,Culture.Sports,1210289.0,0.0,7.0,4286.0,0.9946250915527344,Culture,Sports
242,3.0,1210425.0,Shenouda III,0.2814156115055084,Q87455,Culture.Philosophy_and_religion,1210425.0,0.0,2.0,2013.0,0.8442468345165253,Culture,Philosophy_and_religion
243,5.0,1213159.0,Myriam Montemayor,0.9966334104537964,Q6948205,Culture.Media.Music,1213159.0,8014.0,17.0,2331.0,4.983167052268982,Culture,Music
244,1.0,1222475.0,Fabián Orellana,0.9984612464904784,Q367851,Culture.Sports,1222475.0,0.0,14.0,2723.0,0.9984612464904784,Culture,Sports
245,8.0,1226730.0,Sergio Scariolo,0.9783946871757508,Q718825,Culture.Sports,1226730.0,15656.999999999998,13.0,2804.0,7.827157497406007,Culture,Sports
246,1.0,1237699.0,Sergio Ballesteros,0.9688661694526672,Q643286,Culture.Sports,1237699.0,0.0,8.0,1024.0,0.9688661694526672,Culture,Sports
247,2.0,1251109.0,Braulio Leal,0.9939124584197998,Q2067398,Culture.Sports,1251109.0,24212.833333333398,8.0,1128.0,1.9878249168395996,Culture,Sports
248,4.0,1253102.0,Nuno Espírito Santo,0.9996300339698792,Q372372,Culture.Sports,1253102.0,2497.0,14.0,4645.0,3.9985201358795166,Culture,Sports
249,2.0,1258236.0,Andrés Pajares,0.10375863313674928,Q2275668,Culture.Media.Media*,1258236.0,0.0,10.0,3148.0,0.20751726627349856,Culture,Media*
250,1.0,1261513.0,Bernie Mac,0.3557848632335663,Q176323,Culture.Media.Media*,1261513.0,0.0,2.0,2149.0,0.3557848632335663,Culture,Media*
251,1.0,1263745.0,Agustín Herrera Osuna,0.9688661694526672,Q5660700,Culture.Sports,1263745.0,0.0,12.0,21076.0,0.9688661694526672,Culture,Sports
252,4.0,1269472.0,Estadio Cuscatlán,0.8175845146179199,Q1369159,Culture.Sports,1269472.0,8384.366666666683,12.0,2740.0,3.2703380584716797,Culture,Sports
253,1.0,1273909.0,João Moutinho,0.9960646033287048,Q222151,Culture.Sports,1273909.0,0.0,14.0,1955.0,0.9960646033287048,Culture,Sports
254,1.0,1283219.0,Bonet de San Pedro,0.287777841091156,Q8250726,Culture.Media.Music,1283219.0,0.0,6.0,3063.0,0.287777841091156,Culture,Music
255,2.0,1298907.0,Hernán Cubillos,0.9883227348327636,Q5896107,Culture.Biography.Biography*,1298907.0,0.0,1.0,1281.0,0.0,Culture,Biography*
256,2.0,1300917.0,Club Atlético Nacional Potosí,0.9626831412315368,Q676897,Culture.Sports,1300917.0,626.0,11.0,2290.0,1.9253662824630735,Culture,Sports
257,5.0,1310052.0,Gino Renni,0.24509501457214355,Q5879998,Culture.Media.Media*,1310052.0,5580.0,5.0,1841.0,1.2254750728607178,Culture,Media*
258,3.0,1311108.0,Fiesta Nacional del Sol,0.233716368675232,Q6972147,History_and_Society.Military_and_warfare,1311108.0,4350.0,0.0,3131.0,0.701149106025696,History_and_Society,Military_and_warfare
259,7.0,1321075.0,John Isner,0.9972090721130372,Q53566,Culture.Sports,1321075.0,2522.3833333333178,9.0,2159.0,6.980463504791261,Culture,Sports
260,2.0,1363095.0,Horacio Pagani,0.4921981394290924,Q3140492,Culture.Sports,1363095.0,1250.0,0.0,1413.0,0.9843962788581848,Culture,Sports
261,2.0,1394717.0,Ítalo Passalacqua,0.8267217874526978,Q6174521,History_and_Society.Society,1394717.0,56.628571428571384,1.0,1822.0,1.6534435749053955,History_and_Society,Society
262,1.0,1404451.0,Copa Libertadores 1990,0.9626831412315368,Q1130240,Culture.Sports,1404451.0,0.0,11.0,2345.0,0.9626831412315368,Culture,Sports
263,2.0,1409136.0,Nicolás Córdova,0.9836069941520692,Q942576,Culture.Sports,1409136.0,716.6504617604628,7.0,3178.0,1.9672139883041384,Culture,Sports
264,1.0,1412646.0,Javier Conde,0.9883227348327636,Q14333192,Culture.Biography.Biography*,1412646.0,0.0,4.0,9892.0,0.0,Culture,Biography*
265,3.0,1415791.0,9 de Octubre Fútbol Club,0.9591643214225768,Q2760357,Culture.Sports,1415791.0,97074.0,8.0,2779.0,2.8774929642677303,Culture,Sports
266,5.0,1428834.0,CFR Cluj,0.9399233460426332,Q205998,Culture.Sports,1428834.0,49490.0,16.0,6163.0,4.699616730213166,Culture,Sports
267,4.0,1468905.0,José Martínez Suárez,0.10375863313674928,Q6291245,Culture.Media.Media*,1468905.0,3169.8333333332857,5.0,1178.0,0.4150345325469971,Culture,Media*
268,2.0,1473719.0,Álvaro Pereira,0.9935217499732972,Q214898,Culture.Sports,1473719.0,2061.1999999999994,14.0,2075.0,1.9870434999465945,Culture,Sports
269,6.0,1482226.0,Songs About Jane,0.9855064153671264,Q217268,Culture.Media.Media*,1482226.0,5.416666666666666,18.0,2977.0,5.913038492202758,Culture,Media*
270,2.0,1484087.0,Premio Kobe Bryant al MVP del All-Star Game de la NBA,0.9626831412315368,Q31391,Culture.Sports,1484087.0,4340.0,13.0,2944.0,1.9253662824630735,Culture,Sports
271,3.0,1488178.0,Cristian Pellerano,0.991162657737732,Q1989059,Culture.Sports,1488178.0,5570.0,11.0,4766.0,2.9734879732131962,Culture,Sports
272,1.0,1489180.0,Diego Vera,0.99219411611557,Q1083645,Culture.Sports,1489180.0,0.0,7.0,2464.0,0.99219411611557,Culture,Sports
273,3.0,1565311.0,Operación Triunfo 2008,0.9324633479118348,Q2817335,Culture.Media.Television,1565311.0,1251.0,1.0,2748.0,2.7973900437355046,Culture,Television
274,3.0,1567399.0,She Will Be Loved,0.9954004287719728,Q507537,Culture.Media.Music,1567399.0,0.25,18.0,1838.0,2.9862012863159184,Culture,Music
275,4.0,1580594.0,Lía Crucet,0.10375863313674928,Q5410981,Culture.Media.Media*,1580594.0,1420.166666666667,5.0,2855.0,0.4150345325469971,Culture,Media*
276,1.0,1587431.0,Geno Machado,0.6926519870758057,Q5877168,Culture.Media.Media*,1587431.0,0.0,1.0,1688.0,0.6926519870758057,Culture,Media*
277,3.0,1597717.0,Luis Cobos,0.7490972280502319,Q6700444,Culture.Media.Music,1597717.0,1874.0,6.0,1953.0,2.247291684150696,Culture,Music
278,1.0,1604990.0,Pablo Alarcón,0.14415885508060455,Q923591,Culture.Media.Media*,1604990.0,0.0,5.0,3366.0,0.14415885508060455,Culture,Media*
279,1.0,1612030.0,Claudio García Satur,0.2568419873714447,Q6412291,Culture.Media.Music,1612030.0,0.0,5.0,1659.0,0.2568419873714447,Culture,Music
280,4.0,1617624.0,Manuel José García Caparrós,0.9783946871757508,Q625736,Culture.Biography.Biography*,1617624.0,5562.0,4.0,1914.0,0.0,Culture,Biography*
281,1.0,1636320.0,LASK Linz,0.880807101726532,Q392310,Culture.Sports,1636320.0,0.0,16.0,3312.0,0.880807101726532,Culture,Sports
282,2.0,1646449.0,Carlos Espinosa,0.9976868629455566,Q5042055,Culture.Sports,1646449.0,0.0,7.0,757.0,1.9953737258911133,Culture,Sports
283,13.0,1676628.0,Levain Cup,0.9796776771545408,Q1130497,Culture.Sports,1676628.0,27036.58333333322,11.0,0.0,12.73580980300903,Culture,Sports
284,3.0,1681806.0,Peso crucero,0.9814634323120116,Q867600,Culture.Sports,1681806.0,0.0,3.0,2283.0,2.9443902969360347,Culture,Sports
285,1.0,1691571.0,Estadio de Mendizorroza,0.7490972280502319,Q1369390,History_and_Society.Society,1691571.0,0.0,14.0,954.0,0.7490972280502319,History_and_Society,Society
286,2.0,1700738.0,Campo de Criptana,0.9993638396263124,Q681080,Geography.Regions.Europe.Southern_Europe,1700738.0,626.0,6.0,2915.0,0.0,Geography,Southern_Europe
287,3.0,1707497.0,Símbolos del nacionalismo andaluz,0.19194278120994568,Q6137153,History_and_Society.Politics_and_government,1707497.0,2492.0,4.0,1405.0,0.575828343629837,History_and_Society,Politics_and_government
288,1.0,1708671.0,Luciano Lollo,0.967909336090088,Q6696845,Culture.Sports,1708671.0,0.0,14.0,1277.0,0.967909336090088,Culture,Sports
289,4.0,1749580.0,Estadio Doroteo Guamuch Flores,0.7310686111450195,Q582585,Culture.Sports,1749580.0,1377.0333333333326,12.0,3476.0,2.924274444580078,Culture,Sports
290,7.0,1756160.0,Federación Internacional de Boxeo,0.3629792034626007,Q742944,History_and_Society.Business_and_economics,1756160.0,7.857142857142858,3.0,2255.0,2.540854424238205,History_and_Society,Business_and_economics
291,3.0,1779735.0,Partido Nacional Democrático (Egipto),0.9715740084648132,Q841133,History_and_Society.Politics_and_government,1779735.0,260.08526307026216,2.0,723.0,2.9147220253944397,History_and_Society,Politics_and_government
292,5.0,1784488.0,Ceará Sporting Club,0.8670457601547241,Q1052219,Culture.Sports,1784488.0,1251.0,19.0,1000.0,4.335228800773621,Culture,Sports
293,10.0,1789056.0,Organización Mundial de Boxeo,0.6150978803634644,Q830940,Culture.Sports,1789056.0,4333.992857142857,3.0,2401.0,6.1509788036346436,Culture,Sports
294,3.0,1789881.0,Liga Deportiva Universitaria de Portoviejo,0.974052667617798,Q1887043,Culture.Sports,1789881.0,96836.0,8.0,2148.0,2.922158002853394,Culture,Sports
295,2.0,1804445.0,Ataques con carbunco en 2001,0.9284188151359558,Q574341,History_and_Society.Politics_and_government,1804445.0,624.0,2.0,2568.0,1.8568376302719116,History_and_Society,Politics_and_government
296,1.0,1809669.0,Fabián Rinaudo,0.984585464000702,Q2557773,Culture.Sports,1809669.0,0.0,14.0,1609.0,0.984585464000702,Culture,Sports
297,3.0,1818404.0,Rhein-Neckar-Arena,0.6584275364875793,Q129870,Culture.Sports,1818404.0,0.0,14.0,931.0,1.975282609462738,Culture,Sports
298,1.0,1830999.0,Jorge Broun,0.984585464000702,Q6277769,Culture.Sports,1830999.0,0.0,7.0,3124.0,0.984585464000702,Culture,Sports
299,2.0,1840030.0,Claudio Levrino,0.10088862478733064,Q5772001,Culture.Media.Media*,1840030.0,1250.0,5.0,2628.0,0.20177724957466128,Culture,Media*
300,1.0,1844047.0,Vladimir Tkachenko,0.9990094900131226,Q2613250,Culture.Sports,1844047.0,0.0,13.0,1706.0,0.9990094900131226,Culture,Sports
301,1.0,1850069.0,María del Rosario Espinoza,0.9988405108451844,Q257472,Culture.Sports,1850069.0,0.0,3.0,1909.0,0.9988405108451844,Culture,Sports
302,3.0,1860422.0,Juan Carlos Dual,0.8991314172744751,Q5852798,Culture.Biography.Biography*,1860422.0,1250.0,5.0,2140.0,0.0,Culture,Biography*
303,3.0,2006237.0,Paul Vásquez,0.4301573634147644,Q5843231,Culture.Media.Media*,2006237.0,688.270152070152,1.0,19619.0,1.2904720902442932,Culture,Media*
304,4.0,2006246.0,Mauricio Medina,0.3276783227920532,Q6007019,Culture.Media.Media*,2006246.0,418.0602314352317,1.0,8700.0,1.310713291168213,Culture,Media*
305,3.0,2021330.0,Sinsheim,0.9986850023269652,Q14950,Geography.Regions.Europe.Western_Europe,2021330.0,0.0,14.0,1261.0,0.0,Geography,Western_Europe
306,1.0,2047395.0,U.S. Agent,0.9951046109199524,Q2540291,Culture.Literature,2047395.0,0.0,2.0,1481.0,0.9951046109199524,Culture,Literature
307,1.0,2100437.0,Mercedes Oviedo,0.9886782765388488,Q6010910,Culture.Biography.Biography*,2100437.0,0.0,1.0,2617.0,0.0,Culture,Biography*
308,4.0,2157581.0,Marcial Tagle,0.9996055364608764,Q5996138,Culture.Biography.Biography*,2157581.0,1144.5769536019534,1.0,1108.0,0.0,Culture,Biography*
309,6.0,2160230.0,Grigor Dimitrov,0.9908843636512756,Q337681,Culture.Sports,2160230.0,3182.7000000000207,9.0,4438.0,5.945306181907654,Culture,Sports
310,1.0,2178381.0,Estadio Ciudad de Cumaná,0.7057950496673584,Q5400138,Culture.Sports,2178381.0,0.0,11.0,875.0,0.7057950496673584,Culture,Sports
311,1.0,2185162.0,Vicepresidente de la República Dominicana,0.2942249774932861,Q52229486,History_and_Society.Politics_and_government,2185162.0,0.0,15.0,2949.0,0.2942249774932861,History_and_Society,Politics_and_government
312,6.0,2189984.0,Medalla Presidencial de la Libertad,0.22816647589206696,Q17144,History_and_Society.Society,2189984.0,19443.592437562464,6.0,1951.0,1.3689988553524017,History_and_Society,Society
313,2.0,2193435.0,Estadio Municipal de Braga,0.5000100135803223,Q849239,Culture.Sports,2193435.0,0.0,16.0,1039.0,1.0000200271606445,Culture,Sports
314,1.0,2199701.0,Nikola Mirotić,0.9899964332580566,Q611560,Culture.Sports,2199701.0,0.0,13.0,2324.0,0.9899964332580566,Culture,Sports
315,1.0,2218543.0,Fernandinho,0.9937201142311096,Q459356,Culture.Sports,2218543.0,0.0,16.0,1726.0,0.9937201142311096,Culture,Sports
316,2.0,2226926.0,Cristian Maidana,0.9963027834892272,Q1140306,Culture.Sports,2226926.0,1250.3833333333332,12.0,2162.0,1.9926055669784544,Culture,Sports
317,1.0,2281217.0,Carlos Araujo,0.9416641592979432,Q5041788,Culture.Sports,2281217.0,0.0,11.0,1444.0,0.9416641592979432,Culture,Sports
318,6.0,2314829.0,Matrimonios y algo más,0.6654205918312073,Q6006325,Culture.Media.Media*,2314829.0,15195.166666666802,5.0,2885.0,3.9925235509872437,Culture,Media*
319,1.0,2370571.0,Lacina Traoré,0.99567848443985,Q45134,Culture.Sports,2370571.0,0.0,16.0,1820.0,0.99567848443985,Culture,Sports
320,1.0,2385473.0,Oscar Jiménez,0.9808859825134276,Q17996298,Culture.Sports,2385473.0,0.0,14.0,1961.0,0.9808859825134276,Culture,Sports
321,1.0,2393063.0,Estadio Gonzalo Pozo Ripalda,0.11280541121959685,Q2450040,Culture.Sports,2393063.0,0.0,8.0,1343.0,0.11280541121959685,Culture,Sports
322,1.0,2417414.0,Knowing,0.9976133108139038,Q244296,Culture.Media.Media*,2417414.0,0.0,2.0,2465.0,0.9976133108139038,Culture,Media*
323,1.0,2439791.0,Gualberto Jara,0.94500470161438,Q5613379,Culture.Sports,2439791.0,0.0,11.0,3275.0,0.94500470161438,Culture,Sports
324,1.0,2477446.0,Beatriz Taibo,0.13297423720359802,Q5724208,History_and_Society.History,2477446.0,0.0,5.0,2529.0,0.13297423720359802,History_and_Society,History
325,3.0,2486288.0,Vicente Iborra de la Fuente,0.9802908897399902,Q2531122,Culture.Sports,2486288.0,1874.0,8.0,909.0,2.9408726692199707,Culture,Sports
326,1.0,2521095.0,Checho Hirane,0.24509501457214355,Q5765378,Culture.Media.Entertainment,2521095.0,0.0,1.0,3410.0,0.24509501457214355,Culture,Entertainment
327,4.0,2530507.0,María Concepción César,0.4301573634147644,Q6761110,History_and_Society.History,2530507.0,6051.50000000004,5.0,2331.0,1.7206294536590576,History_and_Society,History
328,1.0,2555509.0,Elena Sedova,0.9935217499732972,Q5829236,Culture.Biography.Biography*,2555509.0,0.0,5.0,1784.0,0.0,Culture,Biography*
329,4.0,2569410.0,Simona Halep,0.992888569831848,Q230156,Culture.Sports,2569410.0,626.0,9.0,2387.0,3.971554279327392,Culture,Sports
330,1.0,2577042.0,Notas de Enseñanza Media (Chile),0.4990100135803223,Q5685125,Geography.Regions.Americas.South_America,2577042.0,0.0,1.0,1478.0,0.0,Geography,South_America
331,1.0,2582404.0,Bob Bradley,0.960371196269989,Q442325,Culture.Sports,2582404.0,0.0,12.0,1866.0,0.960371196269989,Culture,Sports
332,1.0,2594829.0,Molineux Stadium,0.8774868249893188,Q380823,Culture.Sports,2594829.0,0.0,14.0,2489.0,0.8774868249893188,Culture,Sports
333,2.0,2625019.0,Azela Robinson,0.14415885508060455,Q1291059,Culture.Media.Media*,2625019.0,3726.0,17.0,2824.0,0.2883177101612091,Culture,Media*
334,2.0,2648598.0,Pobre diabla (telenovela mexicana),0.9783946871757508,Q3014944,Culture.Media.Media*,2648598.0,5562.0,17.0,2850.0,1.9567893743515017,Culture,Media*
335,3.0,2693443.0,Día nacional de Andalucía,0.19194278120994568,Q5815900,History_and_Society.Politics_and_government,2693443.0,0.0,4.0,2968.0,0.575828343629837,History_and_Society,Politics_and_government
336,2.0,2712791.0,Concha Márquez Piquer,0.320831298828125,Q8349079,Culture.Media.Music,2712791.0,3726.0000000000014,4.0,2582.0,0.64166259765625,Culture,Music
337,1.0,2720902.0,Aitor Fernández Abarisketa,0.9697954058647156,Q3754541,Culture.Sports,2720902.0,0.0,8.0,2423.0,0.9697954058647156,Culture,Sports
338,1.0,2726095.0,Día de la Bandera (Argentina),0.8774868249893188,Q2080852,History_and_Society.History,2726095.0,0.0,15.0,1266.0,0.8774868249893188,History_and_Society,History
339,1.0,2734421.0,Isaác Brizuela,0.9863731861114502,Q6079096,Culture.Sports,2734421.0,0.0,8.0,1552.0,0.9863731861114502,Culture,Sports
340,4.0,2751269.0,Diana Maggi,0.9706977605819702,Q2843399,Culture.Biography.Biography*,2751269.0,560.6666666666644,5.0,2851.0,0.0,Culture,Biography*
341,1.0,2757765.0,Televisa Deportes Network,0.8311530351638794,Q9085585,Culture.Media.Television,2757765.0,0.0,8.0,1678.0,0.8311530351638794,Culture,Television
342,2.0,2764832.0,Mario Domm,0.8774868249893188,Q5998622,Culture.Media.Music,2764832.0,626.0,17.0,2009.0,1.7549736499786377,Culture,Music
343,1.0,2776718.0,Diego Churín,0.9965265989303588,Q954935,Culture.Sports,2776718.0,0.0,7.0,1988.0,0.9965265989303588,Culture,Sports
344,2.0,2784423.0,César Pinares,0.9836069941520692,Q5202613,Culture.Sports,2784423.0,0.0,7.0,2463.0,1.9672139883041384,Culture,Sports
345,5.0,2798970.0,LI Festival Internacional de la Canción de Viña del Mar,0.7879412174224854,Q4618793,Culture.Media.Media*,2798970.0,58389.54363303339,1.0,2466.0,3.9397060871124268,Culture,Media*
346,1.0,2802523.0,Panteón Nacional de los Héroes,0.320831298828125,Q3500546,Culture.Philosophy_and_religion,2802523.0,0.0,15.0,2037.0,0.320831298828125,Culture,Philosophy_and_religion
347,1.0,2811134.0,Yoel Rodríguez,0.94500470161438,Q3324787,Culture.Sports,2811134.0,0.0,14.0,826.0,0.94500470161438,Culture,Sports
348,2.0,2905505.0,Metronomy,0.8991314172744751,Q151783,Culture.Media.Music,2905505.0,11552.0,18.0,1927.0,1.7982628345489502,Culture,Music
349,1.0,2937520.0,Alejandro de Alejandría,0.3775506913661957,Q44794,Culture.Philosophy_and_religion,2937520.0,0.0,2.0,1020.0,0.3775506913661957,Culture,Philosophy_and_religion
350,3.0,3066014.0,Alejandra Ávalos,0.7248802781105042,Q8194010,Culture.Media.Media*,3066014.0,64757.95910422952,6.0,3003.0,2.1746408343315125,Culture,Media*
351,2.0,3074316.0,Universidad Finis Terrae,0.6992644667625427,Q1812621,History_and_Society.Education,3074316.0,103.20610500610529,1.0,1779.0,1.3985289335250854,History_and_Society,Education
352,1.0,3090449.0,Jean Philippe Cretton,0.5621865391731262,Q2883957,Culture.Media.Media*,3090449.0,0.0,1.0,2145.0,0.5621865391731262,Culture,Media*
353,2.0,3094065.0,Ricardo Solans,0.9954004287719728,Q6108483,Culture.Biography.Biography*,3094065.0,1872.0,10.0,1669.0,0.0,Culture,Biography*
354,2.0,3110296.0,Coco Sily,0.990301549434662,Q5775959,Culture.Biography.Biography*,3110296.0,2492.0,0.0,2734.0,0.0,Culture,Biography*
355,1.0,3133893.0,Roberto Guizasola,0.9615437984466552,Q2061761,Culture.Sports,3133893.0,0.0,16.0,775.0,0.9615437984466552,Culture,Sports
356,2.0,3147030.0,Denise Quiñones,0.6926519870758057,Q2551259,Culture.Visual_arts.Fashion,3147030.0,626.0,15.0,19427.0,1.3853039741516113,Culture,Fashion
357,4.0,3150094.0,Beatriz Bonnet,0.18714269995689392,Q5402213,History_and_Society.History,3150094.0,107.0,5.0,77089.0,0.7485707998275757,History_and_Society,History
358,2.0,3164375.0,Camila López,0.14415885508060455,Q5741973,Culture.Media.Media*,3164375.0,727.4230463980466,1.0,775.0,0.2883177101612091,Culture,Media*
359,1.0,3165357.0,Japón (apellido),0.9836069941520692,Q5926196,Culture.Linguistics,3165357.0,0.0,4.0,3003.0,0.9836069941520692,Culture,Linguistics
360,4.0,3165608.0,Agustín Marchesín,0.9046605229377748,Q2479934,Culture.Sports,3165608.0,2454.166666666667,14.0,2423.0,3.618642091751099,Culture,Sports
361,3.0,3166881.0,María Inés Guerra,0.59267657995224,Q3550312,Culture.Media.Media*,3166881.0,23.0,17.0,1725.0,1.77802973985672,Culture,Media*
362,1.0,3178448.0,Luz del Alba Rubio,0.5698626637458801,Q5985038,Culture.Media.Music,3178448.0,0.0,6.0,3743.0,0.5698626637458801,Culture,Music
363,1.0,3181828.0,Robert Iger,0.6584275364875793,Q532423,History_and_Society.Business_and_economics,3181828.0,0.0,2.0,3185.0,0.6584275364875793,History_and_Society,Business_and_economics
364,1.0,3195791.0,Manuel Cortés Quero,0.16027602553367615,Q5992693,History_and_Society.Politics_and_government,3195791.0,0.0,10.0,3660.0,0.16027602553367615,History_and_Society,Politics_and_government
365,1.0,3206536.0,Erik Lamela,0.9381340146064758,Q337617,Culture.Sports,3206536.0,0.0,12.0,2333.0,0.9381340146064758,Culture,Sports
366,1.0,3264125.0,Referéndum sobre la iniciativa del proceso autonómico de Andalucía,0.9046605229377748,Q85725012,History_and_Society.Politics_and_government,3264125.0,0.0,4.0,4423.0,0.9046605229377748,History_and_Society,Politics_and_government
367,4.0,3275385.0,Estadio Aderaldo Plácido Castelo,0.6723417043685913,Q958185,Culture.Sports,3275385.0,1166.0666666666666,19.0,3298.0,2.6893668174743652,Culture,Sports
368,3.0,3311381.0,Ethel Rojo,0.11597072333097458,Q1371151,History_and_Society.History,3311381.0,3199.5,5.0,638.0,0.34791216999292374,History_and_Society,History
369,3.0,3383205.0,Jaime Mañalich,0.9893575310707092,Q3486821,Culture.Biography.Biography*,3383205.0,924.8051587301576,1.0,3624.0,0.0,Culture,Biography*
370,11.0,3438353.0,Terremoto de Chile de 2010,0.9324633479118348,Q151835,STEM.Earth_and_environment,3438353.0,103792.10751692778,1.0,24912.0,10.257096827030184,STEM,Earth_and_environment
371,2.0,3612385.0,Laura Bove,0.9796776771545408,Q5971604,Culture.Biography.Biography*,3612385.0,626.0,5.0,1698.0,0.0,Culture,Biography*
372,2.0,3624093.0,Leandro Nicolás Díaz,0.9688661694526672,Q3829255,Culture.Sports,3624093.0,556.4999999999999,11.0,977.0,1.9377323389053345,Culture,Sports
373,1.0,3627688.0,Atlético Clube Goianiense,0.9433575868606568,Q198034,Culture.Sports,3627688.0,0.0,19.0,1460.0,0.9433575868606568,Culture,Sports
374,1.0,3630839.0,María Fernanda Callejón,0.9433575868606568,Q6003825,Culture.Biography.Biography*,3630839.0,0.0,5.0,3501.0,0.0,Culture,Biography*
375,8.0,3647785.0,Medalla de Andalucía,0.0,Q6008395,Geography.Regions.Europe.Europe*,3647785.0,49978.99999999975,4.0,2344.0,0.0,Geography,Europe*
376,1.0,3682441.0,Ramiro Funes Mori,0.9777238368988036,Q401554,Culture.Sports,3682441.0,0.0,11.0,2431.0,0.9777238368988036,Culture,Sports
377,1.0,3718576.0,Lucas Giovini,0.9983615279197692,Q6696168,Culture.Sports,3718576.0,0.0,8.0,1049.0,0.9983615279197692,Culture,Sports
378,3.0,3763313.0,Luis Zubeldía,0.960371196269989,Q1779261,Culture.Sports,3763313.0,1186.533333333333,14.0,2217.0,2.881113588809967,Culture,Sports
379,1.0,3916147.0,José Luis Palomino,0.9669240117073059,Q2882091,Culture.Sports,3916147.0,0.0,14.0,3010.0,0.9669240117073059,Culture,Sports
380,1.0,3948213.0,Música oficial de la Copa Mundial de Fútbol,0.538993239402771,Q468355,Culture.Sports,3948213.0,0.0,18.0,1456.0,0.538993239402771,Culture,Sports
381,2.0,4011526.0,Pablo Valenzuela,0.9946250915527344,Q11697242,Culture.Biography.Biography*,4011526.0,205.80476190476185,1.0,4069.0,0.0,Culture,Biography*
382,1.0,4065270.0,Mabel Manzotti,0.9284188151359558,Q11690091,Culture.Biography.Biography*,4065270.0,0.0,5.0,2451.0,0.0,Culture,Biography*
383,9.0,4105606.0,Iglesia ortodoxa copta,0.4301573634147644,Q198998,Culture.Philosophy_and_religion,4105606.0,8583.839177489177,2.0,15672.0,3.8714162707328796,Culture,Philosophy_and_religion
384,1.0,4133120.0,Álvaro Vázquez,0.989681839942932,Q251376,Culture.Sports,4133120.0,0.0,8.0,1456.0,0.989681839942932,Culture,Sports
385,1.0,4161468.0,Martín Campilongo,0.9836069941520692,Q6002556,Culture.Biography.Biography*,4161468.0,0.0,5.0,1955.0,0.0,Culture,Biography*
386,2.0,4187359.0,Sam Farrar,0.1778208613395691,Q1527502,Culture.Media.Media*,4187359.0,206.1428571428536,18.0,2555.0,0.3556417226791382,Culture,Media*
387,1.0,4189712.0,Martín Miguel Cortés,0.9867871999740601,Q6777805,Culture.Sports,4189712.0,0.0,7.0,995.0,0.9867871999740601,Culture,Sports
388,1.0,4198746.0,Zoe Ducós,0.983095109462738,Q5681041,Culture.Biography.Biography*,4198746.0,0.0,5.0,818.0,0.0,Culture,Biography*
389,2.0,4199670.0,Rodrigo Mora,0.9724247455596924,Q965316,Culture.Sports,4199670.0,8626.366666666669,14.0,1418.0,1.9448494911193848,Culture,Sports
390,1.0,4208952.0,Gerónimo Rauch,0.2120788097381592,Q5879011,Culture.Media.Music,4208952.0,0.0,1.0,2140.0,0.2120788097381592,Culture,Music
391,6.0,4305052.0,Postura ortodoxa,1.0000100135803225,Q5260471,Culture.Sports,4305052.0,2164.083333333333,3.0,2312.0,6.000060081481935,Culture,Sports
392,2.0,4316784.0,Diana Navarro,0.21734751760959625,Q3390525,Culture.Media.Media*,4316784.0,54392.00000000001,6.0,4230.0,0.4346950352191925,Culture,Media*
393,2.0,4351358.0,Aida Cuevas,0.7186043858528137,Q2827769,Culture.Media.Music,4351358.0,609.0,17.0,4229.0,1.4372087717056274,Culture,Music
394,1.0,4376062.0,Néstor Araujo,0.997758150100708,Q2271695,Culture.Sports,4376062.0,0.0,14.0,67.0,0.997758150100708,Culture,Sports
395,2.0,4392728.0,Fortaleza Fútbol Club,0.7718535065650941,Q5472511,Culture.Sports,4392728.0,626.0000000000001,19.0,1685.0,1.5437070131301882,Culture,Sports
396,2.0,4394226.0,Julián Elfenbein,0.6224693655967712,Q3189887,Culture.Media.Media*,4394226.0,626.0,1.0,1962.0,1.2449387311935425,Culture,Media*
397,2.0,4395923.0,Claudio Daniel Pérez,0.9362950325012208,Q5129398,Culture.Sports,4395923.0,0.0,12.0,1664.0,1.8725900650024416,Culture,Sports
398,2.0,4443462.0,Diego Rougier,0.9416641592979432,Q6423083,Culture.Biography.Biography*,4443462.0,0.0,1.0,9815.0,0.0,Culture,Biography*
399,3.0,4466843.0,Mohamed Hussein Tantawi,0.8267217874526978,Q45917,History_and_Society.Military_and_warfare,4466843.0,0.8333333333333333,2.0,1151.0,2.4801653623580933,History_and_Society,Military_and_warfare
400,6.0,4511776.0,This Love (canción de Maroon 5),0.9942797422409058,Q1982114,Culture.Media.Music,4511776.0,1137.4523809523846,18.0,1253.0,5.965678453445435,Culture,Music
401,4.0,4536414.0,La viudita naviera,0.8080772161483765,Q5968491,Culture.Performing_arts,4536414.0,624.5,4.0,2549.0,3.232308864593506,Culture,Performing_arts
402,4.0,4540423.0,Antonio de la Torre Martín,0.10088862478733064,Q2790121,Culture.Media.Media*,4540423.0,8014.0,10.0,6969.0,0.40355449914932257,Culture,Media*
403,1.0,4542698.0,Román González (boxeador),0.9790457487106324,Q2635046,Culture.Sports,4542698.0,0.0,3.0,2354.0,0.9790457487106324,Culture,Sports
404,1.0,4604998.0,Brian Thompson,0.12253321707248688,Q82330,Culture.Media.Media*,4604998.0,0.0,10.0,1830.0,0.12253321707248688,Culture,Media*
405,1.0,4611808.0,Silvio Ezequiel Romero,0.967909336090088,Q3960943,Culture.Sports,4611808.0,0.0,11.0,2120.0,0.967909336090088,Culture,Sports
406,4.0,4647144.0,Albert Ramos,0.9987651705741882,Q459158,Culture.Sports,4647144.0,4190.583333333333,9.0,3179.0,3.995060682296753,Culture,Sports
407,1.0,4680627.0,Karla Sofía Gascón,0.538993239402771,Q5750470,History_and_Society.Society,4680627.0,0.0,17.0,1905.0,0.538993239402771,History_and_Society,Society
408,1.0,4683984.0,Lorena Paola,0.99567848443985,Q5978952,Culture.Biography.Biography*,4683984.0,0.0,5.0,7471.0,0.0,Culture,Biography*
409,1.0,4694405.0,Antonio Briseño,0.9763205647468568,Q2857222,Culture.Sports,4694405.0,0.0,16.0,4810.0,0.9763205647468568,Culture,Sports
410,7.0,4697247.0,Copa Sudamericana 2013,0.997120440006256,Q4629265,Culture.Sports,4697247.0,26179.90000000008,11.0,2426.0,6.979843080043792,Culture,Sports
411,4.0,4697292.0,Moves like Jagger,0.991162657737732,Q309727,Culture.Media.Music,4697292.0,207.4761904761871,18.0,1575.0,3.964650630950928,Culture,Music
412,3.0,4716209.0,Crisis sanitaria,0.9626831412315368,Q3002774,History_and_Society.Society,4716209.0,626.5,2.0,1988.0,2.88804942369461,History_and_Society,Society
413,2.0,4723440.0,Juan Fernando Caicedo,0.9890230894088744,Q4711827,Culture.Sports,4723440.0,0.0,11.0,2118.0,1.9780461788177488,Culture,Sports
414,3.0,4731172.0,Guido Carrillo,0.9648651480674744,Q3779221,Culture.Sports,4731172.0,3760.316666666667,14.0,1789.0,2.894595444202423,Culture,Sports
415,2.0,4746359.0,Denise Dumas,0.275139719247818,Q5802684,Culture.Media.Media*,4746359.0,626.0,5.0,8434.0,0.550279438495636,Culture,Media*
416,1.0,4780518.0,Juan Leiva,0.8903042674064636,Q5950668,Culture.Sports,4780518.0,0.0,1.0,1352.0,0.8903042674064636,Culture,Sports
417,2.0,4784999.0,Gastón Lezcano,0.9777238368988036,Q2894332,Culture.Sports,4784999.0,0.0,7.0,1571.0,1.9554476737976072,Culture,Sports
418,2.0,4789328.0,Jorge Jesus,0.9939124584197998,Q527550,Culture.Sports,4789328.0,626.0,16.0,2616.0,1.9878249168395996,Culture,Sports
419,5.0,4795097.0,PFC Ludogorets Razgrad,0.9433575868606568,Q1339086,Culture.Sports,4795097.0,58598.38333333341,14.0,3470.0,4.716787934303285,Culture,Sports
420,2.0,4807347.0,Mário Rui,0.960371196269989,Q3869208,Culture.Sports,4807347.0,626.0,16.0,1279.0,1.920742392539978,Culture,Sports
421,2.0,4834333.0,Hugo Dellien,0.9763205647468568,Q5904441,Culture.Sports,4834333.0,16.166666666666668,9.0,3639.0,1.9526411294937136,Culture,Sports
422,5.0,4837848.0,Felipe Cubillos,0.1294127255678177,Q5858157,History_and_Society.Business_and_economics,4837848.0,2157.790144300138,1.0,1840.0,0.6470636278390884,History_and_Society,Business_and_economics
423,1.0,4871613.0,Jimmy Butler,1.0000100135803225,Q498348,Culture.Sports,4871613.0,0.0,13.0,1898.0,1.0000100135803225,Culture,Sports
424,4.0,4898979.0,ILe (cantante),0.8175845146179199,Q6055355,Culture.Media.Music,4898979.0,0.3333333333333333,15.0,6154.0,3.2703380584716797,Culture,Music
425,2.0,4901336.0,Martín Benítez,0.9099169969558716,Q6777767,Culture.Sports,4901336.0,0.0,11.0,3525.0,1.8198339939117432,Culture,Sports
426,2.0,4930425.0,Lucas Melano,0.9886782765388488,Q3560220,Culture.Sports,4930425.0,626.0,11.0,2530.0,1.9773565530776975,Culture,Sports
427,1.0,4935700.0,Cristiada (película),0.9814634323120116,Q2215942,Culture.Media.Media*,4935700.0,0.0,5.0,1458.0,0.9814634323120116,Culture,Media*
428,2.0,4966468.0,Renato César,0.960371196269989,Q7312638,Culture.Sports,4966468.0,0.0,11.0,830.0,1.920742392539978,Culture,Sports
429,4.0,4967535.0,La viudita naviera (película),0.9875783920288086,Q5968492,Culture.Media.Films,4967535.0,624.5,4.0,2798.0,3.9503135681152344,Culture,Films
430,2.0,4981224.0,MGM Grand Garden Arena,0.9481645226478576,Q717472,Culture.Sports,4981224.0,307.4,3.0,1022.0,1.896329045295715,Culture,Sports
431,1.0,4995923.0,La chica de Rojo (álbum de Monserrat Bustamante),0.9951046109199524,Q5966127,Culture.Media.Music,4995923.0,0.0,1.0,885.0,0.9951046109199524,Culture,Music
432,1.0,5008248.0,Yonatan Irrazabal,0.9539760947227478,Q2600640,Culture.Sports,5008248.0,0.0,11.0,723.0,0.9539760947227478,Culture,Sports
433,1.0,5010098.0,Harald Beyer,0.22816647589206696,Q1584420,History_and_Society.Business_and_economics,5010098.0,0.0,1.0,1113.0,0.22816647589206696,History_and_Society,Business_and_economics
434,1.0,5011801.0,Guillermo Martín Taboada,0.3775506913661957,Q5888724,Culture.Media.Media*,5011801.0,0.0,17.0,3328.0,0.3775506913661957,Culture,Media*
435,1.0,5022850.0,Rita Indiana,0.4455395638942719,Q15608946,Culture.Media.Media*,5022850.0,0.0,15.0,2399.0,0.4455395638942719,Culture,Media*
436,1.0,5066895.0,Hato Rey,0.8311530351638794,Q3783649,Geography.Regions.Americas.Central_America,5066895.0,0.0,15.0,1347.0,0.0,Geography,Central_America
437,2.0,5084748.0,Uday Huseín,0.6926519870758057,Q311916,History_and_Society.Military_and_warfare,5084748.0,3395.951118881094,2.0,1969.0,1.3853039741516113,History_and_Society,Military_and_warfare
438,4.0,5099598.0,Antorcha (galardón),0.4843900501728058,Q5700453,History_and_Society.Society,5099598.0,21419.043673548687,1.0,3056.0,1.9375602006912231,History_and_Society,Society
439,2.0,5108037.0,Javier Toledo,0.9553291201591492,Q2016902,Culture.Sports,5108037.0,3.5,11.0,1981.0,1.9106582403182983,Culture,Sports
440,4.0,5127420.0,The Weinstein Company,0.946606695652008,Q1138789,Culture.Media.Media*,5127420.0,626.0,2.0,2470.0,3.786426782608032,Culture,Media*
441,3.0,5142812.0,Daniel Zamudio,0.6297846436500549,Q1163238,History_and_Society.Society,5142812.0,744.6126984127037,1.0,5436.0,1.8893539309501648,History_and_Society,Society
442,1.0,5167697.0,Jean Meneses,0.9802908897399902,Q5559952,Culture.Sports,5167697.0,0.0,8.0,2312.0,0.9802908897399902,Culture,Sports
443,1.0,5178254.0,Jhon Córdoba,0.9963027834892272,Q209847,Culture.Sports,5178254.0,0.0,14.0,2750.0,0.9963027834892272,Culture,Sports
444,2.0,5193677.0,Raziel García,0.8740872144699097,Q5407749,Culture.Sports,5193677.0,0.0,11.0,1233.0,1.7481744289398193,Culture,Sports
445,3.0,5231068.0,Mohamed Morsi,0.5544804334640503,Q4631,History_and_Society.Society,5231068.0,69.16082251082251,2.0,2406.0,1.6634413003921509,History_and_Society,Society
446,2.0,5234535.0,Los muchachos de antes no usaban gomina (película de 1969),0.9732507467269896,Q2918543,Culture.Media.Films,5234535.0,626.0,5.0,951.0,1.9465014934539793,Culture,Films
447,2.0,5240818.0,Leonardo Valencia (futbolista),0.996837317943573,Q11688787,Culture.Sports,5240818.0,0.0,7.0,1589.0,1.993674635887146,Culture,Sports
448,2.0,5287239.0,Campeón lineal,0.99219411611557,Q886814,Culture.Sports,5287239.0,0.0,3.0,1562.0,1.98438823223114,Culture,Sports
449,1.0,5311477.0,Stefan v/s Kramer,0.9715740084648132,Q6133899,Culture.Media.Media*,5311477.0,0.0,1.0,0.0,0.9715740084648132,Culture,Media*
450,2.0,5314284.0,Valber Huerta,0.9859463572502136,Q3329625,Culture.Sports,5314284.0,0.0,7.0,1273.0,1.9718927145004272,Culture,Sports
451,4.0,5315351.0,Diplo,0.9511522054672241,Q533781,Culture.Media.Music,5315351.0,11031.0,18.0,2679.0,3.8046088218688965,Culture,Music
452,1.0,5317237.0,Denís Chéryshev,0.9886782765388488,Q246417,Culture.Sports,5317237.0,0.0,14.0,3020.0,0.9886782765388488,Culture,Sports
453,2.0,5321859.0,Henry Zakka,0.9980832934379578,Q3785018,Culture.Biography.Biography*,5321859.0,626.0,17.0,2299.0,0.0,Culture,Biography*
454,3.0,5332169.0,Joaquín Godoy Ibáñez,0.839743971824646,Q5932019,Culture.Biography.Biography*,5332169.0,971.9769841269839,1.0,3166.0,0.0,Culture,Biography*
455,4.0,5344714.0,El rey del show,0.9219318628311156,Q5826468,Culture.Media.Media*,5344714.0,885.8940476190472,1.0,627.0,3.6877274513244624,Culture,Media*
456,5.0,5348678.0,Sloane Stephens,0.9969346523284912,Q54670,Culture.Sports,5348678.0,6.166666666666668,9.0,1273.0,4.984673261642456,Culture,Sports
457,1.0,5375922.0,Edificio Alto Río,0.4843900501728058,Q5817988,Culture.Visual_arts.Visual_arts*,5375922.0,0.0,1.0,1318.0,0.4843900501728058,Culture,Visual_arts*
458,9.0,5471145.0,María Sharápova,0.8670457601547241,Q11666,Culture.Sports,5471145.0,3933.9833333333704,9.0,34757.0,7.803411841392517,Culture,Sports
459,4.0,5473396.0,Teodoro II (papa copto),0.9219318628311156,Q11823,Culture.Biography.Biography*,5473396.0,43.0,2.0,29247.0,0.0,Culture,Biography*
460,1.0,5485479.0,The Company Men,0.990301549434662,Q31791,Culture.Media.Films,5485479.0,0.0,2.0,2213.0,0.990301549434662,Culture,Films
461,5.0,5494907.0,Alison Mandel,0.538993239402771,Q5669043,Culture.Media.Media*,5494907.0,3193.7522977023204,1.0,8166.0,2.694966197013855,Culture,Media*
462,1.0,5529905.0,Oscar Casco,0.91965252161026,Q6053793,Culture.Biography.Biography*,5529905.0,0.0,5.0,635.0,0.0,Culture,Biography*
463,4.0,5532866.0,Esmeralda Ugalde,0.4378334879875183,Q5839691,Culture.Media.Media*,5532866.0,9768.0,17.0,3140.0,1.7513339519500732,Culture,Media*
464,2.0,5571021.0,Renzo Olivo,0.9972950220108032,Q2758092,Culture.Sports,5571021.0,5.0,9.0,3153.0,1.9945900440216064,Culture,Sports
465,2.0,5582258.0,Rubén Green,0.12253321707248688,Q6113262,Culture.Media.Media*,5582258.0,1872.0,5.0,1273.0,0.24506643414497375,Culture,Media*
466,2.0,5587247.0,Jürgen Damm,0.9539760947227478,Q5957357,Culture.Sports,5587247.0,0.0,12.0,5893.0,1.9079521894454956,Culture,Sports
467,4.0,5597767.0,Pepe Parada,0.952584147453308,Q6071821,Culture.Biography.Biography*,5597767.0,1299.0,5.0,835.0,0.0,Culture,Biography*
468,1.0,5629426.0,Ignacio Gutiérrez (periodista),0.7371681928634644,Q4503830,Culture.Media.Media*,5629426.0,0.0,1.0,871.0,0.7371681928634644,Culture,Media*
469,1.0,5643086.0,Yanis Chimaras,0.9926641583442688,Q6169767,Culture.Biography.Biography*,5643086.0,0.0,6.0,4373.0,0.0,Culture,Biography*
470,1.0,5644421.0,Jaime Fernández Bernabé,0.9046605229377748,Q6123748,Culture.Sports,5644421.0,0.0,13.0,1068.0,0.9046605229377748,Culture,Sports
471,1.0,5677051.0,Osvaldo Lourenço Filho,0.9972950220108032,Q1753325,Culture.Sports,5677051.0,0.0,19.0,903.0,0.9972950220108032,Culture,Sports
472,4.0,5701757.0,Visitante (músico),0.9553291201591492,Q6378460,Culture.Media.Music,5701757.0,0.3333333333333333,15.0,4315.0,3.8213164806365967,Culture,Music
473,2.0,5754007.0,Jairo Vélez,0.9511522054672241,Q11183757,Culture.Sports,5754007.0,0.0,11.0,575.0,1.9023044109344482,Culture,Sports
474,2.0,5809516.0,"Nosotros, los Nobles",0.997120440006256,Q12155834,Culture.Media.Films,5809516.0,626.0,17.0,2343.0,1.994240880012512,Culture,Films
475,2.0,5813090.0,La noche del domingo,0.7057950496673584,Q16588508,Culture.Media.Media*,5813090.0,1872.0,0.0,1041.0,1.4115900993347168,Culture,Media*
476,4.0,5846621.0,Johan Venegas,0.9893575310707092,Q16302911,Culture.Sports,5846621.0,229.06666666666672,12.0,1047.0,3.957430124282837,Culture,Sports
477,1.0,5857618.0,Jorge Almirón,0.9850529432296752,Q6277636,Culture.Sports,5857618.0,0.0,11.0,4127.0,0.9850529432296752,Culture,Sports
478,4.0,5858720.0,Harvey Weinstein,0.1067005917429924,Q531599,Culture.Media.Media*,5858720.0,626.0,2.0,50025.0,0.4268023669719696,Culture,Media*
479,2.0,5871527.0,Juan Pablo Gil,0.9659096002578736,Q16585009,Culture.Biography.Biography*,5871527.0,1250.0,17.0,2186.0,0.0,Culture,Biography*
480,4.0,5915663.0,Hugo del Carril,0.38492217659950256,Q3322193,Culture.Media.Media*,5915663.0,30671.66666666667,5.0,1531.0,1.5396887063980103,Culture,Media*
481,3.0,5946523.0,Marco Cecchinato,0.8479777574539185,Q13360044,Culture.Sports,5946523.0,3227.416666666666,9.0,1663.0,2.5439332723617554,Culture,Sports
482,1.0,5982458.0,Samo (cantante),0.8774868249893188,Q14917161,Culture.Media.Music,5982458.0,0.0,17.0,5050.0,0.8774868249893188,Culture,Music
483,2.0,6032628.0,Naanim Timoyko,0.9935217499732972,Q16610595,Culture.Biography.Biography*,6032628.0,626.0,5.0,1325.0,0.0,Culture,Biography*
484,1.0,6046180.0,Juan Alberto Mateyko,0.20182321965694427,Q16584210,Culture.Media.Television,6046180.0,0.0,5.0,1153.0,0.20182321965694427,Culture,Television
485,1.0,6058326.0,Rudy Gobert,1.0000100135803225,Q3446792,Culture.Sports,6058326.0,0.0,13.0,1474.0,1.0000100135803225,Culture,Sports
486,2.0,6087700.0,Diego Rossi,0.946606695652008,Q16301971,Culture.Sports,6087700.0,1168.116666666667,12.0,3572.0,1.893213391304016,Culture,Sports
487,1.0,6090270.0,Ley Zamudio,0.3276783227920532,Q16493689,History_and_Society.Politics_and_government,6090270.0,0.0,1.0,1855.0,0.3276783227920532,History_and_Society,Politics_and_government
488,1.0,6109227.0,Juan Manuel Moreno,0.9963027834892272,Q16584928,Culture.Biography.Biography*,6109227.0,0.0,4.0,2755.0,0.0,Culture,Biography*
489,3.0,6123532.0,Ayacucho Fútbol Club,0.8354935646057129,Q602436,Culture.Sports,6123532.0,3114.0,11.0,2132.0,2.5064806938171387,Culture,Sports
490,2.0,6151205.0,GolTV (Latinoamérica),0.9124462008476256,Q15715140,Culture.Media.Media*,6151205.0,626.0,8.0,2178.0,1.8248924016952512,Culture,Media*
491,2.0,6166491.0,Los 33,0.9850529432296752,Q15727192,Culture.Media.Media*,6166491.0,1872.0,5.0,2367.0,1.9701058864593504,Culture,Media*
492,1.0,6173928.0,Valentina Quiroga,0.1778208613395691,Q16645221,Culture.Visual_arts.Visual_arts*,6173928.0,0.0,1.0,506.0,0.1778208613395691,Culture,Visual_arts*
493,2.0,6199361.0,Fusión Humor,0.4990100135803223,Q16570166,Geography.Regions.Americas.South_America,6199361.0,0.0,1.0,66884.0,0.0,Geography,South_America
494,2.0,6210714.0,Los Red Juniors,0.8175845146179199,Q16593055,Culture.Media.Music,6210714.0,1872.0,5.0,2273.0,1.6351690292358398,Culture,Music
495,3.0,6216056.0,Ricardo Rosselló,0.9879562258720398,Q7332181,Culture.Biography.Biography*,6216056.0,52.90000000000007,15.0,1692.0,0.0,Culture,Biography*
496,2.0,6229149.0,Thiago Monteiro,0.9615437984466552,Q16301147,Culture.Sports,6229149.0,14.333333333333332,9.0,1360.0,1.9230875968933103,Culture,Sports
497,1.0,6232708.0,Helia Molina,0.9820237755775452,Q15993781,Culture.Biography.Biography*,6232708.0,0.0,1.0,880.0,0.0,Culture,Biography*
498,5.0,6242793.0,LVII Festival Internacional de la Canción de Viña del Mar,0.3007555902004242,Q21002516,Culture.Media.Media*,6242793.0,70.21666666666671,1.0,1826.0,1.503777951002121,Culture,Media*
499,1.0,6245016.0,Víctor García (cantante mexicano),0.5544804334640503,Q7944621,Culture.Media.Music,6245016.0,0.0,17.0,1847.0,0.5544804334640503,Culture,Music
500,1.0,6298519.0,Aaron Gordon,0.9985549449920654,Q12058834,Culture.Sports,6298519.0,0.0,13.0,9984.0,0.9985549449920654,Culture,Sports
501,1.0,6317152.0,Nicolás Royón,0.992888569831848,Q15836767,Culture.Sports,6317152.0,0.0,11.0,875.0,0.992888569831848,Culture,Sports
502,1.0,6326810.0,Jaume Munar,0.9914325475692748,Q17274717,Culture.Sports,6326810.0,0.0,9.0,2423.0,0.9914325475692748,Culture,Sports
503,1.0,6338443.0,Alexander Larín,0.9879562258720398,Q15710455,Culture.Sports,6338443.0,0.0,12.0,831.0,0.9879562258720398,Culture,Sports
504,1.0,6377799.0,Pablo Ilabaca,0.18714269995689392,Q6056095,Culture.Media.Music,6377799.0,0.0,7.0,1121.0,0.18714269995689392,Culture,Music
505,4.0,6378176.0,Martin Braithwaite,0.994455099105835,Q2440999,Culture.Sports,6378176.0,12810.233333333352,14.0,179325.0,3.97782039642334,Culture,Sports
506,12.0,6378349.0,Copa Sudamericana 2016,0.9989112615585328,Q16823938,Culture.Sports,6378349.0,11268.683333333332,11.0,2995.0,11.986935138702394,Culture,Sports
507,2.0,6433033.0,Jaume Doménech,0.9724247455596924,Q18222883,Culture.Sports,6433033.0,626.0,14.0,1507.0,1.9448494911193848,Culture,Sports
508,5.0,6452703.0,Liga de Campeones de la Concacaf 2015-16,0.9981998205184937,Q15991466,Culture.Sports,6452703.0,7.0,12.0,1915.0,4.990999102592468,Culture,Sports
509,1.0,6453598.0,Yussuf Poulsen,0.997894287109375,Q759710,Culture.Sports,6453598.0,0.0,14.0,1519.0,0.997894287109375,Culture,Sports
510,2.0,6508735.0,Siempre te amaré (película),0.946606695652008,Q18590676,Culture.Media.Media*,6508735.0,626.0,5.0,2947.0,1.893213391304016,Culture,Media*
511,2.0,6518958.0,Sergio Freire,0.9841036200523376,Q18613862,Culture.Biography.Biography*,6518958.0,638.047619047619,1.0,1306.0,0.0,Culture,Biography*
512,1.0,6521337.0,Kenedy (futbolista),0.9964163899421692,Q14755604,Culture.Sports,6521337.0,0.0,11.0,2042.0,0.9964163899421692,Culture,Sports
513,2.0,6526529.0,Mi amigo Luis,0.9637899398803712,Q6827047,Culture.Media.Media*,6526529.0,626.0,5.0,1186.0,1.9275798797607424,Culture,Media*
514,1.0,6532192.0,Tautvydas Sabonis,0.9149109721183776,Q18649752,Culture.Sports,6532192.0,0.0,13.0,1395.0,0.9149109721183776,Culture,Sports
515,5.0,6579788.0,Sugar (canción de Maroon 5),0.9986850023269652,Q18763681,Culture.Media.Music,6579788.0,5.095238095238095,18.0,1538.0,4.993425011634826,Culture,Music
516,1.0,6581368.0,Rayén Araya,0.26285186409950256,Q18908052,Culture.Media.Media*,6581368.0,0.0,1.0,993.0,0.26285186409950256,Culture,Media*
517,1.0,6586016.0,Ricardo Morán (actor),0.9324633479118348,Q19061030,Culture.Biography.Biography*,6586016.0,0.0,5.0,1055.0,0.0,Culture,Biography*
518,1.0,6593334.0,Los chantas,0.9626831412315368,Q6682598,Culture.Media.Films,6593334.0,0.0,5.0,700.0,0.9626831412315368,Culture,Films
519,1.0,6630241.0,Natalia Denegri,0.5234303474426271,Q19414302,Culture.Media.Media*,6630241.0,0.0,17.0,2235.0,0.5234303474426271,Culture,Media*
520,3.0,6821288.0,Violeta Montenegro,0.538993239402771,Q19722079,Culture.Performing_arts,6821288.0,20711.49999999996,5.0,1891.0,1.616979718208313,Culture,Performing_arts
521,3.0,6845390.0,Soleá Morente,0.40734341740608215,Q19792068,Culture.Media.Music,6845390.0,3116.0,4.0,2308.0,1.2220302522182465,Culture,Music
522,1.0,6884302.0,Darío Brizuela,0.9566442370414734,Q19912051,Culture.Sports,6884302.0,0.0,13.0,4997.0,0.9566442370414734,Culture,Sports
523,1.0,6896305.0,Rafael Tolói,0.990301549434662,Q3928977,Culture.Sports,6896305.0,0.0,11.0,852.0,0.990301549434662,Culture,Sports
524,1.0,6920797.0,Marcelo Saracchi,0.996837317943573,Q20994301,Culture.Sports,6920797.0,0.0,8.0,1549.0,0.996837317943573,Culture,Sports
525,2.0,6938549.0,Anamá Ferreyra,0.993317186832428,Q20968361,Culture.Biography.Biography*,6938549.0,1250.0,5.0,1650.0,0.0,Culture,Biography*
526,1.0,6960847.0,Maximiliano Freitas,0.7981967926025391,Q20983605,Culture.Sports,6960847.0,0.0,12.0,1303.0,0.7981967926025391,Culture,Sports
527,2.0,6973505.0,Harry Gregg,0.9937201142311096,Q546107,Culture.Sports,6973505.0,0.0,3.0,4045.0,1.9874402284622192,Culture,Sports
528,1.0,7003302.0,Frances Tiafoe,0.94500470161438,Q17305299,Culture.Sports,7003302.0,0.0,9.0,736.0,0.94500470161438,Culture,Sports
529,2.0,7005373.0,Tommy Paul,0.967909336090088,Q20050871,Culture.Sports,7005373.0,0.0,9.0,882.0,1.935818672180176,Culture,Sports
530,1.0,7017331.0,Pervis Estupiñán,0.9324633479118348,Q20994068,Culture.Sports,7017331.0,0.0,14.0,1745.0,0.9324633479118348,Culture,Sports
531,2.0,7028468.0,Nicolás de la Cruz Arcosa,0.9790457487106324,Q20994037,Culture.Sports,7028468.0,0.0,11.0,1953.0,1.9580914974212649,Culture,Sports
532,1.0,7037335.0,The Finest Hours,0.9972950220108032,Q18031184,Culture.Media.Films,7037335.0,0.0,2.0,2082.0,0.9972950220108032,Culture,Films
533,2.0,7043737.0,Volver (tango),1.0000100135803225,Q11901890,Culture.Media.Music,7043737.0,30942.0,5.0,2128.0,2.000020027160645,Culture,Music
534,7.0,7166391.0,Liga de Campeones de la Concacaf 2016-17,0.9947898983955384,Q18740950,Culture.Sports,7166391.0,3767.93333333335,12.0,2195.0,6.963529288768769,Culture,Sports
535,1.0,7168860.0,Piotr Zieliński,0.9947898983955384,Q7197034,Culture.Sports,7168860.0,0.0,16.0,760.0,0.9947898983955384,Culture,Sports
536,5.0,7239192.0,Taylor Fritz,0.9825675487518308,Q17660516,Culture.Sports,7239192.0,309.0,9.0,3301.0,4.912837743759154,Culture,Sports
537,1.0,7261839.0,Kanela Muñoz,0.6992644667625427,Q25407015,Culture.Media.Music,7261839.0,0.0,1.0,7947.0,0.6992644667625427,Culture,Music
538,2.0,7266996.0,Jorge González (cantante español),0.8840492963790894,Q30243181,Culture.Media.Music,7266996.0,1872.0,1.0,25579.0,1.7680985927581787,Culture,Music
539,2.0,7314252.0,Ricardo Meruane,0.287777841091156,Q22969634,Culture.Media.Media*,7314252.0,0.0,1.0,1221.0,0.575555682182312,Culture,Media*
540,1.0,7331180.0,Meldonium,0.993317186832428,Q4289752,STEM.Medicine_&_Health,7331180.0,0.0,9.0,2042.0,0.993317186832428,STEM,Medicine_&_Health
541,1.0,7344155.0,Reilly Opelka,0.9875783920288086,Q20655502,Culture.Sports,7344155.0,0.0,9.0,2000.0,0.9875783920288086,Culture,Sports
542,1.0,7344440.0,Maitén Montenegro,0.5312193632125854,Q24939490,Culture.Media.Media*,7344440.0,0.0,5.0,842.0,0.5312193632125854,Culture,Media*
543,3.0,7348193.0,Carlos Taberner,0.991162657737732,Q23678987,Culture.Sports,7348193.0,2003.416666666667,9.0,1819.0,2.9734879732131962,Culture,Sports
544,1.0,7361129.0,Buddy Hield,0.9952548146247864,Q19663167,Culture.Sports,7361129.0,0.0,13.0,2645.0,0.9952548146247864,Culture,Sports
545,1.0,7448593.0,Jair Marrufo,0.9984612464904784,Q762995,Culture.Sports,7448593.0,0.0,12.0,2390.0,0.9984612464904784,Culture,Sports
546,2.0,7468923.0,Mariano Vázquez,0.812877357006073,Q25410576,Culture.Sports,7468923.0,1250.0000000000002,19.0,1123.0,1.625754714012146,Culture,Sports
547,4.0,7496172.0,Katherine Johnson,0.5234303474426271,Q11740,History_and_Society.History,7496172.0,936.5,6.0,40125.0,2.0937213897705083,History_and_Society,History
548,3.0,7497560.0,Dorothy Vaughan,0.19194278120994568,Q22915129,History_and_Society.History,7497560.0,0.5,6.0,3990.0,0.575828343629837,History_and_Society,History
549,5.0,7497972.0,Atlanta United Football Club,0.946606695652008,Q16836317,Culture.Sports,7497972.0,1152.3333333333333,12.0,1927.0,4.733033478260039,Culture,Sports
550,6.0,7528446.0,LVIII Festival Internacional de la Canción de Viña del Mar,0.6992644667625427,Q28501465,Culture.Media.Media*,7528446.0,15156.773015873016,1.0,2646.0,4.195586800575256,Culture,Media*
551,2.0,7531005.0,Mercedes-Benz Stadium,0.8962613940238953,Q7007552,Culture.Sports,7531005.0,0.0,12.0,2578.0,1.7925227880477905,Culture,Sports
552,1.0,7590812.0,Juan Camilo Hernández Suárez,0.9732507467269896,Q27037962,Culture.Sports,7590812.0,0.0,8.0,2935.0,0.9732507467269896,Culture,Sports
553,3.0,7609960.0,Tomás Barrios,0.7981967926025391,Q28674037,Culture.Sports,7609960.0,777.2500000000003,9.0,4687.0,2.394590377807617,Culture,Sports
554,3.0,7640437.0,Residente (álbum),0.9875783920288086,Q27653880,Culture.Media.Music,7640437.0,0.0,15.0,1891.0,2.962735176086426,Culture,Music
555,2.0,7745129.0,Mary Jackson (ingeniera),0.5621865391731262,Q27221300,History_and_Society.Society,7745129.0,0.0,6.0,3779.0,1.1243730783462524,History_and_Society,Society
556,2.0,7801921.0,Tu falta de querer,0.9886782765388488,Q28974491,Culture.Media.Music,7801921.0,12140.0,17.0,1965.0,1.9773565530776975,Culture,Music
557,2.0,7804927.0,Amárrame,0.9993221759796144,Q29044340,Culture.Media.Music,7804927.0,1872.0,1.0,881.0,1.9986443519592287,Culture,Music
558,1.0,7826769.0,Sebas Saiz,0.9669240117073059,Q28933277,Culture.Sports,7826769.0,0.0,13.0,13004.0,0.9669240117073059,Culture,Sports
559,1.0,7839317.0,Fabricio Bustos,0.9219318628311156,Q29005699,Culture.Sports,7839317.0,0.0,11.0,895.0,0.9219318628311156,Culture,Sports
560,1.0,7866879.0,Federico Coria,0.9959398508071899,Q27306789,Culture.Sports,7866879.0,0.0,9.0,18800.0,0.9959398508071899,Culture,Sports
561,2.0,7885054.0,La trenza,0.9637899398803712,Q29512742,Culture.Media.Music,7885054.0,1250.0,1.0,1218.0,1.9275798797607424,Culture,Music
562,3.0,7941679.0,Liga de Campeones de la Concacaf 2018,0.9959398508071899,Q30080445,Culture.Sports,7941679.0,0.0,12.0,3694.0,2.98781955242157,Culture,Sports
563,1.0,7943425.0,La verdad (película de 2015),0.9926641583442688,Q18354827,Culture.Media.Films,7943425.0,0.0,2.0,1883.0,0.9926641583442688,Culture,Films
564,1.0,7946329.0,Ederson Moraes,0.9875783920288086,Q17074511,Culture.Sports,7946329.0,0.0,14.0,4608.0,0.9875783920288086,Culture,Sports
565,3.0,7977557.0,Donovan Mitchell,0.994455099105835,Q30122104,Culture.Sports,7977557.0,1251.0,13.0,2212.0,2.983365297317505,Culture,Sports
566,8.0,8005560.0,LIX Festival Internacional de la Canción de Viña del Mar,0.99745911359787,Q33111556,Culture.Media.Music,8005560.0,4936.6741785991635,1.0,3739.0,7.97967290878296,Culture,Music
567,2.0,8009567.0,José Juan Macías,0.8740872144699097,Q33093765,Culture.Sports,8009567.0,626.0,8.0,1992.0,1.7481744289398193,Culture,Sports
568,4.0,8059812.0,Hoffenheim,0.983095109462738,Q707011,Geography.Regions.Europe.Europe*,8059812.0,626.0,14.0,1002.0,0.0,Geography,Europe*
569,1.0,8066166.0,Abel Ruiz,0.8354935646057129,Q38103648,Culture.Sports,8066166.0,0.0,16.0,2475.0,0.8354935646057129,Culture,Sports
570,1.0,8077876.0,Rompeportones,0.946606695652008,Q48795979,Culture.Media.Media*,8077876.0,0.0,5.0,2422.0,0.946606695652008,Culture,Media*
571,4.0,8145568.0,Casos de abuso sexual contra Harvey Weinstein,0.9648651480674744,Q41832063,History_and_Society.Society,8145568.0,4340.0,2.0,9147.0,3.8594605922698975,History_and_Society,Society
572,1.0,8203753.0,Josh Adams,0.9820237755775452,Q23542559,Culture.Sports,8203753.0,0.0,13.0,609.0,0.9820237755775452,Culture,Sports
573,5.0,8257669.0,Dillian Whyte,1.0000100135803225,Q20712476,Culture.Sports,8257669.0,5.3047619047619055,3.0,1889.0,5.000050067901612,Culture,Sports
574,4.0,8260833.0,Joseph Parker,0.9615437984466552,Q16227145,Culture.Sports,8260833.0,3.1380952380952376,3.0,1776.0,3.8461751937866206,Culture,Sports
575,2.0,8269643.0,Luis Ortiz (boxeador),0.9850529432296752,Q1876500,Culture.Sports,8269643.0,4.0,3.0,4790.0,1.9701058864593504,Culture,Sports
576,4.0,8273613.0,Oleksandr Usyk,0.9994572401046752,Q938027,Culture.Sports,8273613.0,2.916666666666667,3.0,2370.0,3.9978289604187007,Culture,Sports
577,1.0,8280616.0,Frank Perozo,0.14415885508060455,Q16887744,Culture.Media.Media*,8280616.0,0.0,15.0,1417.0,0.14415885508060455,Culture,Media*
578,5.0,8316447.0,All-Star Game de la NBA 2018,0.9976133108139038,Q25000687,Culture.Sports,8316447.0,3738.0,13.0,1241.0,4.988066554069519,Culture,Sports
579,1.0,8364059.0,Daniel Peredo,0.33459946513175964,Q49299602,Culture.Media.Media*,8364059.0,0.0,8.0,1404.0,0.33459946513175964,Culture,Media*
580,1.0,8367298.0,Hear This Music,0.989681839942932,Q50377916,Culture.Media.Media*,8367298.0,0.0,18.0,2275.0,0.989681839942932,Culture,Media*
581,7.0,8386958.0,Red Pill Blues,0.9924327731132508,Q41613328,Culture.Media.Music,8386958.0,7405.595238095238,18.0,1345.0,6.947029411792756,Culture,Music
582,3.0,8402725.0,Ferroviário Atlético Clube (Fortaleza),0.754925012588501,Q2667793,Culture.Sports,8402725.0,0.0,19.0,2675.0,2.264775037765503,Culture,Sports
583,2.0,8412014.0,Raúl Figueroa,0.1294127255678177,Q50820982,History_and_Society.Politics_and_government,8412014.0,626.0,1.0,73671.0,0.2588254511356354,History_and_Society,Politics_and_government
584,1.0,8419040.0,Nashville Soccer Club (USL),0.9688661694526672,Q24185298,Culture.Sports,8419040.0,0.0,12.0,1203.0,0.9688661694526672,Culture,Sports
585,1.0,8420615.0,Mámoa,0.8962613940238953,Q15031575,History_and_Society.History,8420615.0,0.0,16.0,674.0,0.8962613940238953,History_and_Society,History
586,1.0,8498115.0,Yelena Rybákina,0.9908843636512756,Q42055714,Culture.Sports,8498115.0,0.0,9.0,1535.0,0.9908843636512756,Culture,Sports
587,1.0,8498299.0,Brian Rodríguez (futbolista),0.7371681928634644,Q60736591,Culture.Sports,8498299.0,0.0,12.0,1558.0,0.7371681928634644,Culture,Sports
588,1.0,8550537.0,Banc of California Stadium,0.585111141204834,Q22096111,Culture.Sports,8550537.0,0.0,12.0,1556.0,0.585111141204834,Culture,Sports
589,3.0,8555535.0,La Academia 2018,0.9648651480674744,Q56377914,Culture.Media.Television,8555535.0,11561.0,17.0,2440.0,2.894595444202423,Culture,Television
590,1.0,8590906.0,Leonardo Fernández López,0.8903042674064636,Q20801692,Culture.Sports,8590906.0,0.0,8.0,4215.0,0.8903042674064636,Culture,Sports
591,1.0,8601652.0,Copa Suruga Bank 2020,0.994098961353302,Q56318587,Culture.Sports,8601652.0,0.0,11.0,2233.0,0.994098961353302,Culture,Sports
592,1.0,8675496.0,Valdir Espinosa,0.8519628047943115,Q2346451,Culture.Sports,8675496.0,0.0,19.0,2732.0,0.8519628047943115,Culture,Sports
593,2.0,8695600.0,Norma (álbum),0.998309314250946,Q57451809,Culture.Media.Media*,8695600.0,626.0,1.0,1699.0,1.996618628501892,Culture,Media*
594,10.0,8715291.0,Major League Soccer 2019,1.0000100135803225,Q58327598,Culture.Sports,8715291.0,4862.983333333334,12.0,3856.0,10.000100135803224,Culture,Sports
595,10.0,8758138.0,Liga Concacaf 2019,0.9987257122993468,Q56042678,Culture.Sports,8758138.0,5608.6999999999925,12.0,4627.0,9.987257122993467,Culture,Sports
596,4.0,8758314.0,Dereck Chisora,0.9124462008476256,Q1199995,Culture.Sports,8758314.0,3.1666666666666665,3.0,1416.0,3.6497848033905025,Culture,Sports
597,3.0,8767290.0,X 100pre,0.9987257122993468,Q60153361,Culture.Media.Music,8767290.0,1874.0,18.0,3734.0,2.9961771368980403,Culture,Music
598,1.0,8770564.0,Cancamusa,0.9669240117073059,Q60222421,Culture.Biography.Biography*,8770564.0,0.0,1.0,1966.0,0.0,Culture,Biography*
599,1.0,8796233.0,Pablo Vegetti,0.9855064153671264,Q15146754,Culture.Sports,8796233.0,0.0,7.0,1892.0,0.9855064153671264,Culture,Sports
600,1.0,8799842.0,Miomir Kecmanović,0.9890230894088744,Q22005752,Culture.Sports,8799842.0,0.0,9.0,1077.0,0.9890230894088744,Culture,Sports
601,2.0,8832872.0,Humberto Gatica,0.5000100135803223,Q16729211,Culture.Media.Music,8832872.0,634.0,1.0,1632.0,1.0000200271606445,Culture,Music
602,1.0,8836204.0,Alejandro Davidovich Fokina,0.983095109462738,Q33084529,Culture.Sports,8836204.0,0.0,9.0,5529.0,0.983095109462738,Culture,Sports
603,1.0,8852066.0,Lea Vicens,0.16027602553367615,Q3270037,Culture.Sports,8852066.0,0.0,4.0,1145.0,0.16027602553367615,Culture,Sports
604,1.0,8868873.0,Amalia Granata,0.13661839067935946,Q62995518,Culture.Media.Media*,8868873.0,0.0,1.0,1987.0,0.13661839067935946,Culture,Media*
605,1.0,8896005.0,Perdóname todo,0.9124462008476256,Q7167725,Culture.Media.Media*,8896005.0,0.0,6.0,2192.0,0.9124462008476256,Culture,Media*
606,1.0,8897955.0,Bruno Henrique Pinto,0.9978272914886476,Q19956526,Culture.Sports,8897955.0,0.0,11.0,2882.0,0.9978272914886476,Culture,Sports
607,2.0,8935682.0,Rubén Guerrero (baloncestista),0.9615437984466552,Q65162634,Culture.Sports,8935682.0,0.0,13.0,2024.0,1.9230875968933103,Culture,Sports
608,2.0,8987632.0,Oasis (álbum),1.0000100135803225,Q65052059,Culture.Media.Music,8987632.0,626.0,18.0,3463.0,2.000020027160645,Culture,Music
609,2.0,9017935.0,Liga de Campeones de la Concacaf 2021,0.9959398508071899,Q70756280,Culture.Sports,9017935.0,673.6833333333335,12.0,2771.0,1.9918797016143799,Culture,Sports
610,1.0,9019572.0,Tom Schwarz (boxeador),0.9963027834892272,Q35951384,Culture.Sports,9019572.0,0.0,3.0,1172.0,0.9963027834892272,Culture,Sports
611,3.0,9036191.0,Liga Concacaf 2020,0.9996417164802552,Q70614613,Culture.Sports,9036191.0,2361.933333333334,12.0,2868.0,2.998925149440766,Culture,Sports
612,1.0,9100124.0,Daniel Arroyo,0.20182321965694427,Q68057058,History_and_Society.Politics_and_government,9100124.0,0.0,0.0,1930.0,0.20182321965694427,History_and_Society,Politics_and_government
613,3.0,9134304.0,Red Pill Blues Tour,0.9073222279548644,Q47998155,Culture.Media.Music,9134304.0,206.16666666666328,18.0,1615.0,2.721966683864593,Culture,Music
614,2.0,9141428.0,Emergencia sanitaria de preocupación internacional,0.6370407938957214,Q17076801,History_and_Society.Society,9141428.0,624.0,2.0,2440.0,1.2740815877914429,History_and_Society,Society
615,2.0,9191117.0,Brayan Gil Hurtado,0.5775054097175598,Q76756010,Culture.Sports,9191117.0,3057.9166666666656,12.0,1793.0,1.1550108194351196,Culture,Sports
616,3.0,9239588.0,Papa de la Iglesia ortodoxa copta de Alejandría,0.9073222279548644,Q58451,Culture.Philosophy_and_religion,9239588.0,0.0,2.0,9847.0,2.721966683864593,Culture,Philosophy_and_religion
617,2.0,9253708.0,La trinchera infinita,0.992888569831848,Q64615222,Culture.Media.Media*,9253708.0,626.0,10.0,11850.0,1.985777139663696,Culture,Media*
618,4.0,9264483.0,Abierto de Chile 2020,0.9995517134666444,Q85148791,Culture.Sports,9264483.0,1733.583333333333,9.0,5996.0,3.9982068538665776,Culture,Sports
619,3.0,9275650.0,Como tú no hay 2,0.992888569831848,Q77208515,Culture.Media.Media*,9275650.0,3116.0,17.0,29040.0,2.978665709495544,Culture,Media*
620,1.0,9286135.0,Copa Libertadores Femenina 2020,0.9996417164802552,Q72114840,Culture.Sports,9286135.0,0.0,11.0,3459.0,0.9996417164802552,Culture,Sports
621,2.0,9289547.0,Plaza de la Bandera,0.14805719256401062,Q92805573,History_and_Society.Transportation,9289547.0,2995.339776889771,15.0,4376.0,0.29611438512802124,History_and_Society,Transportation
622,5.0,9299093.0,Torneo de Acapulco 2020,0.9951046109199524,Q85422616,Culture.Sports,9299093.0,17.633333333333336,9.0,7642.0,4.975523054599762,Culture,Sports
623,3.0,9299594.0,Carlos Alcaraz,0.983095109462738,Q85518537,Culture.Sports,9299594.0,1251.0,9.0,7967.0,2.949285328388214,Culture,Sports
624,7.0,9302493.0,Protestas en República Dominicana de 2020,0.1824355274438858,Q85778848,Culture.Visual_arts.Visual_arts*,9302493.0,15400.040895771013,15.0,10348.0,1.2770486921072006,Culture,Visual_arts*
625,1.0,9307867.0,Stupid Love,0.9867871999740601,Q83412033,Culture.Media.Media*,9307867.0,0.0,18.0,3563.0,0.9867871999740601,Culture,Media*
626,2.0,9310238.0,Kazuhisa Hashimoto,0.9859463572502136,Q86502649,Culture.Media.Video_games,9310238.0,626.0,2.0,2011.0,1.9718927145004272,Culture,Video_games
627,1.0,9312120.0,YHLQMDLG,0.9961855411529541,Q86654080,Culture.Media.Media*,9312120.0,0.0,18.0,1969.0,0.9961855411529541,Culture,Media*
