,Label,Modularity Class,size,r,g,b,x,y,Id,Degree,modularity_class,betweenesscentrality,Qid
845,Opération Tempête du désert,1,11.836735,153,96,160,-0.051336214,22.154621,845,2,12,0.0,Q2349281
2894,Strasbourg,15,61.428574,152,129,0,2.552858,-10.812111,2894,29,11,68772.99321553732,Q6602
8667,Saint-Christophe-et-Niévès,3,13.67347,54,124,233,18.324478,-4.393455,8667,3,10,1561.0,Q763
9519,Georges Fenech,3,15.510204,54,124,233,-14.483621,11.640202,9519,4,10,4.072727272727272,Q12937
9968,Objet volant non identifié,9,17.34694,255,42,47,14.499231,-8.421227,9968,5,16,13840.0,Q421
10151,Marie-Anne Montchamp,17,17.34694,0,168,183,12.432577,-17.282381,10151,5,3,6753.038725933393,Q3291527
10182,Victoires de la musique,15,15.510204,152,129,0,8.372112,9.44837,10182,4,11,6205.0,Q2445029
10605,Alain Suguenot,17,10.0,0,168,183,-17.04055,-21.769571,10605,1,3,0.0,Q2830299
11019,George H. W. Bush,1,59.591835,153,96,160,-2.2947385,24.512808,11019,28,12,7342.607900432816,Q23505
13315,Maurice Druon,8,13.67347,60,163,0,-7.7246847,-24.054771,13315,3,0,2000.0930429106334,Q223949
14304,Programme Voyager,9,17.34694,255,42,47,-13.772227,-23.019968,14304,5,16,4.0,Q155311
14400,Mandchourie,6,17.34694,114,121,10,-4.6394405,12.08626,14400,5,1,9375.666666666713,Q81126
14598,Président des États-Unis mexicains,1,10.0,153,96,160,-11.817503,10.836565,14598,1,12,0.0,Q628004
15793,Bill Clinton,1,41.22449,153,96,160,-22.436535,7.6720076,15793,18,12,40.007178932178924,Q1124
15803,Huesca,8,11.836735,60,163,0,-16.14027,-17.382574,15803,2,0,781.0,Q11967
17097,Voyager 2,9,19.183674,255,42,47,11.606899,-12.745008,17097,6,16,7724.0,Q48475
19389,Serments de Strasbourg,15,13.67347,152,129,0,2.2136428,15.682176,19389,3,11,0.0,Q157082
19751,Prescott Bush,1,28.367348,153,96,160,-7.994854,-2.6090672,19751,11,12,0.5357142857142857,Q324742
20890,Vaison-la-Romaine,7,13.67347,0,148,245,-24.237427,14.003024,20890,3,5,3115.0,Q504887
24712,Milieu interstellaire,9,15.510204,255,42,47,-11.264368,0.1909442,24712,4,16,0.0,Q41872
26355,Kehl,15,13.67347,152,129,0,-21.565626,18.919529,26355,3,11,0.5,Q15979
26446,Édouard Molinaro,8,21.020409,60,163,0,-13.337723,-16.338724,26446,7,0,19207.510243737397,Q274411
32864,Ronald Reagan,1,39.387756,153,96,160,15.50719,-3.2799928,32864,17,12,5447.240115440072,Q9960
33341,Nuage de Oort,9,11.836735,255,42,47,4.0456996,-18.59067,33341,2,16,0.0,Q40864
33473,Héliopause,9,17.34694,255,42,47,2.9423323,-5.559194,33473,5,16,388.0,Q1137936
35929,Ieoh Ming Pei,6,11.836735,114,121,10,-3.7387545,12.239246,35929,2,1,1367.8166666666596,Q46868
38928,Micheline Presle,5,10.0,193,77,88,23.941643,-11.186106,38928,1,5,0.0,Q446235
41303,Fantômas,5,19.183674,193,77,88,-7.6527314,-17.393871,41303,6,5,1382.607359307357,Q1162210
41790,Odile de Hohenbourg,15,11.836735,152,129,0,14.891899,-12.064572,41790,2,11,1560.0,Q269867
41794,Jean de la Croix,18,11.836735,0,160,220,-18.585491,-11.765893,41794,2,17,781.0,Q190388
42497,Jean-Louis Barrault,8,11.836735,60,163,0,13.235344,11.529979,42497,2,0,114.33333333333333,Q309898
43170,Patrice Chéreau,8,21.020409,60,163,0,3.8376088,-3.7729824,43170,7,0,22328.770139453736,Q366057
43570,Dominique Sanda,8,11.836735,60,163,0,16.6777,-13.655026,43570,2,0,2030.2937537268906,Q179152
43889,Caroline Cellier,5,17.34694,193,77,88,-3.2003415,-22.169392,43889,5,5,1906.1141192799935,Q273292
43897,Danièle Delorme,5,10.0,193,77,88,23.033339,-17.929653,43897,1,5,0.0,Q290517
43911,Poulet au vinaigre,5,15.510204,193,77,88,6.777479,23.62663,43911,4,5,904.4955752103615,Q255812
43912,Jean Poiret,5,21.020409,193,77,88,4.5943675,17.010687,43912,7,5,5340.4295528721295,Q1685772
44063,Révisions constitutionnelles sous la Cinquième République,17,11.836735,0,168,183,22.352726,-13.974186,44063,2,3,781.0,Q2379161
44109,Marie Dubois,5,11.836735,193,77,88,1.7821914,18.418787,44109,2,5,51.300000000000004,Q128820
44308,Maurice Ronet,5,17.34694,193,77,88,1.3375759,8.129464,44308,5,5,27742.8632282645,Q965584
44543,Firmine Richard,8,11.836735,60,163,0,-8.031114,4.4076176,44543,2,0,0.0,Q447709
44797,Hara-Kiri (journal),17,11.836735,0,168,183,19.338718,-21.80797,44797,2,3,781.0,Q3127234
44807,Cercle de culture,9,10.0,255,42,47,0.93927795,-5.641569,44807,1,16,0.0,Q193330
45555,Paris Première,14,22.857143,0,126,172,9.445131,9.76716,45555,8,0,4803.267345426612,Q2459910
47139,Attentat,3,35.714287,54,124,233,-3.631349,22.880749,47139,15,10,5678.619858243991,Q81672
47595,Les Noces de Figaro,15,11.836735,152,129,0,-20.725906,8.800479,47595,2,11,390.0,Q201873
47744,Rosy Varte,5,13.67347,193,77,88,-10.701446,-6.7736435,47744,3,5,2576.3015264713663,Q2641146
47745,Le Viager,5,10.0,193,77,88,16.526888,14.517872,47745,1,5,0.0,Q3228079
49655,Golden Globes,8,21.020409,60,163,0,10.659125,-7.3267674,49655,7,13,7281.376311584572,Q1011547
49990,Fabienne Keller,15,19.183674,152,129,0,0.029396033,12.464949,49990,6,11,16.30454014939309,Q440151
50002,Catherine Trautmann,15,17.34694,152,129,0,12.689542,-18.188795,50002,5,11,1560.0,Q437405
50063,Jacques Deray,5,41.22449,193,77,88,22.52329,13.815343,50063,18,5,76072.12163098807,Q599020
50277,Grammy Awards,8,26.530613,60,163,0,5.690658,-12.05227,50277,10,13,13770.676213022092,Q41254
53613,Jean Casimir-Perier,17,10.0,0,168,183,-9.217647,-22.209848,53613,1,3,0.0,Q315656
55087,Plantu,3,10.0,54,124,233,1.6249721,-15.668037,55087,1,10,0.0,Q713413
55382,Montargis,0,30.20408,235,94,0,-10.912585,3.1270323,55382,12,4,3.615646038844485,Q212352
55973,Rosetta (sonde spatiale),9,10.0,255,42,47,16.171595,-17.695208,55973,1,16,0.0,Q48572
56028,2e régiment de hussards,8,11.836735,60,163,0,15.285987,-13.305125,56028,2,0,781.0,Q776014
56354,Hussard,8,11.836735,60,163,0,-1.2267911,-3.9654677,56354,2,0,1560.0,Q191713
56484,Liste des peuples gaulois et aquitains,7,11.836735,0,148,245,-7.829748,13.2038145,56484,2,5,3885.0,Q1243985
57454,Le Hussard sur le toit (homonymie),8,11.836735,60,163,0,4.5517,7.100095,57454,2,0,0.0,Q3223510
57455,Le Hussard sur le toit (film),8,15.510204,60,163,0,7.066017,-21.023615,57455,4,0,2338.0,Q1194500
58468,Brice Hortefeux,17,13.67347,0,168,183,-12.16888,-4.6621594,58468,3,7,42771.37519623612,Q502972
59967,Jean-Paul Rappeneau,8,21.020409,60,163,0,-22.564169,-14.186433,59967,7,0,34295.927058681686,Q709973
61689,Mandchoukouo,6,24.693878,114,121,10,-15.087433,4.730466,61689,9,1,3704.2666666667383,Q30623
63216,Michel Duchaussoy,5,17.34694,193,77,88,-19.476364,6.0254207,63216,5,5,12743.246936844698,Q470804
63327,Le Puy-en-Velay,7,17.34694,0,148,245,-16.892004,-0.77461064,63327,5,5,7749.0,Q184359
63771,Corinne Marchand,5,11.836735,193,77,88,-18.1649,20.844997,63771,2,5,781.0,Q129681
67705,Arme de poing,3,15.510204,54,124,233,-9.329154,-4.633451,67705,4,10,1646.5134701696734,Q1574963
68006,Bombardier (avion),9,11.836735,255,42,47,2.6797736,-6.8916993,68006,2,16,0.0,Q170877
68513,Paris brûle-t-il ? (film),5,11.836735,193,77,88,-15.450007,4.0686517,68513,2,5,781.0,Q909561
70857,Gérard Oury,14,24.693878,0,126,172,5.123605,-20.366554,70857,9,0,42333.486194274956,Q470798
71005,Kuomintang,6,11.836735,114,121,10,-4.3048096,-13.679561,71005,2,1,0.0,Q31113
72352,Mistinguett,5,11.836735,193,77,88,22.756683,7.5974674,72352,2,5,781.0,Q235507
73442,Enrico Fermi,13,10.0,0,164,49,18.55305,-3.3719554,73442,1,9,0.0,Q8753
74022,Alexandre Jardin,5,11.836735,193,77,88,-17.76961,-18.887947,74022,2,5,781.0,Q982361
74713,Opeth,8,10.0,60,163,0,-22.176414,-4.7920747,74713,1,13,0.0,Q18557
76823,La Bête humaine (film),5,10.0,193,77,88,-1.0723666,0.8918027,76823,1,5,0.0,Q830558
79513,Rencontres du troisième type,8,13.67347,60,163,0,-23.175053,-3.2085028,79513,3,13,21219.989965493714,Q320588
80010,Jacques Dufilho,5,10.0,193,77,88,4.668062,24.83451,80010,1,5,0.0,Q615795
80682,Virgin Megastore,15,11.836735,152,129,0,17.67558,-0.38362744,80682,2,11,6957.0,Q1055882
81325,Pierre Joxe,8,11.836735,60,163,0,-7.4795713,-24.018555,81325,2,0,2131.0144714820613,Q977974
81845,Gerald Ford,1,43.061226,153,96,160,18.337801,-12.078279,81845,19,12,81.52240259740259,Q9582
82005,Quercy,18,15.510204,0,160,220,-17.029404,-6.6987624,82005,4,17,3112.0,Q1895719
83045,Tirpitz (cuirassé),17,10.0,0,168,183,-24.513952,18.141418,83045,1,3,0.0,Q153370
86650,Générateur thermoélectrique à radioisotope,9,11.836735,255,42,47,-19.97922,18.346266,86650,2,16,0.0,Q305208
88531,Opération Husky,17,10.0,0,168,183,13.518924,-21.907822,88531,1,3,0.0,Q217981
89779,François Patriat,17,15.510204,0,168,183,-11.921842,-14.411008,89779,4,3,1758.909072871584,Q3085525
90170,Vidocq (série télévisée),7,11.836735,0,148,245,10.750138,-9.868394,90170,2,5,0.0,Q2523102
91503,Warren G. Harding,1,32.040817,153,96,160,1.6640931,1.6414515,91503,13,12,382.09090909090907,Q35286
92134,Calvin Coolidge,1,35.714287,153,96,160,16.930788,23.89766,92134,15,12,10.918290043290046,Q36023
93504,Coline Serreau,5,21.020409,193,77,88,-8.436905,1.1672375,93504,7,5,18983.666666666562,Q463255
95558,Multilatéralisme,1,11.836735,153,96,160,22.891375,5.227856,95558,2,12,0.0,Q1413574
98462,Marie-Sophie L.,5,10.0,193,77,88,-24.952496,-20.90446,98462,1,5,0.0,Q3292240
98517,Martin Landau,5,11.836735,193,77,88,17.171879,-1.6306541,98517,2,5,3112.0,Q294641
99692,Marianne Denicourt,8,11.836735,60,163,0,5.295841,21.414738,99692,2,0,5486.15266874202,Q273342
100365,Marcel Mouloudji,5,10.0,193,77,88,-20.530514,-5.6311693,100365,1,5,0.0,Q993521
102136,McDonnell Douglas F/A-18 Hornet,9,11.836735,255,42,47,3.7239852,-9.4006,102136,2,16,0.0,Q46397
102440,Karl Zéro,15,11.836735,152,129,0,-20.321537,-5.204878,102440,2,0,1090.7488323509963,Q3193481
105942,Place de la République (Paris),17,11.836735,0,168,183,-19.848406,13.431736,105942,2,3,781.0,Q175055
105972,Rue de Rivoli,5,10.0,193,77,88,14.160035,5.8409758,105972,1,5,0.0,Q141747
110224,Herbert Hoover,1,35.714287,153,96,160,-21.068829,24.659594,110224,15,12,12639.374242424241,Q35236
115236,Plácido Domingo,15,11.836735,152,129,0,-8.516791,-20.53022,115236,2,11,390.0,Q130853
117513,Dan Quayle,1,22.857143,153,96,160,11.095074,22.343224,117513,8,12,0.31666666666666665,Q49214
117663,Grover Cleveland,1,33.87755,153,96,160,-13.684124,-8.856756,117663,14,12,6.676623376623376,Q35171
125025,Bush,1,24.693878,153,96,160,4.2591763,-5.372941,125025,9,12,148.57748917748762,Q224168
125580,Nadine Trintignant,14,13.67347,0,126,172,-9.483846,-14.025709,125580,3,0,1305.5948633919063,Q266222
130640,Christian Marquand,8,11.836735,60,163,0,3.9434216,-5.2714972,130640,2,0,2758.2937537268936,Q1081030
131549,Neudorf (Strasbourg),15,28.367348,152,129,0,-0.5325005,-0.1557949,131549,11,11,1844.8004979895716,Q1979419
131550,Neuhof (Strasbourg),15,21.020409,152,129,0,15.320154,-4.669436,131550,7,11,2.083333333333333,Q2354196
134064,Les Nouvelles Aventures de Vidocq,7,11.836735,0,148,245,9.267831,10.765072,134064,2,5,0.0,Q1210830
139039,Paul Morand,8,11.836735,60,163,0,-20.488644,14.09828,139039,2,0,2038.781715349307,Q272
141894,Bob Dole,1,11.836735,153,96,160,13.1680155,-5.148459,141894,2,12,0.0,Q319079
147192,Jacques Dynam,5,21.020409,193,77,88,19.410254,-7.2013097,147192,7,5,23506.950470224165,Q981564
147989,Meinau,15,19.183674,152,129,0,-24.863354,20.829927,147989,6,11,3.409722222222222,Q3304712
148053,Stade de la Meinau,19,13.67347,0,134,74,-0.46318504,14.493593,148053,3,14,5207.263498550325,Q374883
149470,Embargo des États-Unis contre Cuba,3,10.0,54,124,233,-1.8202505,-12.475063,149470,1,10,0.0,Q1334972
153035,Danièle Gilbert,14,13.67347,0,126,172,6.816834,-21.931261,153035,3,0,3412.1732551096857,Q3015129
158029,Ernest Borgnine,8,13.67347,60,163,0,-17.566408,-3.4213226,158029,3,0,2682.476233422584,Q102551
158047,Isabelle Aubret,8,11.836735,60,163,0,1.7026223,-21.857498,158047,2,13,781.0,Q229359
158091,Yvan Colonna,15,17.34694,152,129,0,6.5842147,-8.044471,158091,5,0,4943.73216568434,Q582729
158507,George Bush,1,17.34694,153,96,160,23.878077,14.254323,158507,5,12,0.125,Q43038
160199,Aurore,15,10.0,152,129,0,-23.553448,16.2324,160199,1,11,0.0,Q424776
161778,Fulham Football Club,19,15.510204,0,134,74,3.6809747,-3.97839,161778,4,7,1567.0833333333335,Q18708
167190,Grêmio Foot-Ball Porto Alegrense,12,22.857143,235,44,170,22.296652,-10.738362,167190,8,6,45.00227716301881,Q221695
171264,Michael Dukakis,1,22.857143,153,96,160,-5.5716043,3.529396,171264,8,12,0.375,Q319099
173438,Barbara Bush,1,37.55102,153,96,160,18.317884,23.747183,173438,16,12,37980.07049062049,Q190628
173750,Laura Bush,1,22.857143,153,96,160,-22.110039,-16.73775,173750,8,12,109.294913419913,Q152019
173759,Nancy Reagan,1,17.34694,153,96,160,-21.393158,-16.226301,173759,5,12,105.06111111111083,Q193426
173765,Rosalynn Carter,1,17.34694,153,96,160,-3.6489391,22.129595,173765,5,12,398.1619047619001,Q219353
174088,Plan Orsan,3,13.67347,54,124,233,-5.115225,12.486149,174088,3,10,781.0000000000001,Q3391180
174305,Eleanor Roosevelt,8,10.0,60,163,0,-6.853628,-4.891982,174305,1,13,0.0,Q83396
176483,MAC modèle 1950,3,11.836735,54,124,233,-23.260014,1.4195846,176483,2,10,0.0,Q835436
183442,Burt Lancaster,8,11.836735,60,163,0,10.178321,-1.075973,183442,2,0,1341.460420393559,Q160528
184371,Fantômas contre Scotland Yard,5,19.183674,193,77,88,-20.454954,-18.202911,184371,6,5,681.9705969543935,Q1395971
185864,Georges Besse,3,10.0,54,124,233,-10.819761,-20.447527,185864,1,10,0.0,Q1508821
193929,Stade de la Beaujoire,19,13.67347,0,134,74,-11.08715,-5.338088,193929,3,14,3112.0,Q1053455
194461,Patriots de la Nouvelle-Angleterre,2,15.510204,0,134,135,15.07614,21.164782,194461,4,8,6970.999999999999,Q193390
195468,Amel Bent,11,15.510204,185,97,239,20.575588,4.1188827,195468,4,2,3891.0,Q266779
195633,Jeb Bush,1,35.714287,153,96,160,9.149072,-21.154709,195633,15,12,668.4694805194877,Q221997
201428,Phil Jackson,2,15.510204,0,134,135,20.256159,24.027077,201428,4,8,0.6666666666666666,Q316246
205039,Sylvie Joly,5,11.836735,193,77,88,-9.176033,18.000755,205039,2,5,3112.0,Q3507343
205557,Raphaël Mezrahi,14,13.67347,0,126,172,22.078972,-24.544798,205557,3,0,2841.3981320970606,Q3419486
207985,Susie Morgenstern,17,10.0,0,168,183,-7.968392,-21.190145,207985,1,3,0.0,Q1744216
211571,Koenigshoffen,15,15.510204,152,129,0,22.245369,12.3503275,211571,4,11,0.0,Q3198242
214564,Agent provocateur (personne),17,10.0,0,168,183,22.716179,12.027485,214564,1,3,0.0,Q392752
214582,La Folle Journée de Ferris Bueller,13,11.836735,0,164,49,10.970301,18.781382,214582,2,9,38637.0,Q498906
216720,Confédération sud-américaine de football,12,28.367348,235,44,170,-14.123094,19.23337,216720,11,6,1276.790986790987,Q58733
217097,Liste des maires de Strasbourg,15,17.34694,152,129,0,5.0598583,18.568205,217097,5,11,2.25,Q509558
217410,Herbert Léonard,15,15.510204,152,129,0,-5.5459433,-14.812655,217410,4,0,4001.83349467871,Q3133481
217769,Hervé Vilard,15,11.836735,152,129,0,-18.490906,10.96814,217769,2,0,1262.201167648995,Q2403441
218932,Loi 12 du football,12,10.0,235,44,170,15.555408,-20.257898,218932,1,6,0.0,Q265777
218952,Loi 13 du football,12,11.836735,235,44,170,0.538853,-21.522453,218952,2,6,780.9999999999999,Q1379266
220328,Emmanuel Todd,17,17.34694,0,168,183,21.855104,-23.58229,220328,5,3,10687.822075548786,Q713775
221400,Jean-Marcel Jeanneney,17,11.836735,0,168,183,6.172364,-0.5340552,221400,2,3,1560.0,Q353164
223465,Syndicat de la magistrature,17,10.0,0,168,183,-7.3543086,-14.154196,223465,1,3,0.0,Q3508263
225241,Coupe intercontinentale,12,26.530613,235,44,170,-8.578081,-14.846269,225241,10,6,2509.8237272537635,Q182473
225434,Muriel Catala,8,10.0,60,163,0,-7.918095,2.837275,225434,1,0,0.0,Q1953709
226837,Marc Forster,13,22.857143,0,164,49,-23.630844,-19.35782,226837,8,9,23460.33333333334,Q28497
226864,Front national de libération du Sud Viêt Nam,17,13.67347,0,168,183,-3.1272438,-17.787434,226864,3,3,6965.0,Q174423
231118,Daniel Lavoie,8,10.0,60,163,0,1.1262604,14.130395,231118,1,13,0.0,Q1161511
231252,Davor Šuker,19,13.67347,0,134,74,13.58206,-16.989037,231252,3,14,2339.0,Q189217
232025,Retour à Howards End,8,11.836735,60,163,0,21.837564,-13.845676,232025,2,13,781.0,Q913389
232067,Jean-Luc Lemoine,14,13.67347,0,126,172,-22.943333,19.250343,232067,3,0,1093.3379015449584,Q3167188
232080,Pat Riley,2,17.34694,0,134,135,7.942069,-5.0092463,232080,5,8,390.66666666666663,Q335762
232918,United States Army Air Forces,9,13.67347,255,42,47,-14.08169,5.9956837,232918,3,16,3112.0,Q741723
236374,Stade Monumental Antonio Vespucio Liberti,12,15.510204,235,44,170,9.526386,-16.548662,236374,4,6,11.450455100455098,Q276354
239587,Frédéric Kanouté,19,10.0,0,134,74,6.181205,-3.0350318,239587,1,14,0.0,Q218394
241560,Don Nelson,2,13.67347,0,134,135,24.01505,-8.640329,241560,3,8,0.0,Q375600
243479,Jean-Louis Bourlanges,17,11.836735,0,168,183,-2.0361497,-14.887485,243479,2,3,781.0,Q711098
243500,Marielle de Sarnez,17,11.836735,0,168,183,-6.3375645,-7.119336,243500,2,3,1560.0,Q452173
244296,Bouli Lanners,5,13.67347,193,77,88,-18.00004,-9.086045,244296,3,5,781.0,Q895091
246399,Brian Mulroney,1,15.510204,153,96,160,17.629448,-16.207268,246399,4,12,312.87857142856654,Q128563
247702,Sunderland Association Football Club,19,15.510204,0,134,74,-0.57175297,8.020431,247702,4,7,6178.773809523809,Q18739
248389,Leeds United Football Club,19,17.34694,0,134,74,23.013939,11.485398,248389,5,7,5396.773809523808,Q1128631
249565,Catherine Lara,15,11.836735,152,129,0,-17.437954,-22.826363,249565,2,11,3885.0,Q2941969
249951,Jamais plus jamais,8,13.67347,60,163,0,19.93195,-5.7599554,249951,3,13,389.0,Q180279
250263,Patricia Spehar,0,88.97959,235,94,0,0.41523352,-5.8259726,250263,44,4,55.71030876527866,Q732109
250706,Bata (entreprise),15,13.67347,152,129,0,-11.145113,16.750937,250706,3,11,1560.0,Q688082
250893,Christophe Bourseiller,3,10.0,54,124,233,-1.6420077,-13.284103,250893,1,10,0.0,Q2966124
251034,Peggy Zlotkowski,0,85.30612,235,94,0,-23.734629,15.1278305,251034,42,4,0.022727272727272728,Q3374253
252207,Cixi,6,15.510204,114,121,10,1.6442221,-10.439344,252207,4,1,1694.5666666666427,Q47842
255711,Joe Biden,1,24.693878,153,96,160,-24.184961,-10.236725,255711,9,12,0.375,Q6279
255888,Guangxu,6,11.836735,114,121,10,-16.292742,9.100081,255888,2,1,0.0,Q299710
268950,Guillaume Peltier,17,13.67347,0,168,183,-22.348911,5.193934,268950,3,7,9953.847516520183,Q3120121
272510,Gregg Popovich,2,17.34694,0,134,135,21.610847,7.5103664,272510,5,8,4656.666666666666,Q456730
275132,Asia Argento,8,13.67347,60,163,0,-11.562096,14.526892,275132,3,0,1561.0,Q232052
275628,Pretty Woman,4,10.0,175,95,13,-7.319549,7.654405,275628,1,15,0.0,Q207954
280514,Philippe Bas (homme politique),17,10.0,0,168,183,-5.3081465,13.377,280514,1,3,0.0,Q3379308
282343,Axel Kahn,17,10.0,0,168,183,15.417476,-16.366207,282343,1,3,0.0,Q325495
285323,Jean-François Stévenin,5,15.510204,193,77,88,-2.250917,-0.5884166,285323,4,5,1035.6666666666558,Q1684856
285989,Bataille de Solférino,8,10.0,60,163,0,15.739414,-0.6200077,285989,1,0,0.0,Q324916
286177,Laure Adler,3,13.67347,54,124,233,21.421879,-9.00954,286177,3,10,1561.0000000000002,Q3218743
297913,Leeds,19,11.836735,0,134,74,-2.781596,-3.7712588,297913,2,7,781.0,Q39121
301236,Vladimir Cosma,14,13.67347,0,126,172,12.146378,11.792938,301236,3,0,3597.701801062076,Q507940
308491,Donald Pleasence,9,11.836735,255,42,47,17.898996,-19.524437,308491,2,16,19656.0,Q314914
310006,Olivier Dacourt,19,10.0,0,134,74,18.262882,2.8525102,310006,1,7,0.0,Q314879
315722,Maguy,5,15.510204,193,77,88,8.684769,-17.504578,315722,4,5,4854.916334374664,Q3277423
316306,Amistad,8,10.0,60,163,0,-11.091535,-9.819198,316306,1,13,0.0,Q472361
317576,Stadium de Toulouse,19,15.510204,0,134,74,-13.336223,2.847944,317576,4,14,8963.417637548595,Q738044
317616,Zaifeng,6,21.020409,114,121,10,-23.898258,-8.61846,317616,7,1,22.7,Q144348
321304,Matthew Fox,13,10.0,0,164,49,-23.465986,21.440273,321304,1,9,0.0,Q185554
324945,Roazhon Park,19,19.183674,0,134,74,-0.4989333,-23.15229,324945,6,7,35091.142116276285,Q1121760
326956,La Totale !,5,11.836735,193,77,88,16.38404,1.057694,326956,2,5,8.75,Q3213184
331707,CA Independiente,12,30.20408,235,44,170,3.2430823,-7.063294,331707,12,6,1100.835200372855,Q214978
333019,Claude Bolling,5,13.67347,193,77,88,-2.0033448,7.0429726,333019,3,5,781.0,Q943109
337205,Attentat du RER B à Saint-Michel,3,35.714287,54,124,233,14.848948,-22.372568,337205,15,10,652.5743017630604,Q2869997
340754,Ballainvilliers,5,10.0,193,77,88,5.191452,19.510946,340754,1,5,0.0,Q248945
344847,Alexandre Desplat,8,15.510204,60,163,0,10.255948,24.516298,344847,4,13,61.25000000000001,Q313362
345039,Berner Sport Club Young Boys,19,21.020409,0,134,74,-13.707841,-2.3900805,345039,7,7,600.5023212898268,Q190526
345086,Attentat de la gare de Bologne,3,11.836735,54,124,233,-9.6557865,-15.389679,345086,2,10,1167.0,Q569287
347298,Santos Futebol Clube (Santos),12,22.857143,235,44,170,2.2027075,0.5670745,347298,8,6,85.72273089229607,Q80955
348232,Club Atlético Peñarol,12,32.040817,235,44,170,-15.83341,-10.795077,348232,13,6,3227.4699372806767,Q16320
352482,John Glenn,15,10.0,152,129,0,23.469978,-15.806858,352482,1,11,0.0,Q182642
352867,Marie Denarnaud,8,11.836735,60,163,0,15.963524,-7.0919166,352867,2,0,781.0,Q1647279
355677,Alan Shepard,1,10.0,153,96,160,13.32321,-18.189682,355677,1,12,0.0,Q174979
355833,Danièle Thompson,8,21.020409,60,163,0,-17.781576,18.114275,355833,7,0,73581.21552607506,Q374760
357403,Julien Guiomar,5,11.836735,193,77,88,24.161182,-15.299697,357403,2,5,781.0,Q1712249
357838,Peguy Luyindula,19,11.836735,0,134,74,-18.213934,-20.963837,357838,2,7,808.9436507936467,Q342608
358340,Passi,11,11.836735,185,97,239,-3.0529842,-20.070894,358340,2,2,1560.0,Q1395502
358341,Christine Bravo,14,15.510204,0,126,172,-4.4340725,17.43366,358341,4,0,4205.3379015449555,Q8322448
358851,Mary McDonnell,5,10.0,193,77,88,-18.649597,21.758453,358851,1,5,0.0,Q117500
364517,Maria Pacôme,5,35.714287,193,77,88,-5.779061,14.399405,364517,15,5,101024.11816343539,Q1896228
365156,Fanny Cottençon,14,11.836735,0,126,172,-10.580857,10.02556,365156,2,0,5905.0799439546245,Q462625
366903,Torino Football Club,12,17.34694,235,44,170,17.519045,-18.195574,366903,5,6,2339.9999999999995,Q2768
367937,Gena Rowlands,8,11.836735,60,163,0,-20.946941,-4.198325,367937,2,13,2337.0,Q229258
369619,FK Partizan Belgrade,4,11.836735,175,95,13,-23.218487,6.003236,369619,2,15,2296.321428571426,Q188656
369668,Jean-Noël Guérini,5,13.67347,193,77,88,19.394575,13.640893,369668,3,5,1762.0781786840598,Q3168248
369679,Didier Guillaume,17,15.510204,0,168,183,21.373537,-7.956654,369679,4,3,2634.35087481963,Q3027038
372594,Karin Dor,9,10.0,255,42,47,-19.316574,1.3180697,372594,1,16,0.0,Q62353
374523,Philippe Castelli,5,17.34694,193,77,88,-11.5684185,-2.5111585,374523,5,5,3129.938895927925,Q3379527
376686,Espanyol de Barcelone,10,13.67347,253,0,107,21.894972,-1.7806448,376686,3,6,1561.0,Q8780
385279,New Horizons,9,11.836735,255,42,47,-15.14203,-9.674141,385279,2,16,2337.0,Q48461
386868,Pascal Bruckner,8,11.836735,60,163,0,-9.823525,-6.004057,386868,2,0,31466.34830936261,Q1348334
387366,Lauzerte,18,13.67347,0,160,220,2.2951539,2.7782125,387366,3,17,1560.0,Q919927
389856,Championnat de Serbie de football,4,15.510204,175,95,13,-4.0147767,22.825167,389856,4,15,1527.3214285714284,Q235307
394811,Electrolux,5,10.0,193,77,88,24.413225,-5.3994403,394811,1,5,0.0,Q505922
401772,Javier Saviola,12,11.836735,235,44,170,-21.225082,10.273555,401772,2,6,1.3928571428571428,Q186071
405713,Michel Vuillermoz,8,17.34694,60,163,0,-13.466258,-10.495504,405713,5,0,14895.48984142153,Q1930952
411604,Laurent Terzieff,8,11.836735,60,163,0,18.129595,-20.888014,411604,2,0,594.1049062049062,Q523545
411958,Héliosphère,9,19.183674,255,42,47,22.182297,-1.6954825,411958,6,16,3500.0,Q131687
414889,Rafael van der Vaart,19,11.836735,0,134,74,-16.698648,21.08,414889,2,7,781.0,Q163974
416570,Éric Di Meco,4,15.510204,175,95,13,-17.040327,22.999233,416570,4,15,2512.9517243680866,Q288169
416622,Toyota 2000 GT,9,11.836735,255,42,47,8.135997,15.10454,416622,2,16,1560.0,Q1324772
422453,Gipsy Kings,8,10.0,60,163,0,-1.9609041,21.506592,422453,1,13,0.0,Q40586
423224,George Prescott Bush,1,28.367348,153,96,160,3.5211594,-9.936437,423224,11,12,147.72424242424086,Q3101841
424739,Stade de Suisse,19,11.836735,0,134,74,-8.799294,-5.189457,424739,2,7,2.5444444444444443,Q194479
425913,Eugène Saccomano,5,11.836735,193,77,88,4.632389,-23.09287,425913,2,5,174.76046176046148,Q3060165
428085,Jean-Noël Jeanneney,8,11.836735,60,163,0,-23.543943,-9.680102,428085,2,0,1896.9168524344425,Q714993
428737,Marie Guévenoux,17,13.67347,0,168,183,-0.35998365,-21.26468,428737,3,3,2271.3904220779364,Q3292560
430367,Yvette Labrousse,0,92.65306,235,94,0,3.171253,-15.0118475,430367,46,4,104.46266751536605,Q444528
433442,William Holden,8,10.0,60,163,0,-20.894598,-18.938034,433442,1,0,0.0,Q95002
434122,Daniel Schneidermann,17,10.0,0,168,183,5.1669893,9.093589,434122,1,3,0.0,Q146749
440912,Greer Garson,8,13.67347,60,163,0,-14.358481,9.8618965,440912,3,13,1561.0,Q182486
449697,Marthe Mercadier,5,17.34694,193,77,88,-4.967864,19.416649,449697,5,5,20493.95467165285,Q533904
449933,Gilles Kepel,3,17.34694,54,124,233,14.236024,16.962477,449933,5,10,707.9499549768801,Q917460
456931,Olivier Todd,17,13.67347,0,168,183,24.672016,9.124558,456931,3,3,8318.983703102509,Q3351411
460254,Bing Crosby,8,13.67347,60,163,0,-9.255122,-20.56672,460254,3,0,3302.1146508191446,Q72984
464551,Attentat de la piazza Fontana,3,11.836735,54,124,233,-4.779619,7.0862923,464551,2,10,1167.0,Q891865
467521,Copa Sudamericana,12,22.857143,235,44,170,-10.843592,-23.568104,467521,8,6,1841.2876771546016,Q60585
467827,Jérôme Anger,5,13.67347,193,77,88,-1.9695739,1.3067944,467827,3,5,781.0000000000001,Q3190798
469991,Préfet de région,3,10.0,54,124,233,11.790745,15.104067,469991,1,10,0.0,Q2388108
476221,Saint-Christophe (île),3,10.0,54,124,233,1.2245814,2.8566122,476221,1,10,0.0,Q204989
478205,"Fantômas (film, 1964)",5,21.020409,193,77,88,23.008272,21.531385,478205,7,5,1266.4611452949412,Q996020
478791,Apollon Limassol Football Club,19,13.67347,0,134,74,-14.864856,15.256661,478791,3,7,79.80952380952378,Q428047
494440,Coupe des clubs champions européens 1990-1991,4,19.183674,175,95,13,9.49801,3.6325886,494440,6,15,8871.946962463355,Q118823
495866,Fantômas se déchaîne,5,21.020409,193,77,88,-0.43604922,18.327898,495866,7,5,1266.4611452949412,Q612271
496678,Jimmy Briand,16,11.836735,0,157,116,-10.535535,8.447648,496678,2,14,0.0,Q342312
497506,Trilogie Fantômas,5,19.183674,193,77,88,-10.681478,17.35017,497506,6,5,436.39378487758165,Q3539193
497839,Coupe des clubs champions européens 1991-1992,4,13.67347,175,95,13,17.419302,12.116577,497839,3,15,1584.6785714285736,Q269535
502418,River Plate,12,10.0,235,44,170,-5.3709717,-5.8410096,502418,1,6,0.0,Q234229
503738,Régis Laspalès,14,13.67347,0,126,172,-10.228037,6.6622686,503738,3,0,3885.0,Q3455752
504776,Monica Guerritore,8,10.0,60,163,0,11.928114,-13.389005,504776,1,0,0.0,Q368627
508158,Philippe Chevallier (humoriste),14,13.67347,0,126,172,2.52527,-18.109518,508158,3,0,2337.0,Q3292070
508488,Guillaume Durand,14,11.836735,0,126,172,6.3484473,8.502288,508488,2,0,0.0,Q3119826
511441,Sociedad Deportiva Huesca,8,10.0,60,163,0,-20.022053,23.27984,511441,1,0,0.0,Q11971
511612,Judith Waintraub,17,11.836735,0,168,183,20.342724,-2.512236,511612,2,3,644.183333333333,Q3188013
513810,André Falcon,5,15.510204,193,77,88,-7.422945,-23.30989,513810,4,5,5435.0,Q346576
514734,Opération Northwoods,15,13.67347,152,129,0,-16.529995,13.47953,514734,3,11,799.0486624486621,Q898834
519827,Le Journal du dimanche,17,35.714287,0,168,183,-10.686472,21.818499,519827,15,3,113441.44570397241,Q501461
520248,Jean Le Poulain,5,19.183674,193,77,88,-19.678154,19.424603,520248,6,5,22766.956058026095,Q3173107
521036,Martín Palermo,12,26.530613,235,44,170,2.8488941,-4.8554287,521036,10,6,1590.4441138131322,Q208436
522693,Kevin Kline,5,13.67347,193,77,88,17.149366,-17.725729,522693,3,5,2337.0,Q105817
531532,Laure Belleville,0,94.4898,235,94,0,8.516076,11.531353,531532,47,4,162.66762041104403,Q3218746
531623,Mareva Georges,0,92.65306,235,94,0,18.07243,-21.805775,531623,46,4,104.46266751536605,Q3290433
540134,Parti nationaliste français,17,11.836735,0,168,183,-5.2206388,-6.3750806,540134,2,3,0.0,Q3366551
540481,Empereur de Chine,6,11.836735,114,121,10,7.952307,9.360537,540481,2,1,1.3333333333333333,Q268218
547028,Lawrence Kasdan,5,11.836735,193,77,88,-20.703732,-7.469985,547028,2,5,0.0,Q240872
556471,Opération Tonnerre,8,17.34694,60,163,0,9.944459,-11.173908,556471,5,13,1950.0,Q107724
560801,FK Astana,19,21.020409,0,134,74,19.65595,3.9225793,560801,7,7,581.712304433283,Q779698
562675,Lucie de Syracuse,15,11.836735,152,129,0,13.05468,-9.824167,562675,2,11,781.0,Q183240
566808,Guillaume Hoarau,19,13.67347,0,134,74,6.725852,9.971942,566808,3,7,187.09365079365048,Q313164
567579,Riton Liebman,5,10.0,193,77,88,-7.033801,23.929098,567579,1,5,0.0,Q3433325
589989,Gladio,3,15.510204,54,124,233,5.120706,20.851095,589989,4,10,1561.5,Q157678
599136,Ringo (chanteur),14,11.836735,0,126,172,-18.847485,19.180586,599136,2,0,0.0,Q3108731
599794,William Blum,3,10.0,54,124,233,-1.1726848,-17.61686,599794,1,10,0.0,Q2142448
603067,Valérie Pascal,0,90.81632,235,94,0,0.5273455,-23.504807,603067,45,4,76.0105876670465,Q3554303
605312,Yo-Yo Ma,8,10.0,60,163,0,-18.245384,-7.501773,605312,1,13,0.0,Q234891
613042,Klaas-Jan Huntelaar,19,17.34694,0,134,74,-10.851291,16.75891,613042,5,7,2155.2500000000023,Q26069
617267,Sagamore Stévenin,5,11.836735,193,77,88,-6.902625,22.651632,617267,2,5,0.0,Q328256
618670,Robinson Stévenin,5,15.510204,193,77,88,11.149585,-19.330454,618670,4,5,578.0000000000061,Q3437193
626751,Delphine Batho,17,10.0,0,168,183,7.8379707,-19.956509,626751,1,3,0.0,Q291385
633306,8 mm Lebel,3,10.0,54,124,233,-7.458285,-5.655675,633306,1,10,0.0,Q274935
633491,MAS 36,3,15.510204,54,124,233,-3.6574836,0.18776911,633491,4,10,922.9150684181628,Q1451315
634264,Stade olympique de Turin,12,10.0,235,44,170,-13.864148,5.0496445,634264,1,6,0.0,Q214629
644460,Henri Attal,5,22.857143,193,77,88,-19.719551,-9.279068,644460,8,5,4397.163255732093,Q3130587
649777,Inspecteur Lavardin,5,11.836735,193,77,88,12.812728,-16.919958,649777,2,5,0.0,Q1406056
652145,Edmond Simeoni,15,13.67347,152,129,0,-0.518971,20.899494,652145,3,0,389.5,Q1996613
653604,On ne vit que deux fois (film),9,19.183674,255,42,47,-7.8183513,-14.961838,653604,6,16,19050.0,Q107761
653867,Trevor Ariza,2,10.0,0,134,135,-15.386878,12.5794325,653867,1,8,0.0,Q358108
654825,République de Chine (1912-1949),6,21.020409,114,121,10,-8.031938,19.511633,654825,7,1,1990.766666666656,Q13426199
656166,Jean-Claude Bourret,9,10.0,255,42,47,13.926836,-16.124937,656166,1,16,0.0,Q859866
666328,North London derby,19,13.67347,0,134,74,-19.259354,6.9773088,666328,3,7,2342.22619047619,Q2333687
672302,David Morse (acteur),13,10.0,0,164,49,-15.435603,16.261988,672302,1,9,0.0,Q296370
676673,Vitorino Hilton,16,10.0,0,157,116,-11.963928,-7.970247,676673,1,14,0.0,Q551898
680078,George W. Bush,1,57.7551,153,96,160,24.654877,-2.1813588,680078,27,12,6814.551839826885,Q207
681391,Dragan Stojković,4,13.67347,175,95,13,-6.6654654,12.665267,681391,3,15,0.0,Q257548
683320,Borsalino (chapeau),5,10.0,193,77,88,-20.32436,-4.766691,683320,1,5,0.0,Q25352456
684884,Muguette Fabris,0,13.67347,235,94,0,10.78018,-2.8920047,684884,3,4,0.5256410256410257,Q3327472
686103,Roger Marion,15,11.836735,152,129,0,-6.6510983,18.95014,686103,2,0,50.298917748917745,Q3439244
689171,François Bégaudeau,17,10.0,0,168,183,5.280138,-0.58075315,689171,1,3,0.0,Q1450958
689686,David Charvet,11,11.836735,185,97,239,20.301298,-17.816704,689686,2,2,2.0,Q1173971
699854,La Crise,5,13.67347,193,77,88,14.762725,4.049699,699854,3,5,625.6666666666616,Q3207942
701009,Le noir te va si bien,5,11.836735,193,77,88,24.009504,1.8671438,701009,2,5,0.0,Q3228493
724983,Alexandra Leclère,8,21.020409,60,163,0,19.578875,-6.815816,724983,7,0,3891.5,Q2833294
730096,Bataville,15,11.836735,152,129,0,6.985602,-10.247064,730096,2,11,0.0,Q2891083
739096,Marcelo Gallardo,12,22.857143,235,44,170,-8.283138,22.19006,739096,8,6,25612.271272897666,Q266507
744169,Sandra Zidani,8,11.836735,60,163,0,23.478085,-9.753205,744169,2,0,0.0,Q3471949
747134,Nicolas Bay,17,19.183674,0,168,183,-4.653508,-13.082276,747134,6,7,3892.5,Q3340073
749277,Bernard Guetta,17,10.0,0,168,183,-9.726214,8.340826,749277,1,3,0.0,Q2898005
752037,Jimmy Bennett,8,10.0,60,163,0,-11.817598,-12.342951,752037,1,0,0.0,Q4349
758098,HK UMP,3,10.0,54,124,233,22.430288,-18.813673,758098,1,10,0.0,Q461510
760576,Christine Citti,14,11.836735,0,126,172,24.82462,-15.725284,760576,2,0,195.5714285714286,Q692563
762607,Docteur Sylvestre,5,13.67347,193,77,88,-6.9530067,7.350656,762607,3,5,1756.6666666666847,Q3033536
770613,Titoff,14,15.510204,0,126,172,20.648207,-18.46587,770613,4,0,7281.2113687037545,Q3529590
781977,Pierfrancesco Favino,13,15.510204,0,164,49,16.18782,-19.641953,781977,4,9,51260.0,Q555241
785339,Agénésie,17,10.0,0,168,183,7.937126,13.895352,785339,1,7,0.0,Q392604
785813,Fausse bannière,15,11.836735,152,129,0,-16.051363,10.372967,785813,2,11,571.643561439943,Q420474
793402,Howards End,8,10.0,60,163,0,-23.631678,8.5384445,793402,1,13,0.0,Q1146642
794425,Adolfo Celi,8,11.836735,60,163,0,24.930899,11.581818,794425,2,13,0.0,Q365044
799353,Michèle Cotta,5,10.0,193,77,88,-7.6599975,1.5874628,799353,1,5,0.0,Q3311604
803718,Geoffrey Rush,8,13.67347,60,163,0,7.12656,22.404531,803718,3,0,1064.1224358974364,Q166272
807910,Andriy Pyatov,19,11.836735,0,134,74,12.836969,-12.545192,807910,2,7,0.0,Q215297
809330,Roland Ries,15,17.34694,152,129,0,-16.2791,-12.132946,809330,5,11,2.5,Q469010
812979,Frères Guérini,5,15.510204,193,77,88,-16.096178,-2.4320571,812979,4,5,1177.608991008989,Q3089422
816295,Bloodsport,5,13.67347,193,77,88,1.54885,-24.120447,816295,3,5,1561.0000000000002,Q724960
817066,Patrice Carteron,16,10.0,0,157,116,-0.19968179,12.72459,817066,1,14,0.0,Q2710324
822000,Mikel Arteta,19,10.0,0,134,74,22.109184,-11.1624775,822000,1,7,0.0,Q185572
833289,François Spirito,5,13.67347,193,77,88,-12.57279,17.897179,833289,3,5,5.5,Q1451196
844847,Trophée de la Coupe du monde de football,19,10.0,0,134,74,-23.413086,2.260138,844847,1,14,0.0,Q517621
850250,Philippe Tesson,14,13.67347,0,126,172,-7.8712153,-4.226094,850250,3,0,188.11688528731003,Q3380767
850647,Sophie de Menthon,17,10.0,0,168,183,15.572276,-4.077734,850647,1,3,0.0,Q3491069
851823,Bob Peck,19,10.0,0,134,74,22.060356,5.389464,851823,1,7,0.0,Q888194
884938,Denise Glaser,14,15.510204,0,126,172,-7.951828,-0.5128383,884938,4,0,4826.886509435423,Q3023044
908789,Récompenses de la Coupe du monde de football,19,11.836735,0,134,74,16.086138,7.125051,908789,2,14,781.0,Q368974
928632,Philippe Duclos,5,10.0,193,77,88,-22.847061,24.97753,928632,1,5,0.0,Q3379770
932442,Louis Farrakhan,3,11.836735,54,124,233,-21.499815,13.13588,932442,2,10,2337.0,Q49075
933885,Joan Chen,6,10.0,114,121,10,-20.379732,-15.429281,933885,1,1,0.0,Q270672
944965,Patricia Barzyk,0,88.97959,235,94,0,0.89236474,14.685464,944965,44,4,27.280956189685288,Q3369081
986164,Chris Bosh,2,11.836735,0,134,135,-24.418049,-17.509768,986164,2,8,0.0,Q201386
992161,Laurent Koscielny,19,17.34694,0,134,74,3.4881008,-22.3278,992161,5,7,23022.085891516734,Q1915
1008463,Yvan Cassar,15,11.836735,152,129,0,5.8292,-21.318066,1008463,2,11,3112.0,Q430491
1014096,Mohamed Sifaoui,3,11.836735,54,124,233,-6.911434,-22.497635,1014096,2,10,781.0,Q725337
1019790,Avro Vulcan,8,10.0,60,163,0,-0.96286356,2.0429413,1019790,1,13,0.0,Q218931
1032524,HMS Hood (51),17,11.836735,0,168,183,-9.255928,-6.403029,1032524,2,3,781.0,Q220239
1044089,Francisco Pedro Manuel Sá,12,11.836735,235,44,170,0.48862574,-21.336649,1044089,2,6,0.0,Q677135
1055818,Michel Pavon,16,11.836735,0,157,116,-3.158325,5.9300947,1055818,2,14,0.0,Q3310546
1061274,Alain Veinstein,3,10.0,54,124,233,23.440323,21.026138,1061274,1,10,0.0,Q2830346
1064491,Christian Prouteau,14,11.836735,0,126,172,-15.601081,-11.302286,1064491,2,0,2151.203364834282,Q2965571
1097756,"Diego López (football, 1981)",10,10.0,253,0,107,-11.739217,4.5583553,1097756,1,6,0.0,Q314617
1112220,Catherine Rouvel,5,11.836735,193,77,88,-21.396837,-3.3309965,1112220,2,5,0.0,Q531256
1133303,Jean Viard,17,11.836735,0,168,183,17.546276,-10.392702,1133303,2,5,2303.678178684058,Q3175020
1133550,Valérie Claisse,0,88.97959,235,94,0,-6.570538,15.827755,1133550,44,4,42276.88340154804,Q974387
1133563,Véronique de la Cruz,0,87.14286,235,94,0,-10.411169,-16.245443,1133563,43,4,3.836659725280447,Q2367597
1141964,Ángel Labruna,12,15.510204,235,44,170,-11.877165,12.645671,1141964,4,6,0.0,Q251721
1151886,Lova Moor,15,13.67347,152,129,0,-13.503697,-6.975581,1151886,3,0,900.2266101287712,Q3264095
1168949,Marie Bunel,8,11.836735,60,163,0,-17.263664,10.690333,1168949,2,0,781.0,Q3292402
1179917,Vincent Trintignant,14,10.0,0,126,172,2.602202,-14.370712,1179917,1,0,0.0,Q3559863
1181010,Fernando Gago,12,21.020409,235,44,170,-16.756025,-4.718988,1181010,7,6,55.49104784104784,Q187426
1206573,Sophie Vouzelaud,0,10.0,235,94,0,-18.44339,5.789825,1206573,1,4,0.0,Q465525
1214880,La Fiancée du pirate,5,10.0,193,77,88,18.79927,15.870688,1214880,1,5,0.0,Q3208833
1226484,Sentinelle,3,10.0,54,124,233,-13.013946,18.393648,1226484,1,10,0.0,Q3478793
1227238,Préparez vos mouchoirs,5,15.510204,193,77,88,4.281504,-20.523514,1227238,4,5,2340.0,Q1451544
1228976,Justice (groupe),15,10.0,152,129,0,-5.984337,-11.937042,1228976,1,11,0.0,Q329178
1236373,Luke Walton,2,17.34694,0,134,135,22.366596,-11.68437,1236373,5,8,1169.9999999999998,Q449642
1238625,Liste des présidents des États-Unis par longévité,1,28.367348,153,96,160,24.534313,14.8881445,1238625,11,12,0.0,Q3099823
1242272,Françoise Christophe,5,11.836735,193,77,88,0.51069546,-19.49428,1242272,2,5,510.88333333333406,Q3086444
1246665,Bojan Krkić,10,11.836735,253,0,107,-15.079149,-11.011547,1246665,2,6,5425.0,Q179172
1252585,Article 16 de la Constitution de la Cinquième République française,17,10.0,0,168,183,10.764416,-13.994807,1252585,1,3,0.0,Q2865498
1256503,Carole Rousseau,0,10.0,235,94,0,0.17053248,-11.612661,1256503,1,4,0.0,Q2939907
1261180,Armelle (actrice),5,10.0,193,77,88,9.052074,-8.300799,1261180,1,5,0.0,Q681451
1264166,Félix Gray,11,13.67347,185,97,239,24.642143,-3.9932046,1264166,3,2,791.5,Q547650
1272985,Tomáš Baťa,15,11.836735,152,129,0,10.552832,-1.5999935,1272985,2,11,0.0,Q1359893
1290204,Liste des présidents des États-Unis,1,35.714287,153,96,160,15.902268,-17.701754,1290204,15,12,802.4004329004333,Q35073
1299652,Stefania Sandrelli,8,10.0,60,163,0,12.70738,12.807301,1299652,1,0,0.0,Q238547
1300544,Tiqqun,17,13.67347,0,168,183,17.81136,11.169871,1300544,3,3,0.0,Q1535355
1310477,Tony Chapron,8,10.0,60,163,0,-5.795534,19.494537,1310477,1,0,0.0,Q2436573
1321723,Jean Rougerie,5,10.0,193,77,88,-5.7397375,-5.9609284,1321723,1,5,0.0,Q3174435
1333416,Supercopter,8,13.67347,60,163,0,-12.771095,21.0664,1333416,3,0,2836.693191464541,Q409389
1335101,Khaled Kelkal,3,21.020409,54,124,233,-18.206095,-14.62535,1335101,7,10,38.76691708258425,Q1396784
1344039,Christian Jacob,17,13.67347,0,168,183,5.885146,15.614234,1344039,3,3,5766.665571145299,Q707984
1355215,Éric Besson,17,11.836735,0,168,183,-9.331498,0.9815113,1355215,2,7,35356.557380570564,Q2379348
1377046,Mister France,15,10.0,152,129,0,-20.096306,-6.6465607,1377046,1,0,0.0,Q3316945
1412064,Vincent Winterhalter,8,10.0,60,163,0,-18.703127,-9.301491,1412064,1,0,0.0,Q3559884
1417674,Edgar Faure,17,17.34694,0,168,183,-6.6894813,5.5271993,1417674,5,3,3299.1499999999996,Q327013
1424469,Daniel Ivernel,5,11.836735,193,77,88,-12.395245,-1.6215813,1424469,2,5,0.0,Q3014208
1430360,Mélody Vilbert,0,85.30612,235,94,0,15.381567,9.128956,1430360,42,4,0.022727272727272728,Q3332988
1435633,Frank Dux,5,10.0,193,77,88,-0.7292525,23.398558,1435633,1,5,0.0,Q2915358
1453249,Gary Lewis,5,10.0,193,77,88,-6.9160857,4.692589,1453249,1,5,0.0,Q113949
1463086,Borsalino and Co.,5,30.20408,193,77,88,21.107143,-14.063894,1463086,12,5,3839.0017316017293,Q1760794
1472860,Yves Belluardo,8,13.67347,60,163,0,-16.436544,18.268969,1472860,3,13,41545.18071371602,Q3573476
1494632,Islamisme,3,28.367348,54,124,233,23.226948,-3.4454231,1494632,11,10,5522.965268288546,Q189746
1495431,Miss Europe,0,26.530613,235,94,0,-0.8638455,-6.37047,1495431,10,4,0.0,Q845751
1573033,Église épiscopalienne des États-Unis,1,17.34694,153,96,160,12.764922,22.021011,1573033,5,12,467.28809523809986,Q682443
1587520,Nuri Şahin,19,10.0,0,134,74,19.737947,20.941364,1587520,1,7,0.0,Q75857
1640643,Bernard Noël (acteur),7,13.67347,0,148,245,14.376975,-22.64317,1640643,3,5,1560.0,Q2898387
1655528,Neudorf,15,11.836735,152,129,0,-4.6972914,5.0974193,1655528,2,11,0.0,Q258265
1669227,Ricardo Gomes,16,13.67347,0,157,116,-2.4728525,17.881245,1669227,3,14,390.0,Q440999
1679396,Pascal Perrineau,17,10.0,0,168,183,-10.994748,-8.270312,1679396,1,3,0.0,Q2405453
1683026,Guillaume Garot,17,11.836735,0,168,183,-10.501979,-4.7845383,1683026,2,3,781.0,Q3119861
1688453,Steeve Briois,17,13.67347,0,168,183,-13.281068,21.058777,1688453,3,7,0.5,Q3497810
1692866,Annelise Hesme,14,10.0,0,126,172,5.1027417,17.890951,1692866,1,0,0.0,Q2851463
1763198,Younousse Sankharé,16,19.183674,0,157,116,-23.674824,-17.308767,1763198,6,14,4667.0,Q1367689
1792239,José Fonte,12,11.836735,235,44,170,-12.377051,22.942907,1792239,2,14,781.0,Q2736254
1799891,Éric Bedouet,16,13.67347,0,157,116,9.573025,20.639053,1799891,3,14,390.0,Q3590972
1815944,Ruth Negga,13,10.0,0,164,49,6.5495505,11.897412,1815944,1,9,0.0,Q3453629
1862177,Serge Bourrier,5,11.836735,193,77,88,24.145039,-8.570618,1862177,2,5,2337.0,Q3479218
1878256,Olivier Costa,15,10.0,152,129,0,-11.870834,11.445175,1878256,1,11,0.0,Q3350931
1882673,Démographie de Strasbourg,15,11.836735,152,129,0,11.739716,-20.570332,1882673,2,11,0.0,Q3044137
1892678,Christophe Galtier,12,15.510204,235,44,170,-2.7664385,-22.9114,1892678,4,14,17839.442619429436,Q129023
1911230,Thierry Laurey,12,15.510204,235,44,170,7.7061477,-16.395576,1911230,4,14,7341.442619429441,Q3524369
1914758,Casimir Oberfeld,14,13.67347,0,126,172,-17.900772,-4.2206626,1914758,3,0,781.0,Q1047487
1934302,Luciana Paluzzi,8,10.0,60,163,0,-17.301033,-15.530084,1934302,1,13,0.0,Q437806
1955558,Direction centrale de la Sécurité publique,15,10.0,152,129,0,20.117708,-2.4758914,1955558,1,11,0.0,Q3029464
1964538,Aurore Auteuil,8,11.836735,60,163,0,-10.573801,-14.008978,1964538,2,0,781.0,Q2741893
1967313,English Electric Canberra,9,11.836735,255,42,47,-0.9122544,-13.495752,1967313,2,16,0.0,Q520964
1977868,Revolver modèle 1892 8 mm,3,15.510204,54,124,233,3.3952343,0.7271902,1977868,4,10,1057.306179778081,Q1808862
2055677,Christkindelsmärik,3,19.183674,54,124,233,15.682631,-23.618635,2055677,6,10,1941.8746933822717,Q1253609
2148413,Benazir Bhutto,3,10.0,54,124,233,16.533104,-10.092149,2148413,1,10,0.0,Q34413
2178205,François-Marie Banier,17,10.0,0,168,183,10.963709,21.523447,2178205,1,3,0.0,Q3083548
2204108,Wen Xiu,6,13.67347,114,121,10,-5.332776,0.74661696,2204108,3,1,7.416666666666668,Q434584
2209320,Tan Yuling,6,10.0,114,121,10,-11.360274,-7.1905303,2209320,1,1,0.0,Q708839
2340166,Mauro Zárate,12,21.020409,235,44,170,4.7627435,-0.5994005,2340166,7,6,9.861111111111107,Q80132
2344534,Sophie Jovillard,14,11.836735,0,126,172,-13.094572,-22.280527,2344534,2,0,781.0,Q3490956
2362541,Extrême gauche en France,17,19.183674,0,168,183,-14.657412,14.189915,2362541,6,3,6975.0,Q3062647
2437964,Facel Vega,9,10.0,255,42,47,5.063129,24.47475,2437964,1,16,0.0,Q743344
2443233,Michèle Moretti,5,13.67347,193,77,88,9.751994,-11.157559,2443233,3,5,782.5,Q3311660
2499029,Les Seins de Lola,5,10.0,193,77,88,-8.360057,-14.003591,2499029,1,5,0.0,Q3235402
2500299,Sofiane Feghouli,19,10.0,0,134,74,-1.2497115,1.2652938,2500299,1,7,0.0,Q334890
2509918,Miss Réunion,0,85.30612,235,94,0,-0.2314666,21.86473,2509918,42,4,0.022727272727272728,Q3316597
2681124,Joy Esther,11,10.0,185,97,239,10.667706,0.30598593,2681124,1,2,0.0,Q3187199
2682108,Diana Damrau,15,11.836735,152,129,0,14.126183,-12.50617,2682108,2,11,0.5,Q237965
2687366,Laura Tanguy,0,13.67347,235,94,0,10.85193,-9.200708,2687366,3,4,0.0,Q384317
2695632,Didier Barbelivien,15,11.836735,152,129,0,-10.109534,12.98303,2695632,2,0,590.7277777777781,Q1210514
2737746,Éléonore Hirt,5,10.0,193,77,88,10.945112,19.856499,2737746,1,5,0.0,Q118052
2769371,Ligue des champions de la CONCACAF,12,15.510204,235,44,170,-4.6902647,21.404028,2769371,4,6,155.13414918414915,Q83335
2770142,Claude Weill,7,10.0,0,148,245,-11.215352,17.737034,2770142,1,5,0.0,Q2978271
2773353,Jimmy Carter,1,37.55102,153,96,160,15.549224,19.61369,2773353,16,12,803.525108225108,Q23685
2844801,Personnalités liées à Nice,5,11.836735,193,77,88,-6.597227,4.683623,2844801,2,5,781.0,Q3376035
2849988,Sébastien Pietrasanta,3,17.34694,54,124,233,-17.557304,16.157087,2849988,5,10,7.972248144012847,Q3510256
2862169,Miss France 2000,0,24.693878,235,94,0,-21.312088,-24.302874,2862169,9,4,175.17090589858546,Q3316470
2868808,Geneviève Darrieussecq,17,17.34694,0,168,183,4.7459564,-23.376095,2868808,5,3,9470.697756389747,Q3100615
2880252,Histoire de Strasbourg,15,21.020409,152,129,0,-0.016496181,-18.309359,2880252,7,11,11.23064892623716,Q3136816
2901241,HMS King George V (41),17,11.836735,0,168,183,-15.054035,-1.1355057,2901241,2,3,1560.0,Q1139653
2903676,Olivier Martinez,8,13.67347,60,163,0,-19.638971,-1.8907223,2903676,3,0,781.0,Q504886
2934366,Marko Marin,4,13.67347,175,95,13,-17.237617,11.953918,2934366,3,15,811.6785714285704,Q150921
2937744,Barbara Pierce et Jenna Bush,1,28.367348,153,96,160,13.145602,19.171259,2937744,11,12,1.71991341991342,Q23685216
2939973,Famille Bush,1,35.714287,153,96,160,0.99854153,-0.17334712,2939973,15,12,423.6151515151606,Q2743830
2972346,Terra Nova (think tank),3,11.836735,54,124,233,5.7896132,4.5186844,2972346,2,10,0.0,Q3518528
3008923,Sophie Cluzel,17,17.34694,0,168,183,-12.522996,12.146429,3008923,5,3,2504.461833480168,Q3490886
3024005,Santi Cazorla,19,17.34694,0,134,74,6.673206,-6.4891486,3024005,5,7,3275.8523181232863,Q185225
3037625,Nikola Kalinić (football),19,10.0,0,134,74,23.528187,-24.376461,3037625,1,7,0.0,Q311368
3050822,Mario David (acteur),5,13.67347,193,77,88,4.308823,15.464335,3050822,3,5,25076.166673046846,Q3293403
3100626,Arthrogrypose,17,11.836735,0,168,183,-2.4450567,17.398033,3100626,2,7,781.0,Q708165
3103149,John Barry (compositeur),8,15.510204,60,163,0,20.134876,-24.807644,3103149,4,13,5435.0,Q111074
3110267,David Ospina,19,11.836735,0,134,74,14.676638,11.997193,3110267,2,7,781.0,Q436987
3131865,Reinhard Kolldehoff,5,11.836735,193,77,88,19.775585,-11.29397,3131865,2,5,0.0,Q72500
3133505,Guillermo Barros Schelotto,12,24.693878,235,44,170,20.585941,6.554549,3133505,9,6,4541.581293875219,Q509165
3135038,Riccardo Cucciolla,5,13.67347,193,77,88,-16.380198,10.412866,3135038,3,5,51757.0,Q464757
3140312,Christophe Michalak,11,10.0,185,97,239,10.479826,19.958754,3140312,1,2,0.0,Q2966387
3147426,Ultragauche,17,15.510204,0,168,183,15.377068,-11.735837,3147426,4,3,1560.0,Q3548069
3150984,Sólveig Anspach,5,13.67347,193,77,88,24.114132,15.216858,3150984,3,5,2337.0,Q3511511
3156960,Attentats de 1995 en France,3,37.55102,54,124,233,-22.621323,-18.784601,3156960,16,10,669.3481532056378,Q3553264
3230769,Karol Beffa,18,10.0,0,160,220,14.617787,23.387589,3230769,1,17,0.0,Q3193534
3235912,Royal Australian Navy,17,11.836735,0,168,183,-22.132694,-4.717145,3235912,2,3,0.0,Q741691
3243980,Gaby Deslys,5,10.0,193,77,88,-9.3475275,-7.305306,3243980,1,5,0.0,Q273362
3248265,Canal Football Club,16,15.510204,0,157,116,-9.84595,-23.180227,3248265,4,14,8513.0,Q2935920
3309571,Anne Jousset,8,10.0,60,163,0,-2.3701048,0.14424717,3309571,1,0,0.0,Q2851145
3319401,Causeur,8,13.67347,60,163,0,8.505136,23.666712,3319401,3,0,111879.39455694021,Q2943153
3359433,Brigade spécialisée de terrain,15,13.67347,152,129,0,20.482342,-22.320446,3359433,3,11,1025.322819432031,Q2925312
3366125,Steve Suissa,14,15.510204,0,126,172,18.17507,17.065002,3366125,4,0,6485.105985758946,Q3499131
3366987,Rebecca Hall,13,10.0,0,164,49,-2.2779708,18.645077,3366987,1,9,0.0,Q230534
3378498,Cathédrale nationale de Washington,1,11.836735,153,96,160,19.966064,0.13080846,3378498,2,12,0.5,Q668710
3385726,Creswell (Australie),17,11.836735,0,168,183,-12.7400675,24.771267,3385726,2,3,0.0,Q3002508
3441936,Derby du Merseyside,19,15.510204,0,134,74,-24.749102,-7.9236484,3441936,4,7,792.2023809523805,Q726186
3446185,Brooke Burke,11,11.836735,185,97,239,-15.240683,-22.071875,3446185,2,2,768.5,Q439927
3447238,Julien Coupat,17,15.510204,0,168,183,24.992956,-2.3867407,3447238,4,3,781.0,Q784833
3477679,Fichier des personnes recherchées,3,11.836735,54,124,233,11.751961,7.3732195,3477679,2,10,0.0,Q3071374
3503516,Nathalie Arthaud,17,13.67347,0,168,183,14.453437,16.39797,3503516,3,3,781.0,Q439490
3552921,Miss Normandie,0,96.32653,235,94,0,24.141684,18.98106,3552921,48,4,239.08194220036933,Q3316573
3568527,Pedro (football),10,15.510204,253,0,107,20.886108,14.025963,3568527,4,6,3115.0,Q179773
3590616,Pepper Potts,13,11.836735,0,164,49,-0.3455608,-7.2594295,3590616,2,9,781.0,Q936542
3625919,Carole Franck,5,15.510204,193,77,88,-0.19742252,-12.903484,3625919,4,5,7745.5,Q1044296
3626927,El Fardou Ben Nabouhane,4,13.67347,175,95,13,9.033336,-9.983448,3626927,3,15,1.9999999999999998,Q3049854
3633355,Cléo (chanteuse),15,10.0,152,129,0,-10.9384985,-20.27282,3633355,1,0,0.0,Q2980750
3639701,Dušan Tadić,19,11.836735,0,134,74,-3.4541435,-24.457819,3639701,2,7,0.0,Q713895
3643751,Pascal Dupraz,16,11.836735,0,157,116,11.869497,13.756039,3643751,2,14,781.0,Q3367394
3661324,Max Brooks,13,11.836735,0,164,49,6.331254,-12.946052,3661324,2,9,0.0,Q28170
3661987,World War Z,13,15.510204,0,164,49,-1.0484022,9.296553,3661987,4,9,46.333333333333265,Q28172
3710365,Quercy Blanc,18,11.836735,0,160,220,-5.305885,7.411538,3710365,2,17,0.0,Q3377476
3721670,Josephine Chaplin,5,11.836735,193,77,88,-7.5371666,5.0806265,3721670,2,5,781.0,Q461259
3758651,Échappées belles,14,10.0,0,126,172,-4.425528,-22.196377,3758651,1,0,0.0,Q3577405
3771150,Brice Couturier,3,15.510204,54,124,233,-20.553286,9.539881,3771150,4,10,3702.2794248158784,Q2925084
3772340,Chevallier et Laspalès,14,11.836735,0,126,172,-23.330654,2.5404532,3772340,2,0,0.0,Q2963041
3774615,RCDE Stadium,10,10.0,253,0,107,16.450512,23.054468,3774615,1,6,0.0,Q473223
3807399,Dominique (chanson),8,10.0,60,163,0,-22.549242,-17.41385,3807399,1,13,0.0,Q1814600
3860147,Miss France 2003,0,88.97959,235,94,0,1.8851413,-2.4836342,3860147,44,4,52.8196838405477,Q3316477
3972766,Jean-Claude Gardin,5,10.0,193,77,88,8.141776,4.3920474,3972766,1,5,0.0,Q3164990
3973671,Pontivy,8,15.510204,60,163,0,2.1518428,-17.238977,3973671,4,0,55758.020537073244,Q55905
4032396,Éric Hazan,17,10.0,0,168,183,-18.068203,-2.9656365,4032396,1,3,0.0,Q288193
4045829,Discographie de Patrick Bruel,11,10.0,185,97,239,-22.363949,4.1589546,4045829,1,2,0.0,Q3030005
4051635,Indigènes de la République,17,10.0,0,168,183,-18.170284,4.5924964,4051635,1,3,0.0,Q3150477
4052037,Miss Bourgogne,0,35.714287,235,94,0,17.524866,-19.917503,4052037,15,4,0.05689102564102563,Q3316383
4052732,Miss Bretagne,0,87.14286,235,94,0,-5.1872854,-5.2692256,4052732,43,4,3.836659725280447,Q3316385
4057844,Miss Lorraine,0,87.14286,235,94,0,12.163677,21.186441,4057844,43,4,3.836659725280447,Q3316535
4063547,Andy Delort,16,11.836735,0,157,116,2.5978963,-7.6488056,4063547,2,14,781.0,Q2070917
4063990,Agnès Souret,0,92.65306,235,94,0,-0.5768565,-11.107274,4063990,46,4,104.46266751536605,Q2827015
4065660,"Grand Canyon (film, 1991)",5,13.67347,193,77,88,-14.752078,-2.419037,4065660,3,5,781.0,Q1542548
4141093,Mohamed Sakhr El Materi,17,11.836735,0,168,183,-0.7429671,-21.34336,4141093,2,3,781.0,Q3318790
4150028,Milieu marseillais,5,17.34694,193,77,88,1.9984264,-24.29721,4150028,5,5,2575.0309566250744,Q3314159
4177195,"Maréchal, nous voilà !",14,10.0,0,126,172,19.812159,-18.070368,4177195,1,0,0.0,Q690115
4181963,Wallerand de Saint-Just,17,10.0,0,168,183,-7.972168,18.323374,4181963,1,7,0.0,Q3565487
4185904,Miss Saint-Pierre-et-Miquelon,0,59.591835,235,94,0,7.7787714,20.684544,4185904,28,4,3.178327486183975,Q3316603
4185978,Miss Provence,0,63.26531,235,94,0,-24.777447,-3.5625267,4185978,30,4,617.5927345917388,Q3316595
4204551,Miss Tahiti,0,96.32653,235,94,0,10.025269,8.405085,4204551,48,4,421.834287077709,Q1119244
4204590,Miss Aquitaine,0,96.32653,235,94,0,2.6913474,-21.82629,4204590,48,4,239.08194220036933,Q3316370
4209581,Miss Alsace,0,88.97959,235,94,0,-14.620382,-7.1773357,4209581,44,4,27.280956189685288,Q3316361
4209664,Miss Picardie,0,92.65306,235,94,0,-12.835255,21.41648,4209664,46,4,151.9487189801779,Q3316589
4211433,Le Nom des gens,5,15.510204,193,77,88,2.9292336,-8.499625,4211433,4,5,2338.0,Q1195980
4214675,Miss Île-de-France,0,94.4898,235,94,0,21.409552,2.0546498,4214675,47,4,310.92346923089656,Q3316658
4217711,Miss Pays de la Loire,0,94.4898,235,94,0,-18.19081,5.835816,4217711,47,4,363.1293341820271,Q3316585
4224279,Ganso (football),12,13.67347,235,44,170,4.9246545,17.049555,4224279,3,6,3.4545454545454546,Q313835
4256183,Miss Franche-Comté,0,87.14286,235,94,0,-18.851578,23.358465,4256183,43,4,3.836659725280447,Q3316498
4256204,Miss Poitou-Charentes,0,87.14286,235,94,0,1.184587,-6.4265876,4256204,43,4,3.836659725280447,Q3316592
4284339,Miss Limousin,0,96.32653,235,94,0,-4.606848,-7.777513,4284339,48,4,311.3152681726955,Q3316529
4284372,Miss Rhône-Alpes,0,96.32653,235,94,0,-6.3021674,-23.253,4284372,48,4,961.543655971359,Q3316594
4293391,Miss Martinique,0,13.67347,235,94,0,19.016905,6.8235984,4293391,3,4,19.03784487169069,Q3316550
4297855,Miss Languedoc-Roussillon,0,90.81632,235,94,0,5.7348723,17.245129,4297855,45,4,860.4275688161702,Q3316526
4315786,Damien Abad,17,13.67347,0,168,183,-22.589098,-5.032722,4315786,3,7,6312.549836422512,Q966529
4326335,Radicalisation,3,17.34694,54,124,233,8.949731,-9.788039,4326335,5,10,2.6680708180708166,Q3416483
4360481,Soprano (rappeur),11,11.836735,185,97,239,1.7669088,8.512419,4360481,2,2,0.0,Q1372291
4439446,Gilles Simeoni,15,15.510204,152,129,0,13.345097,10.0375,4439446,4,0,1170.5,Q3106502
4481573,Facel Vega Facellia,9,11.836735,255,42,47,-15.767373,-23.316986,4481573,2,16,781.0,Q3064118
4482157,Plan Vigipirate,3,44.897957,54,124,233,9.965349,-11.3156805,4482157,20,10,1404.1940634911039,Q1400641
4545990,Marc Trévidic,3,13.67347,54,124,233,9.373447,-13.51005,4545990,3,10,0.0,Q3288446
4560403,Michel Leclerc (réalisateur),5,10.0,193,77,88,-14.938465,16.603197,4560403,1,5,0.0,Q3310148
4597518,Julien Derouault,15,10.0,152,129,0,-20.127602,9.981613,4597518,1,11,0.0,Q3189468
4628883,James Badge Dale,13,13.67347,0,164,49,-24.620222,21.18236,4628883,3,9,3112.0,Q451974
4705052,Justine Fraioli,14,10.0,0,126,172,4.731715,-12.258449,4705052,1,0,0.0,Q3190530
4705447,Gerardo Martino,12,19.183674,235,44,170,-3.6687727,-14.9654045,4705447,6,6,16877.846339796703,Q356773
4714906,Jan-Michael Vincent,8,10.0,60,163,0,13.996666,-10.846039,4714906,1,0,0.0,Q710128
4717652,Prisonniers du passé,8,10.0,60,163,0,21.714027,0.78113484,4717652,1,13,0.0,Q339425
4721354,Leïla Ben Ali,17,10.0,0,168,183,6.414594,20.391476,4721354,1,3,0.0,Q272559
4733956,Présidence de George H. W. Bush,1,50.40816,153,96,160,-9.994868,-8.164469,4733956,23,12,5959.743831168752,Q1719914
4756577,I Shot the Sheriff,3,10.0,54,124,233,-24.177608,-10.388081,4756577,1,10,0.0,Q499282
4758160,Liste des familles nobles du Rouergue,7,10.0,0,148,245,3.83712,17.739311,4758160,1,5,0.0,Q3249601
4758858,Miss Nord-Pas-de-Calais,0,98.16327,235,94,0,-12.729908,-10.964409,4758858,49,4,590.2573590227474,Q3316574
4764827,Peter Capaldi,13,11.836735,0,164,49,-10.5739975,17.161808,4764827,2,9,0.0,Q732661
4789159,César Azpilicueta,10,13.67347,253,0,107,-1.3201557,24.773264,4789159,3,6,4656.0,Q294806
4825521,Willy Rovelli,14,10.0,0,126,172,-24.866674,-5.4805646,4825521,1,0,0.0,Q3569176
4845327,Miss France 2011,0,88.97959,235,94,0,8.203168,2.3822608,4845327,44,4,9045.953568783996,Q3316495
4853978,Vincent Martinez,8,10.0,60,163,0,-5.806361,-6.1496015,4853978,1,0,0.0,Q3559739
4856370,Mireille Enos,13,15.510204,0,164,49,-1.4265584,-16.49615,4856370,4,9,39312.66666666667,Q28211
4877716,Anna Cabana,17,10.0,0,168,183,-14.866751,15.863257,4877716,1,3,0.0,Q2850470
4968447,Massacre de Dak Son,17,10.0,0,168,183,-24.82079,1.5539773,4968447,1,3,0.0,Q709365
5038777,Terrorisme islamiste,3,57.7551,54,124,233,24.83906,-24.96825,5038777,27,10,2870.7071258433593,Q847731
5062615,Incendie du 5-7,17,10.0,0,168,183,1.526056,12.650571,5062615,1,3,0.0,Q3149842
5063237,Martin XB-51,9,15.510204,255,42,47,20.547348,17.39255,5063237,4,16,1560.0,Q170142
5078920,Suzanne Iskandar,0,90.81632,235,94,0,-23.614325,16.661802,5078920,45,4,76.0105876670465,Q3505978
5078938,Roberte Cusey,0,85.30612,235,94,0,-21.354841,15.057208,5078938,42,4,0.022727272727272728,Q3436809
5099533,CSKA Moscou (football),19,11.836735,0,134,74,23.15625,-9.4312315,5099533,2,7,17.86898795648795,Q176371
5132067,Mie Hama,9,11.836735,255,42,47,3.8411899,1.5439645,5132067,2,16,0.0,Q449493
5156156,Miss France 2001,0,92.65306,235,94,0,16.247936,1.4335809,5156156,46,4,152.32711161808436,Q3316472
5156159,Miss France 2002,0,100.0,235,94,0,13.692708,-24.139622,5156159,50,4,1142.312181176858,Q3316473
5156162,Miss France 2004,0,98.16327,235,94,0,8.3071375,-23.83252,5156162,49,4,489.8739023088451,Q3316478
5156166,Miss France 2005,0,68.77551,235,94,0,-17.375793,15.810744,5156166,33,4,3.9401357351245774,Q3316479
5177647,Mariage du prince William et de Catherine Middleton,3,10.0,54,124,233,-6.5241113,9.270291,5177647,1,10,0.0,Q486814
5179930,René Olivier,7,10.0,0,148,245,-14.754233,-0.46355355,5179930,1,5,0.0,Q3426698
5261420,Saison 1 de Danse avec les stars,11,17.34694,185,97,239,18.252005,-2.6244898,5261420,5,2,4656.0,Q3465652
5271810,Miss France 2007,0,87.14286,235,94,0,-4.039901,-22.68952,5271810,43,4,1016.4523751835148,Q3316483
5271857,Max-Alain Gradel,19,10.0,0,134,74,24.01913,-6.904561,5271857,1,7,0.0,Q714036
5271859,Miss France 2010,0,98.16327,235,94,0,-21.036728,-12.032323,5271859,49,4,2149.747866748543,Q3316493
5271943,Miss France 2009,0,98.16327,235,94,0,-18.261328,23.874521,5271943,49,4,472.4145334152015,Q3316488
5277707,Nicolas Archambault,11,21.020409,185,97,239,17.400953,6.47332,5277707,7,2,1345.75,Q3340034
5300077,Guérini,5,11.836735,193,77,88,-3.3218956,-19.035301,5300077,2,5,0.0,Q1557713
5501887,OSIRIS-REx,9,13.67347,255,42,47,-24.398134,14.10333,5501887,3,16,1561.0,Q604428
5509060,Poteries (Strasbourg),15,17.34694,152,129,0,-16.294636,20.312342,5509060,5,11,0.25,Q3400005
5518838,Milan Borjan,4,13.67347,175,95,13,5.2318835,-13.396093,5518838,3,15,1.9999999999999998,Q1360904
5541087,Jérôme Pitorin,14,13.67347,0,126,172,7.4094105,12.306307,5541087,3,0,2339.0,Q3191029
5553003,Enzo Pérez,12,21.020409,235,44,170,20.268076,-13.263947,5553003,7,6,1234.0039754907275,Q926353
5553821,Lionel Vitrant,5,13.67347,193,77,88,-22.831568,-9.26358,5553821,3,5,112.85700134538256,Q3241961
5556106,Saison 2 de Danse avec les stars,11,21.020409,185,97,239,-10.677498,23.422865,5556106,7,2,1345.75,Q3468457
5571420,Luc Arbogast,15,10.0,152,129,0,24.72832,-0.9438694,5571420,1,11,0.0,Q2929801
5602327,Miss France 2008,0,98.16327,235,94,0,9.066631,-7.8706694,5602327,49,4,490.3739023088449,Q3316485
5602381,Miss France 2006,0,100.0,235,94,0,21.015314,0.9401021,5602381,50,4,2231.4121885378677,Q3316481
5626911,"Le Grand Soir (film, 2012)",5,10.0,193,77,88,-2.5236595,23.567055,5626911,1,5,0.0,Q2483156
5652381,World War Z (film),13,28.367348,0,164,49,-15.828531,3.6163824,5652381,11,9,25711.000000000007,Q28196
5756450,Le Chant des sirènes (album),11,10.0,185,97,239,-15.602937,-19.174913,5756450,1,2,0.0,Q3221012
5771533,Explosion de Deepwater Horizon,15,11.836735,152,129,0,-9.154476,-15.638364,5771533,2,11,781.0,Q3656148
5787291,Thierry Pech,3,11.836735,54,124,233,-24.794199,3.3483815,5787291,2,10,0.0,Q3524466
5792673,Miss France 1999,0,94.4898,235,94,0,2.8657625,-23.93991,5792673,47,4,162.66762041104403,Q3316471
5792677,Miss France 1998,0,96.32653,235,94,0,-8.494343,-15.144091,5792677,48,4,212.24786674853732,Q2410799
5884474,Taison,19,11.836735,0,134,74,2.4702187,12.839004,5884474,2,7,0.0,Q303108
5968489,Saison 3 de Danse avec les stars,11,19.183674,185,97,239,0.68579084,11.567827,5968489,6,2,0.0,Q3468701
5969137,Iron Man 3,13,13.67347,0,164,49,3.7114048,-11.694756,5969137,3,9,2339.0,Q209538
6007441,Officier supérieur,17,10.0,0,168,183,16.430185,-18.81866,6007441,1,3,0.0,Q16667852
6114062,Max Simeoni,15,11.836735,152,129,0,-2.0395157,22.889921,6114062,2,0,0.0,Q385264
6150986,Attentats de mars 2012 en France,3,54.081635,54,124,233,-14.1551,-11.432715,6150986,25,10,4461.13448478181,Q501717
6157143,François Molins,3,32.040817,54,124,233,-5.541066,-16.484697,6157143,13,10,818.1612715494815,Q3085387
6183114,Famille du Pont de Ligonnès,7,11.836735,0,148,245,-12.43004,-17.192703,6183114,2,5,781.0,Q3066122
6199443,Matthieu Orphelin,17,10.0,0,168,183,15.871025,-19.303158,6199443,1,3,0.0,Q30351663
6280759,Jetro Willems,19,10.0,0,134,74,18.819786,-1.2218254,6280759,1,7,0.0,Q296194
6293180,Jonas Martin,12,13.67347,235,44,170,19.873259,9.749326,6293180,3,14,5471.637857524684,Q2412107
6293582,Puren (1918-2015),6,15.510204,114,121,10,17.172764,4.0205145,6293582,4,1,0.6166666666666667,Q580249
6352907,Anthony et Joe Russo,13,10.0,0,164,49,-6.3306875,-21.03457,6352907,1,9,0.0,Q2853003
6368392,Jean-Marc Germain,17,10.0,0,168,183,-11.709093,-6.2508206,6368392,1,3,0.0,Q3167390
6372576,Valérie Rabault,17,13.67347,0,168,183,-4.686769,-22.442862,6372576,3,3,2339.0,Q3554304
6430710,Kepa Arrizabalaga,10,11.836735,253,0,107,-23.424604,-10.39073,6430710,2,6,0.0,Q3195361
6451739,Emre Can,12,10.0,235,44,170,-17.688885,0.81944746,6451739,1,6,0.0,Q27694
6487445,Jackson Martínez,12,10.0,235,44,170,21.753674,17.451193,6487445,1,6,0.0,Q356142
6532987,(101955) Bénou,9,10.0,255,42,47,19.844751,7.8717437,6532987,1,16,0.0,Q11558
6582529,Juan Fernando Quintero,12,24.693878,235,44,170,-21.343412,13.910983,6582529,9,6,53241.32587617867,Q2092409
6656818,Miss France 1987,0,92.65306,235,94,0,11.948579,17.745918,6656818,46,4,104.46266751536605,Q3316453
6683065,Miss France 1920,0,92.65306,235,94,0,-16.039469,20.833055,6683065,46,4,104.46266751536605,Q3316419
6685787,Geoffroy Didier,17,10.0,0,168,183,-3.1728008,-19.721916,6685787,1,3,0.0,Q3101123
6695575,Arkadiusz Milik,19,10.0,0,134,74,24.113726,1.1387728,6695575,1,7,0.0,Q137231
6727603,Pujie,6,15.510204,114,121,10,-8.762261,-11.440183,6727603,4,1,345.7333333333403,Q77895
6808720,Danse avec les stars,11,28.367348,185,97,239,-7.159153,8.495143,6808720,11,2,20768.89608579431,Q1660463
6870443,Wan Rong,6,17.34694,114,121,10,16.80793,-1.6732436,6870443,5,1,786.4999999999999,Q464563
6928902,Lulu femme nue (film),5,11.836735,193,77,88,-1.7692149,11.974245,6928902,2,5,0.0,Q16661555
7032055,Audiences de la télévision française,4,15.510204,175,95,13,9.28603,-13.774193,7032055,4,15,11768.98267674903,Q16626521
7061993,Cherif (série télévisée),14,13.67347,0,126,172,2.2263381,-18.635908,7061993,3,0,1561.0,Q10934130
7083172,"Raphaël Guerreiro (football, 1993)",19,10.0,0,134,74,-19.664648,-24.204603,7083172,1,7,0.0,Q4241680
7093907,Hinarani de Longeaux,0,13.67347,235,94,0,0.5713364,17.385101,7093907,3,4,0.0,Q1532647
7185264,Affaire Clément Méric,17,13.67347,0,168,183,18.237972,-20.765263,7185264,3,3,1560.0,Q13420661
7219208,Miss France 2014,0,100.0,235,94,0,18.682308,-21.633778,7219208,50,4,7321.922259112239,Q15288033
7267538,Daniella Kertesz,13,13.67347,0,164,49,9.397855,-0.38674217,7267538,3,9,0.6666666666666666,Q6580510
7275740,Leah Ayres,5,10.0,193,77,88,-1.6644281,-9.566728,7275740,1,5,0.0,Q273740
7300157,Saison 4 de Danse avec les stars,11,22.857143,185,97,239,19.385666,11.923601,7300157,8,2,2911.25,Q14827808
7306444,Divock Origi,19,11.836735,0,134,74,9.432796,5.40407,7306444,2,7,10.83333333333333,Q4254043
7311626,Elyes Gabel,13,11.836735,0,164,49,13.98414,-11.942194,7311626,2,9,0.0,Q5368467
7510658,Kenny Lala,12,11.836735,235,44,170,2.5174243,-15.638008,7510658,2,14,0.0,Q129175
7530965,Damien Le Tallec,4,10.0,175,95,13,5.1513643,-24.989632,7530965,1,15,0.0,Q702085
7711543,Inondation de Vaison-la-Romaine en septembre 1992,7,10.0,0,148,245,-18.163885,-2.7967048,7711543,1,5,0.0,Q16010610
7787423,Monument à la République,17,10.0,0,168,183,-10.540241,5.7836046,7787423,1,3,0.0,Q15057808
7811460,Luigi Radice,12,10.0,235,44,170,2.476242,7.7516336,7811460,1,6,0.0,Q1280931
7817885,Maximiliano Urruti,10,11.836735,253,0,107,11.615873,-18.97245,7817885,2,6,6192.0,Q3853122
7822817,Dans la cour,5,11.836735,193,77,88,17.17352,-8.634877,7822817,2,5,777.0,Q16546105
7840484,Ennio Fantastichini,13,11.836735,0,164,49,-24.665108,15.721453,7840484,2,9,781.0,Q555190
7848053,Gods of Egypt,8,10.0,60,163,0,4.7737594,-9.563713,7848053,1,0,0.0,Q15972938
7886930,Noah Klieger,14,13.67347,0,126,172,22.180817,0.84989417,7886930,3,0,30049.899333193443,Q12409804
7941246,Julien Rochedy,17,11.836735,0,168,183,14.295498,5.3148656,7941246,2,7,0.0,Q16855047
8020962,Saison 5 de Danse avec les stars,11,21.020409,185,97,239,22.444553,18.044481,8020962,7,2,1345.75,Q17177000
8036484,Marcel de Graaff,17,10.0,0,168,183,-12.402003,22.495045,8036484,1,7,0.0,Q2003427
8067569,Pedro Henrique (football),19,11.836735,0,134,74,19.08487,-22.422413,8067569,2,7,0.0,Q7159635
8174825,Olympiakos (football),19,15.510204,0,134,74,8.334342,-10.236365,8174825,4,7,381.97936507936316,Q19628
8204379,Simone Zaza,12,10.0,235,44,170,-17.68756,6.1621428,8204379,1,6,0.0,Q3961288
8256162,Samuel Prescott Bush,1,28.367348,153,96,160,1.5448014,15.876054,8256162,11,12,0.5357142857142857,Q1376227
8317022,François Kamano,16,11.836735,0,157,116,9.209194,-13.332962,8317022,2,14,0.0,Q17386145
8318604,Thomas Guénolé,17,22.857143,0,168,183,15.354004,11.542397,8318604,8,3,18462.63088357246,Q18398335
8497309,Marlène Schiappa,17,15.510204,0,168,183,1.7101837,4.35649,8497309,4,3,1223.194200069636,Q20807844
8555967,Reginald Johnston,6,11.836735,114,121,10,-19.633377,-19.744267,8555967,2,1,1.3333333333333333,Q557192
8592374,Ruben Loftus-Cheek,10,10.0,253,0,107,7.9419913,12.901341,8592374,1,6,0.0,Q18616995
8615226,Juliette Méadel,3,21.020409,54,124,233,19.554874,10.713015,8615226,7,10,1568.8837662337658,Q19629275
8653223,Attentat du train Strasbourg-Paris,3,11.836735,54,124,233,-12.146763,-10.132097,8653223,2,10,0.0,Q18720652
8657258,Amedy Coulibaly,3,33.87755,54,124,233,1.3934901,-1.299554,8657258,14,10,1088.1939634379298,Q18745068
8657917,Chérif et Saïd Kouachi,3,22.857143,54,124,233,2.8193896,5.541101,8657917,8,10,1.1676767676767676,Q18745613
8658659,Attentats de janvier 2015 en France,3,54.081635,54,124,233,23.250927,7.312775,8658659,25,10,12410.484295302003,Q18748338
8663143,Zineb El Rhazoui,3,10.0,54,124,233,3.7194796,-22.18381,8663143,1,10,0.0,Q18844221
8761740,Josef Martínez Mencia,12,17.34694,235,44,170,-18.732964,-23.499392,8761740,5,6,2364.2555611055604,Q2072675
8762523,Opération Sentinelle,3,43.061226,54,124,233,-8.994663,-19.414894,8762523,19,10,934.4326269419832,Q19359012
8794381,Boulevard Voltaire (site web),17,10.0,0,168,183,19.341223,13.797584,8794381,1,3,0.0,Q19606821
8960220,Mystère à la Tour Eiffel,8,10.0,60,163,0,11.851773,23.970175,8960220,1,0,0.0,Q19721362
9059449,Coupe du monde des clubs de la FIFA 2016,12,10.0,235,44,170,-16.84073,6.73159,9059449,1,6,0.0,Q16839196
9082068,Darío Benedetto,12,28.367348,235,44,170,16.301992,5.7659655,9082068,11,6,2614.7004559828833,Q5799498
9192760,Dorothy Walker Bush,1,26.530613,153,96,160,24.8798,-5.183764,9192760,10,12,0.0,Q4100648
9283625,Julie Fuchs,15,13.67347,152,129,0,15.458035,17.674765,9283625,3,11,2337.5,Q19818660
9313089,Finale de la Coupe des clubs champions européens 1990-1991,4,15.510204,175,95,13,-24.314913,22.068466,9313089,4,15,157.190476190476,Q597541
9390393,Ginger Romàn,14,10.0,0,126,172,14.452722,-0.68021053,9390393,1,0,0.0,Q20898522
9404275,Mouvement Gülen,3,10.0,54,124,233,11.994381,-23.734621,9404275,1,10,0.0,Q988694
9414271,Le Grand Partage,8,17.34694,60,163,0,20.764172,-3.847806,9414271,5,0,775.5,Q21009141
9466298,Mercedes-Benz Stadium,12,13.67347,235,44,170,13.055804,12.590001,9466298,3,6,7720.0,Q7007552
9502299,Jonathan Ikoné,12,10.0,235,44,170,-23.351002,15.415778,9502299,1,14,0.0,Q20666686
9505619,Discographie de Soprano,11,11.836735,185,97,239,-16.895052,17.686867,9505619,2,2,0.0,Q22249313
9564894,Chronologie des attentats en France en 2015,3,39.387756,54,124,233,-18.230043,4.528382,9564894,17,10,95.07611136261583,Q28494217
9570177,Attentats du 13 novembre 2015 en France,3,70.61224,54,124,233,-15.934806,3.3011477,9570177,34,10,118928.58919304515,Q21479779
9575599,Abdelhamid Abaaoud,3,21.020409,54,124,233,13.525795,8.320476,9575599,7,10,0.7174825174825175,Q21499517
9582456,Opération policière du 18 novembre 2015 à Saint-Denis,3,28.367348,54,124,233,-13.381092,12.234569,9582456,11,10,692.4439978452003,Q21506282
9594123,Fiche S,3,39.387756,54,124,233,-19.666758,-12.49789,9594123,17,10,3282.123631575287,Q20859572
9625559,Lucas Pratto,12,24.693878,235,44,170,18.682148,-20.55829,9625559,9,6,6631.122269873798,Q1845684
9648868,Pia Wurtzbach,0,10.0,235,94,0,-8.119064,-15.5258875,9648868,1,4,0.0,Q19405355
9829063,Saîf-Eddine Khaoui,12,10.0,235,44,170,-19.614845,-2.1665003,9829063,1,6,0.0,Q17580135
9832511,Copa Libertadores 2017,12,21.020409,235,44,170,-9.428304,22.922224,9832511,7,6,65.40168886243053,Q21879433
9841645,Thomas Dietrich,3,10.0,54,124,233,-6.5500107,-5.412269,9841645,1,10,0.0,Q23055066
9857259,Saison 7 de Danse avec les stars,11,19.183674,185,97,239,-3.6346397,-23.431717,9857259,6,2,0.0,Q24930897
9862776,Júnior Moraes,19,13.67347,0,134,74,-21.991575,-17.40455,9862776,3,7,1560.0,Q2529972
9888502,Attentats du 22 mars 2016 à Bruxelles,3,43.061226,54,124,233,-16.85636,-18.80639,9888502,19,10,1031.5577757565234,Q23365300
9892337,"Deepwater (film, 2016)",15,10.0,152,129,0,-19.235428,-6.5015006,9892337,1,11,0.0,Q19877874
9941279,Draft 2016 de la NFL,2,11.836735,0,134,135,-6.5188313,-15.85224,9941279,2,8,0.0,Q19870887
9985202,Akiko Wakabayashi,9,11.836735,255,42,47,-0.8754619,-17.784199,9985202,2,16,0.0,Q271861
9990953,Atlanta United Football Club,12,22.857143,235,44,170,8.147958,-23.881493,9990953,8,6,5907.624963924965,Q16836317
10063494,Saison 2016-2017 du Racing Club de Strasbourg Alsace,12,10.0,235,44,170,-15.7076645,-3.4699826,10063494,1,14,0.0,Q24938366
10071182,Jonathan Maidana,12,21.020409,235,44,170,4.6265464,21.138842,10071182,7,6,19871.781671229368,Q2287577
10090752,Charlotte Namura,16,10.0,0,157,116,-9.758543,-23.056786,10090752,1,14,0.0,Q24939771
10139284,France Info (offre globale),4,13.67347,175,95,13,-22.710606,2.3594656,10139284,3,15,1561.0,Q26722834
10143362,Attentat du 14 juillet 2016 à Nice,3,61.428574,54,124,233,8.367766,16.236769,10143362,29,10,4473.2103524534605,Q25893254
10145942,Amaq,3,13.67347,54,124,233,20.330513,-16.998337,10145942,3,10,0.0,Q24609008
10152717,Skread,11,11.836735,185,97,239,-22.349028,0.4882292,10152717,2,2,781.0,Q3486380
10263435,Chronologie des actes terroristes en France,3,43.061226,54,124,233,-10.271297,-15.300856,10263435,19,10,6842.822558807128,Q3518866
10295212,Ismaïla Sarr,19,15.510204,0,134,74,-13.020918,11.58856,10295212,4,7,380.5722222222197,Q26924482
10325448,Ligue Europa 2017-2018,19,43.061226,0,134,74,22.999054,17.873373,10325448,19,7,14758.37085243795,Q22976888
10396166,André Onana,19,13.67347,0,134,74,-1.0115275,-1.8525243,10396166,3,7,388.2777777777778,Q19116103
10514135,Attentat du 19 décembre 2016 à Berlin,3,32.040817,54,124,233,17.130302,-20.000036,10514135,13,10,819.1697220277658,Q28036573
10523339,Wílmar Barrios,12,10.0,235,44,170,15.508893,-8.7782345,10523339,1,6,0.0,Q19661792
10583378,Détournement du vol Paris-Nice du 18 octobre 1973,14,11.836735,0,126,172,8.783935,17.571056,10583378,2,0,2199.9081267390425,Q28496348
10588922,Aboubakar Kamara,19,10.0,0,134,74,21.123655,8.507581,10588922,1,7,0.0,Q18206847
10603715,La Mélodie,5,10.0,193,77,88,-8.915983,-12.135639,10603715,1,5,0.0,Q46082771
10606886,Rodrigo Bentancur,12,13.67347,235,44,170,-23.522255,-18.029432,10606886,3,6,781.0,Q18817134
10627416,Malcolm Mitchell,2,11.836735,0,134,135,21.656185,-3.4272637,10627416,2,8,0.0,Q24007152
10715777,Juan Arbelaez,11,13.67347,185,97,239,-7.310677,2.2360008,10715777,3,2,9234.944570642752,Q36695510
10719679,Kai Havertz,19,10.0,0,134,74,5.8495407,21.460066,10719679,1,7,0.0,Q27310755
10724877,"Garde alternée (film, 2017)",8,13.67347,60,163,0,15.274937,22.027199,10724877,3,0,0.0,Q30742369
10725789,Chronologie des attentats en France en 2017,3,41.22449,54,124,233,-20.975573,1.2382951,10725789,18,10,1891.065378833229,Q30738529
10774419,Yvan Benedetti,17,11.836735,0,168,183,-4.082467,14.484143,10774419,2,3,0.0,Q29225872
10819331,Manuel Bompard,17,15.510204,0,168,183,20.845892,-14.718855,10819331,4,3,10776.0,Q29575749
10844740,Observatoire du journalisme,3,10.0,54,124,233,-14.120842,11.365032,10844740,1,10,0.0,Q30739724
10851158,Sibeth Ndiaye,17,17.34694,0,168,183,-7.5028834,23.688492,10851158,5,3,1938.4679393420602,Q29867485
10856745,Brillantissime,5,10.0,193,77,88,20.113081,24.994106,10856745,1,5,0.0,Q30739829
10874016,Boris Vallaud,17,10.0,0,168,183,-0.43386054,-21.053741,10874016,1,3,0.0,Q29021094
10879454,Coupe de France de football 2017-2018,8,11.836735,60,163,0,-8.378038,-17.093395,10879454,2,0,781.0,Q30306812
10892242,Gonzalo Nicolás Martínez,12,17.34694,235,44,170,18.668787,23.520456,10892242,5,6,77.16961094461094,Q5883075
10921856,Sylvain Maillard,17,11.836735,0,168,183,-16.998898,11.430303,10921856,2,3,781.0000000000001,Q30239185
10934476,Ludovic Pajot,17,11.836735,0,168,183,22.905777,-13.785087,10934476,2,7,0.0,Q30337171
10934863,Mathilde Panot,4,10.0,175,95,13,20.65587,-16.16372,10934863,1,15,0.0,Q30343128
10936163,Yaël Braun-Pivet,17,11.836735,0,168,183,-16.211065,-8.647397,10936163,2,3,2192.2118777056194,Q30339422
10936276,Joachim Son-Forget,4,10.0,175,95,13,11.82466,4.698857,10936276,1,15,0.0,Q30343074
10937317,Florian Bachelier,17,10.0,0,168,183,-4.6343184,22.799871,10937317,1,3,0.0,Q30344462
10939680,Christelle Dubos,17,15.510204,0,168,183,13.327237,10.25826,10939680,4,3,1872.6262726753941,Q30458608
10940048,Bruno Studer,15,11.836735,152,129,0,-18.324179,16.980335,10940048,2,11,0.0,Q30538517
10943525,Nassira El Moaddem,3,10.0,54,124,233,-2.3797987,-18.816895,10943525,1,10,0.0,Q30729443
10975347,Cédric O,17,13.67347,0,168,183,3.1105957,4.1160927,10975347,3,3,1500.870211038968,Q33103571
10989707,Élise Fajgeles,17,11.836735,0,168,183,-17.18038,18.935665,10989707,2,3,1462.445211038969,Q33104483
11028260,Aurore Kichenin,0,10.0,235,94,0,-19.575247,4.5517163,11028260,1,4,0.0,Q35165544
11106659,Abdelhak Nouri,19,10.0,0,134,74,5.091839,-20.678385,11106659,1,7,0.0,Q19655019
11144374,Attaque par arme blanche à la gare Saint-Charles de Marseille,3,46.734695,54,124,233,-19.144236,-17.027014,11144374,21,10,1334.0550699323012,Q41526731
11145040,Ferdinand (film),8,10.0,60,163,0,-9.755436,-10.534543,11145040,1,13,0.0,Q18740903
11176117,Christelle Morançais,15,10.0,152,129,0,-12.345442,22.027254,11176117,1,0,0.0,Q42072121
11204169,75e cérémonie des Golden Globes,8,15.510204,60,163,0,-19.768635,14.337345,11204169,4,13,781.0,Q43228264
11320014,Statistiques et records de la Copa Libertadores,12,19.183674,235,44,170,-6.1390634,-21.067568,11320014,6,6,5439.4195779615975,Q18475189
11338286,Major League Soccer 2018,12,19.183674,235,44,170,-14.373295,11.320309,11338286,6,6,10910.591955266958,Q42530846
11344486,Accident de Millas,3,10.0,54,124,233,20.001534,17.09476,11344486,1,10,0.0,Q45757847
11373015,Kevin Mbabu,19,13.67347,0,134,74,-19.084734,15.091015,11373015,3,7,0.0,Q6396879
11407099,Terrorisme en France en 2018,3,37.55102,54,124,233,-8.072543,23.134071,11407099,16,10,17194.852776357075,Q48757391
11410491,Terrorisme en 2018,3,19.183674,54,124,233,14.958044,-6.909219,11410491,6,10,1115.7442830729005,Q47414698
11539086,Berywam,19,11.836735,0,134,74,16.337915,-0.051193003,11539086,2,14,781.0,Q51140260
11560346,Rivalités dans le football à Londres,19,13.67347,0,134,74,-19.020063,11.395822,11560346,3,7,33.94047619047619,Q2354483
11580208,Attaques du 23 mars 2018 à Carcassonne et Trèbes,3,48.57143,54,124,233,1.2562376,17.964382,11580208,22,10,664.5280820408099,Q50842170
11699138,Attaque du 12 mai 2018 à Paris,3,46.734695,54,124,233,24.677473,2.3675115,11699138,21,10,17533.47192051318,Q53282087
11727428,Cristian Pavón,12,19.183674,235,44,170,-5.541227,-18.041393,11727428,6,6,480.86221420192135,Q16553648
11727670,Franco Armani,12,19.183674,235,44,170,-5.4907055,7.944952,11727670,6,6,563.249213585983,Q5484508
11745180,Nahitan Nández,12,11.836735,235,44,170,-14.428189,24.80879,11745180,2,6,0.0,Q17308148
11840078,Djibril Sow,19,13.67347,0,134,74,24.021978,8.427914,11840078,3,7,0.0,Q27995699
11870690,Charlotte Girard,17,13.67347,0,168,183,-21.041145,19.52893,11870690,3,3,28423.78088357234,Q42420251
11990247,Phase de groupes de la Ligue Europa 2018-2019,19,24.693878,0,134,74,-17.802515,-18.425873,11990247,9,7,11505.687021240903,Q54152458
12077073,Alan McNicoll,17,19.183674,0,168,183,-14.910265,-14.262117,12077073,6,3,5442.0,Q15430604
12105602,Rémy Heitz,3,10.0,54,124,233,-9.097564,-15.175156,12105602,1,10,0.0,Q33111773
12112559,Copa Libertadores 2019,12,19.183674,235,44,170,18.079481,16.212503,12112559,6,6,49.310273060273055,Q48835677
12117667,Saison 13 de La France a un incroyable talent,19,10.0,0,134,74,-1.3646325,12.432355,12117667,1,14,0.0,Q60163414
12134636,76e cérémonie des Golden Globes,8,13.67347,60,163,0,20.180996,20.777498,12134636,3,13,0.0,Q59185606
12168750,Carla Ginola,11,10.0,185,97,239,15.469733,14.714406,12168750,1,2,0.0,Q58469055
12179047,Paul Niedermann,14,11.836735,0,126,172,-7.3885303,-23.731552,12179047,2,0,0.0,Q2061486
12232191,Raphaël de Casabianca (animateur),14,10.0,0,126,172,-9.658266,11.35134,12232191,1,0,0.0,Q60835047
12247415,Julien Stéphan,19,13.67347,0,134,74,-1.1060786,9.026848,12247415,3,7,378.65555555555295,Q59390957
